K54LZNRU5LURC77ZH;2019;483459;B;2023-05-03;db5cbf03-6c2d-4537-a6c4-792926a9f4b8
GEZDVN4W5DN93LJHV;2021;377808;B;2023-10-22;6644972f-363b-4b4e-865e-07c825b86759
YBW4FNTD1SG67U479;1993;811819;B;2023-02-20;edd17023-029d-4e59-9544-9c57c0882a95
ZV75LJVE1XHPWRG0L;2005;324798;B;2023-03-18;650d1e79-9fc6-477b-975a-424d1c77b4fe
8KPH306X55W84G6A0;2000;537469;B;2023-01-07;c69020bc-34cb-4b56-978b-37bafd448251
7VRTZWDH9JKZ194KD;2022;141203;B;2023-08-13;bfa036b2-d553-49a2-a0a4-2d209c44c500
Z8HKZZMY06YN4DXAR;1996;696814;B;2023-02-17;6b1cda0c-26eb-4bf5-9da6-3911ae4c2c81
MY00ZABH3FW9LSKXE;1989;563729;B;2023-01-04;fe7376bc-b3ee-4209-93e3-a9d884535296
W6MDVVT48LMLD1AP0;1996;796127;B;2023-09-17;73c8e65b-5f1e-47c0-8348-0eed8cd3007c
85GTT3BF6WY2F9VN6;2021;253160;B;2023-05-21;c731562d-09e0-4c17-ab2b-a189f4dc0c65
VE06CHKM7F4FKGXN0;2015;652004;B;2023-05-06;5a97a6e9-9c4d-48df-b0fb-a17c8dc8609c
42FP2CN760FTBDGCL;2008;789895;B;2023-05-02;18f58c02-45cf-4325-8638-bdc7478f16e3
V97MYS1V2EGWL2M31;2012;66657;B;2023-09-21;fd1e4fc6-297d-4611-bcd5-cdac2b1e792f
5D674TDZ7SMR3BAD3;1975;563081;B;2023-04-23;7c7a45ec-0393-4e36-a53c-5ab44eacba66
2YZTKEY983Z2B0ACZ;2017;108493;B;2023-04-08;ec30386a-ff5f-41f9-a927-1c228e2398c3
UE6FVZG29WRXFF3CC;2014;876649;B;2023-07-09;18b9f685-6815-4e6c-a268-872fde08af21
GEPEFRGT6DHY9Z6GP;2017;186979;B;2023-03-23;203c2b30-ec3c-492d-b236-bf7428131a9d
X5UA5ZUAXVYT00UVY;2002;954044;B;2023-01-29;3c23d50f-a9a7-4dd3-bb1a-d235fb730efc
HA60LATV0U1REYVET;2021;660558;B;2023-10-07;d8d041d1-a848-479f-82d6-7b7095a87df5
S8AJDMGP9RME4P8C3;2011;233453;B;2023-02-09;47c7e75a-d49f-4e8d-8bfc-04b2306e759f
4SZ29NKL04F2CCJFB;2008;187539;B;2023-05-14;25cedd8f-1b13-4b66-8655-c83da49d79b9
WFLYAHMW4W8J42X80;2021;406209;B;2023-10-21;3c14246e-2bb5-4b11-9687-0ea86356f046
FAK8KXKT4BKX60CJ4;2001;55466;B;2023-01-13;5731f7cc-8bdb-4800-88b7-a18fb0ef1ca8
MPJSFGHW0LZXZU837;2015;880208;B;2023-03-10;159a8804-e248-440b-af7f-e43cf3e96f1d
C40XKBSW03JP3R25C;2002;924004;B;2023-07-23;d88e2225-3aa1-442f-86ff-e5c682158e48
7NGXNC9K6HHDN7A59;2021;639820;B;2023-01-28;07c15ba9-6201-4bd6-8479-0fdf82540233
2WBC4LLH5LLDD16KW;2010;958866;B;2023-05-20;ac733425-96e0-4995-905c-64dba1def217
25TKVR6C5APUTFULW;1992;966640;B;2023-08-08;823ad582-a1ff-4ab3-80dc-281d3659aac6
FE5RE3L73WU1AF97H;2016;29498;B;2023-08-19;f2d37636-b800-4c8b-b7ab-efd9dfcbfc71
BSCBZ11Z5SH8758EK;2010;877170;B;2023-02-23;4e620770-ee29-4658-8482-6fe01deef504
06CCPBBE3RHA4SV4Z;2020;776787;B;2023-06-08;68834aa6-c1c4-44f3-9912-54c20e5ab76f
KJE0N6YE7KCK0T8EZ;1999;959534;B;2023-05-23;b617ca19-a3af-4d65-a2f4-c692584b17ed
NDS64AEX02CFKXC6B;1988;786777;B;2023-06-20;c944dae3-aaab-43f6-bcfd-215c8fc9b1b3
9E61V0Y37F1YTFFHU;1987;521562;B;2023-07-24;0361c071-6a6d-4fc2-8991-b14997c55849
YERBUCM01EJN7PXBJ;2001;453522;B;2023-10-23;9c662f8d-a4ce-465d-a3f0-a1f1074c3bda
2MZ4W7G4XN63Y7EK5;1999;404941;B;2023-06-30;4abefe61-a69e-433b-bf68-fe24929176a3
G66MS2UG22N7SFNH7;2023;301049;B;2023-05-08;a619b3dc-2daf-48e9-8085-a4af64330667
LLWKW08975WWX3D0R;1999;359762;B;2023-05-24;96a029a9-855b-4f9a-8720-038bf2aa005e
S9KU306S619LXXUA8;2011;231537;B;2023-08-23;67606c18-3eda-4a78-9908-8a7e9b99391f
0R4S31RH2HJHLWCUJ;2023;985340;B;2023-07-22;2dcf8c91-c111-4b79-b43f-63f4ccd7491a
64GC2ZY6970X8Z9T5;2023;268515;B;2023-03-28;4f98afc6-22e9-496d-820e-db4167cf303d
7SVWSAY30Y38H9GMF;2019;259683;B;2023-01-06;322c02f7-d181-4cba-8617-b78718a8fd19
TTE4BVN2X7GD3M477;2016;536480;B;2023-03-12;76d8a5e1-0e53-481b-8916-b22c28f488e5
946EREBL5VD3G71KG;2019;212058;B;2023-02-24;f9faacb9-3534-40a0-b477-425523903e8c
U3YVVNMS0DT6AHV0T;2014;453667;B;2023-10-03;99144740-a8a3-4879-85c9-5f8590b125c5
W6KAGM5F0VHKHMHKH;2023;254482;B;2023-07-23;6293cb02-bf50-4371-a336-7b88c7772a9a
5XB33M0J9SF9E2X0X;2013;62301;B;2023-07-27;0161fc2c-f71b-4e27-8128-b6cd3ccf76ce
HHNKRU3E24TJKGBHN;1989;777439;B;2023-04-10;8b59c050-4c5f-499b-a34c-d47f61621239
E1HW3L5B1WKX5AKR5;1995;809820;B;2023-03-10;1fb46439-fb79-4248-a6d6-7edda213e2ea
S56VZTYJ5FGME6VVZ;2018;665321;B;2023-10-06;563d6878-5242-46db-a20b-01f2ac194861
956D3NGL6M4SYPEDK;2022;375333;B;2023-05-13;55a7a05d-fda2-46fe-9dd2-65c8d37895bf
D0PP1X8YXLYPNBNV8;2012;106169;B;2023-08-29;c0a11992-aeb6-4a30-aabf-2789351e2254
JAZGVL0J8C987RVJ9;2015;214601;B;2023-09-09;e86228f4-0ad6-421e-bbe6-e3582356e671
N4MB75HE1PU93NJ7S;1990;714855;B;2023-07-19;e6c132b8-2ad3-4011-b7eb-3e03ebabf374
4KHXW0349276HPVKX;2012;473584;B;2023-10-21;4e455ee9-0ca4-49f9-a4b2-875a5a440b8a
JYZZ6XHW84YB4SZBR;2017;689433;B;2023-06-07;4e96dd15-e5cb-4f66-a08d-869ffe04af9b
5J8VYKBF1W3KFWBB7;2007;478609;B;2023-03-03;42d36171-ed9b-47c1-a848-70b36eac12c1
VAP7A97U341YKRE01;2018;478963;B;2023-03-18;e9b9c007-8406-4e3c-97ef-d8dd46ed5e82
0VV2A5JH7Z0VHETRN;2021;335951;B;2023-03-26;ae3af638-c9ac-4b52-98fa-083f72d4915b
7ESWBJ1B82S25FHEL;2000;22926;B;2023-07-09;135bab60-7104-44ad-81d6-2736fb5aae13
PJ9SPWLT5943FDMCV;2012;101713;B;2023-01-23;f9bff38f-ac81-427c-ad03-b3bb938cbab0
1BGJ90FM7GFV2UT2C;2004;871231;B;2023-03-04;18f58c02-45cf-4325-8638-bdc7478f16e3
9D88CMF223209LE45;2019;921208;B;2023-04-15;3080144c-0c41-4f6f-982f-b906c9fe18ff
MJEFK0S2XRAXFM8GC;2022;785704;B;2023-05-15;947b66b2-d183-4d0c-bb8a-a78efe1f0219
E735WT732N9SH7RMB;2014;648550;B;2023-05-10;dc79d6bd-5d1f-4e5a-8b39-f3276b7bc442
4A6RUBAL4THAFLD17;2020;107779;B;2023-02-19;984318f7-c1a4-4506-8548-07739a13f104
GBGGZ13ZXZ40JM26X;1995;24754;B;2023-01-02;8bca3b60-32dc-4d77-93be-7d129e549e25
GGXFZAH02H65ELBAE;2010;476285;B;2023-07-10;e79a4ee4-cbea-4874-b5f2-f91206f26678
F5ANRHHE0E2TX0XWD;2018;290585;B;2023-09-21;34ab95f2-0d3c-4911-9a23-f787c26b8eee
SBJKV0XC8ABVMH1SL;1990;498987;B;2023-09-14;7dd4d425-044a-47b5-b7c2-fbfd64929b91
JM699Z3B6HZ2Y9RA8;2018;421424;B;2023-06-24;dfa159ed-fa00-494d-9e4d-e64d665e72b1
LLYZMPB2XUCP2A6DW;1993;284075;B;2023-10-07;aea1987b-8aaa-4e2a-a16a-54c99531ec5d
2G8TG0E28CVX69XAW;1997;541531;B;2023-01-07;98a3189d-9072-4d26-aa5f-5c719240baff
29VH89JMXZLC3WPFJ;2017;490211;B;2023-05-09;8d56f5f3-6569-45c3-b03d-876715306762
8BY9F8SF354J447MG;2006;17942;B;2023-09-28;c014fbdb-ea68-444e-88ce-a7916777053c
SEED9KKL9W7ZGZU1B;2013;364603;B;2023-07-14;fc52f12b-46ab-4903-bd5b-095ee6970064
HCCXC4665LE2ESSHX;2012;393918;B;2023-07-18;de161d23-2430-4bac-8aad-3e1f505cafc2
8EME0ER33WCT0G44S;2021;389535;B;2023-06-04;ae08c0d5-b9fc-4a94-ab4b-9ccd5040702e
L57AE2R91R7PDXGNW;2018;71048;B;2023-09-25;a4f36fe6-b3aa-4e1e-ad53-c24ef9fe3694
FAJ25JXM4K9AEBR15;1996;544608;B;2023-09-04;823ad582-a1ff-4ab3-80dc-281d3659aac6
U33S1BDNX6VBKLRVY;2017;253911;B;2023-04-21;b9a41e62-350a-448c-8020-bd4d9847865b
B6R03WNK2XTT2N5A7;2016;238000;B;2023-05-12;94a19dc3-3fd1-432c-aad2-dff6f1824c44
DP7UEVD29X2F6B6ZX;2000;438930;B;2023-03-30;15d42698-ad76-41ff-b3b1-2fd7edf06896
UZSN462V5X8YDES8H;2014;374082;B;2023-08-18;c15d22e3-2cee-449a-b04a-ebe87e3d682d
GYEE8HZ6075RU9BVA;2022;418021;B;2023-03-13;de168462-280c-41c6-b299-f504bbd34885
B5R4DZ9P197GP1KLW;1998;503160;B;2023-05-26;4469298a-ed35-40ed-8944-695f90fa96c2
LKUB0PBV1CL7D8S7J;2001;337359;B;2023-07-27;feb873bf-9bfd-4838-918c-7078bd716c92
3DUVTSK38ZLENVM1S;2011;530038;B;2023-04-27;5b2de8b0-8201-4f43-8c55-2e3a813f734a
WWK5SZ8B7X15AYAUB;2010;546794;B;2023-05-24;64249504-68ad-48ea-8811-470a022500dd
843SYP1E5WDG8APWM;2005;437699;B;2023-08-22;d23a4cf5-a954-4395-adf5-bf0b46229b39
J8GHH3EH3L61K660R;1997;735892;B;2023-10-23;86fa3324-fdce-4a08-983f-ff3321dcb1be
YHUG926U6S71SZUVK;2017;48905;B;2023-07-26;82e745e9-c2c2-4728-a1af-ade7251b6aea
4LG4DWA79LNVW1JDP;2022;646596;B;2023-08-20;0300b109-1b41-4b7c-9173-9ed8058bcf84
CEEBM27F20AD1JF3J;2014;699980;B;2023-09-03;59073e97-caf4-4000-8cc5-945bc2c91609
DK23TKD95JCAVBUEJ;1992;964582;B;2023-08-16;5e0d6f5d-2aca-42d0-aa5f-78f3bda7e73a
2A6WBSWZ9AUHBHNEY;2022;418968;B;2023-10-15;bb281a0c-dc8c-4d5e-bdd9-4bd12ad8fb32
P28ZUM441EYV92VXU;1995;704707;B;2023-07-17;c014fbdb-ea68-444e-88ce-a7916777053c
TR56ZB1087MXXGNBN;2023;761886;B;2023-01-18;731ac3ef-4c14-45a0-9711-8bc295b2d968
C6XP9S4S2TAM9E4BE;2004;359196;B;2023-06-04;3d45a13c-8a80-4f4c-ae76-1f3c0b7bc3bf
5513NWTE6J1E9482K;2023;758196;B;2023-09-11;8a16c6b2-d5ff-4f98-ae5e-6b82d5712be8
KPSW9WNDX1CUDGM81;2006;544953;B;2023-02-08;117c1592-d411-40d0-9f12-c6933a33c83d
MDGGU51U90T6T4SA7;1999;467743;B;2023-04-24;203c2b30-ec3c-492d-b236-bf7428131a9d
9K0PS7WB6ZCTUMPW2;2017;682905;B;2023-02-23;8a9bc773-0eba-48a6-9ca6-c3feda59d706
TCWRVP098PXKLSMBU;2009;762677;B;2023-07-24;8d56f5f3-6569-45c3-b03d-876715306762
NVMDA7Y904KPGV6R2;2021;260367;B;2023-04-20;cf009f5d-6ea9-4314-8c50-11275f41e343
J0TCF86BXBZDLH09Y;2022;235086;B;2023-08-01;405f95b3-5d20-452e-b6f8-8285faf2e98a
27B0TSJ7X9J4U5W5F;2014;265177;B;2023-03-08;510b8592-619e-4d33-ba7c-0b619eb72a67
E58P1TU28FSZ38E7C;2011;288886;B;2023-07-14;4921793b-c085-4d50-801c-017d32e1b6d3
GVNGVPND0458TZHBB;2015;81309;B;2023-01-22;b6241634-3389-4dc7-bd53-218d69ab89ec
66HWDLHL5E9P6CTWG;1998;181349;B;2023-05-02;997fe044-98dc-41c3-8983-ddc49903ea7b
3D6P047509GB7DG00;2004;299567;B;2023-03-14;8b5e0580-736d-4ab5-81e8-acbc2d1c744d
UJMD8K2L2XMLYHGS8;2006;462089;B;2023-02-01;823ad582-a1ff-4ab3-80dc-281d3659aac6
2YHXZYYB1050FP5FU;2015;742331;B;2023-09-04;093ad6d0-2a01-46d5-8945-f214578a5d59
30Z5KTPA4FZMRKKFW;2018;503011;B;2023-04-24;203c2b30-ec3c-492d-b236-bf7428131a9d
081ZFG3P8GLUAJ7L1;1994;301094;B;2023-02-27;5a39631e-fa21-4326-a96e-ce5ec23b5c3a
X37HEBBL5KTT4CCUW;2023;280271;B;2023-03-23;beea0f0f-0714-44c0-9d6a-dd0941d46248
1WZZ64TT61HFXK2YB;2018;368152;B;2023-10-27;d535bac0-b1fa-4e4a-b570-c039ab5c2dba
1BL8AVDK13F4KH557;2004;571807;B;2023-07-04;f3b2676e-3c36-4d7a-b5ed-4ee26791511b
9SSWVALY3ZFDNWKKU;2006;15788;B;2023-05-01;03b95fcf-b3cd-4072-a441-2718eedf1c17
BD6TMZVT45US86L52;2009;224980;B;2023-09-03;d602c532-260e-4124-9670-b9792868b4a8
EX050ULA5L06FT8KJ;1987;219350;B;2023-05-01;2964509c-5620-4c0e-9327-422d50852450
BJ2K8BCY7YBC214AW;2022;147816;B;2023-06-22;fd9a9fa3-ab4c-4506-9566-7e05edae21b8
B8ZFZRWX39EV8GYUJ;1991;516760;B;2023-04-22;4851a3f5-3ba2-47c5-8676-77b4ae052166
U3W5VMSR66AD9VNLM;2021;800929;B;2023-08-22;2dcf8c91-c111-4b79-b43f-63f4ccd7491a
Y0C52GH60J233KP2V;2010;940923;B;2023-08-12;5a6824f1-da2e-476a-a1f5-172b9a7fa9f7
6MWUN9SD9J51XJM2J;2010;394230;B;2023-01-20;ada6e960-0c99-484a-8f85-90f1f34ad53a
BFFGT62J1L0A25N71;1996;862947;B;2023-04-17;1f937fc4-de4d-4959-abc7-3a9b721c1d08
XB6A2YCP5NKE7UZL6;1990;772679;B;2023-05-04;65e2c073-5217-42c3-ae8d-aa455af98f81
KNY7W2663H5Y79FD2;2005;207471;B;2023-01-13;de9367ee-e13c-4d7c-815a-a2eb7f0ae10f
Z0DDHS3E37N4MM4YZ;2005;258934;B;2023-09-04;fc5ceb8e-d3ca-44e2-b3fd-6ed2f26dc905
LH54J01V0S30E99BZ;2023;992288;B;2023-07-16;a619b3dc-2daf-48e9-8085-a4af64330667
WBF8PM5DXKDW1DB9X;2023;341677;B;2023-01-18;57492dc4-961d-4f3e-901e-66e383eb37b3
CDPA04U06Z86MD1H1;1997;39921;B;2023-08-23;659db98c-a095-40a6-87ab-ff16ca74ec8c
2J7ALJ3H6P0J6NEEN;1987;465253;B;2023-09-16;d1522797-1f9e-460c-94bd-80d1250e956c
3U8VZSEH0A1VLNH9Z;2013;266238;B;2023-04-20;2d4dbb57-9b8b-40d0-bf9c-d6a40680c081
HWHCYEPF4UXC5LM1E;1994;617859;B;2023-05-08;91435c05-9e0f-4ff0-b067-728c15880a61
DAMEP7BN418SRNGY1;2001;624901;B;2023-05-17;4d0ba70d-d60b-42d4-9d39-37c8cea5badf
JSZKVZ4X9CCPGA413;2023;34997;B;2023-06-11;ace72630-0762-43e0-903c-2258b328fae3
UBC31TW89M8VPP9TD;2019;921763;B;2023-06-23;6fd2ffd1-7e6b-4aeb-b78b-1caa86b0316c
BU2RM8269MCY201JN;2023;954501;B;2023-03-28;408bf949-a691-4cc0-bfe1-62b24d8cb3b2
Y7W6UA1Z3TEPUU7UD;1998;660373;B;2023-03-28;5400acc6-dc3f-426e-97bc-af5a2ee38ead
EF1TUKC062MJKV8WC;1977;927384;B;2023-08-02;f213fcef-ebd1-4873-9e00-10f70faca9a5
4P0R0GEY2DXCPJUEG;1975;386446;B;2023-04-21;d1522797-1f9e-460c-94bd-80d1250e956c
41CVGXPR29Z044NGJ;2023;964687;B;2023-01-02;b2701946-4379-4acb-ad8c-42ffcc409cb4
6RZEVS2N66ZUJ67BR;2023;436818;B;2023-05-10;069e30d7-efbb-491e-b3d1-e69eb127290a
8HT5MVH20G8EB4HB0;1982;844651;B;2023-10-26;fc5ceb8e-d3ca-44e2-b3fd-6ed2f26dc905
V23480WB8NBYLJV9C;1994;531952;B;2023-08-26;7daeccbb-cb2f-4cdc-b50f-b8a58e80e348
J0L8WXDT9C4VV72P1;2019;84237;B;2023-10-20;4b9af80a-8c87-4bb3-a646-2291b9c40f6a
7APGUSZG2PEFX2HP4;1990;216675;B;2023-08-10;0adbc77b-8485-4a99-9e57-690f354cd729
K0XXGV1B00NDRXRFH;2023;693624;B;2023-04-13;0921b71e-536e-4c02-836a-3f78e1cc8066
KTNUA0PW88BYBC56M;2013;67554;B;2023-01-14;fd8c3cbc-abc0-4aeb-be9b-b190d8860bbb
VET03YAX3KV8M39XE;2023;8449;B;2023-05-18;e89804d8-1146-4398-b9c2-a3b77e3f510b
NM24HYGJ0PDHR91DY;2023;611762;B;2023-01-03;5db86882-b88d-4593-bc1a-9f4f9359fb60
3G5UFB311822RBEVH;2014;158856;B;2023-08-05;83076c42-3a3f-43cf-9f11-fd80202b484b
367Z0M8V9B32NDJJ3;2023;620807;B;2023-04-18;94113086-7d76-4ded-9c96-ccc8f8ee8803
9PGGKZC12DR2WZUA2;1984;60411;B;2023-10-22;c19b6e51-8855-4c28-be17-23869795c9e6
7626MECY5Z2N81ZCA;2013;758647;B;2023-01-26;78a33745-0389-4fdb-a543-71dcb19234dd
JK8T967V39CAPXSNT;2017;888568;B;2023-06-01;ed3c7c26-ac20-4688-acdd-84775cdeb514
0SMBVABU22U4SBNY9;2007;879530;B;2023-09-29;f9a0e22d-a708-4d84-8d05-d6592abea04b
93954XX24CS2G7W53;2022;616947;B;2023-03-23;ce314dfe-fbb0-4b85-80d2-b3e54ec7e134
7DNAVY8G8UHND8KX2;2000;810440;B;2023-01-30;de1130b5-8075-4ac2-967d-9fc0de212f43
9670F10Y312L7DNVK;2022;979388;B;2023-01-15;f61e7de8-6b71-494d-a8cd-70f3838a8c63
PBY8D55F9D1ASM00U;1990;912205;B;2023-05-06;6b5b18f2-2f65-46e3-80d4-67203964372d
YGDH2U8D4K98GAUZE;1980;304720;B;2023-06-18;e74b9c45-2a03-41ca-bbf8-f782ace6adfb
VWYE7MJM7XYHTSM25;2016;884303;B;2023-03-27;e72fbfb3-54c8-4e3e-844f-a6d53275a2bb
TX5R1BD85JNM9MLP2;2013;513430;B;2023-04-08;d1da69c0-6c4e-422c-b722-ae658c5c3bff
EFLXBSHE3F5DFWAK4;2021;857232;B;2023-09-14;cd13e6aa-2fd6-4407-ba8b-c21f9ecd007a
YZG755319RKN91GJH;2001;842724;B;2023-10-04;a3de5bc8-7e2b-42ec-b6ff-65e4b34b2cd9
NHD2P8FR4U95478WR;2019;357819;B;2023-03-08;669db2dd-1f12-4570-a3e0-e6d5f2922aad
875Y0W3L6EJA8Y1FC;2001;734970;B;2023-03-15;3d45a13c-8a80-4f4c-ae76-1f3c0b7bc3bf
1NRHS4C53ZMCSKCVP;2021;41673;B;2023-04-22;05e88d97-0d77-4343-a64a-e327e215926f
VMRKMHXY6ZR8RGW99;1977;561954;B;2023-06-17;799553a3-4cb6-4d77-b0af-a9ed0e5e5409
GHK2E5SW908WK04CR;1991;814821;B;2023-08-10;5f46272d-eaeb-4012-b509-5fdf72354171
1ZEE6NKT6EYP1YX47;2018;28479;B;2023-02-10;8f012d5f-c929-4342-9539-7c6c24ae8cf0
NR0PPHLD1FL09NM9H;1991;149018;B;2023-04-18;c569210f-50cd-44b3-9384-6f75cb7eed9f
91B7ZPFP7TU3RV1FF;1980;818909;B;2023-09-08;f5c4176e-0269-4b4b-95dd-d66621f47e53
NX4MN17X2UP55A9UG;2009;388489;B;2023-03-10;322c02f7-d181-4cba-8617-b78718a8fd19
FATGAUZKX71639PRA;2017;83782;B;2023-10-25;5877cb3d-227b-412e-a978-d3d6ae472cda
ET0NH1VD1E6KFU2TJ;1971;680940;B;2023-03-27;6238e405-e475-4182-9fb6-796fc510956d
K0RV8VJU7N8J7ZHZW;2021;968709;B;2023-04-05;ad3ab6a7-8b3d-4b62-9368-74d2a57164ee
M4NSL1HZ0LRP4TXHJ;2010;267332;B;2023-10-06;31dbb536-fe86-41a3-9b64-ae0a0877e876
AT9VEABU0MHKPBDF5;2019;487504;B;2023-03-17;35fe30c4-f790-4f91-88d6-51ec43b54613
9AJC3LY28JY623KZK;2008;645237;B;2023-08-09;e3894209-20d5-4265-b419-46e3e4422d6f
SSSK3DTK9HWBEK6RW;2010;611687;B;2023-10-07;ada5e912-b0e8-4229-a3bd-fe1716a95f5d
U9A21SAKX9M5JYMDD;2016;872953;B;2023-09-10;24194de0-2b2f-43b4-a2f8-56da70ea8b7e
9AXFXE0V19E83R7TU;2021;536345;B;2023-04-21;5732431f-76f7-4b91-bd06-da164fa3f8ac
5LL4LAZD13GA4MRME;2021;708604;B;2023-05-15;bd1c5614-966b-4c86-ac83-7a6df7ea9c6d
ZHJBUT6C2GNEBG550;1999;84897;B;2023-08-23;c1add2fc-fc52-4086-ac5c-3ba667ca8821
P1A444039PA0FC1B8;2022;454980;B;2023-07-16;91844ab1-9444-4e3a-8387-a38fc95d688d
296D0H346FVG1T36G;2022;617925;B;2023-09-16;58bf7079-0c75-4bb3-b29c-56949755ac31
ZV3KT1Y01BCJEPV2G;1992;359719;B;2023-09-24;feb873bf-9bfd-4838-918c-7078bd716c92
CKMULE562CTXJG281;1989;221357;B;2023-03-31;7ea30154-eb20-41ce-b11f-7a5de25b46dc
50DGJ9D32EC1L55Y6;2007;666700;B;2023-02-26;89b54922-685d-463b-a52e-9f7d94f8dce6
SWKNS5131191MZ8B4;2010;544509;B;2023-01-19;e09fbb1e-6b53-4d9a-8c76-45f2d5023581
RCGXBBZE3U0RZB1M6;2002;359311;B;2023-01-25;206313d5-a1ff-4ac6-9db5-3fdd55cf865e
ZM6EBXSAX1WB0CNN2;2019;648603;B;2023-03-30;03ed0431-8dba-4eb5-9849-2e31adef01bb
PDJWNA2V6KSAX4CP7;2020;552957;B;2023-09-18;ea2a5311-fd4d-419a-a6a0-7e97381ad454
Z35SS9AD5ZRK90JEC;1996;822965;B;2023-05-12;8f012d5f-c929-4342-9539-7c6c24ae8cf0
41FRP78B0H0V5CH9A;1994;94437;B;2023-07-04;3e7fb2f4-14f1-4469-9da1-07ee9252ae63
CAAVWE8D3Y0KH1CYF;2012;358191;B;2023-02-07;6a32e032-ab4a-4ca2-8fb7-e716254a9f0e
8MUVE2RN1HJC6366W;1976;402564;B;2023-07-22;9a09398f-d194-4847-8b94-b6290502ec71
0FG13TV36SVKS8J5N;1989;318766;B;2023-10-12;e3efccbf-8d8f-4ef0-aa01-e2d7b5e8f4c4
ZMSHXVF39U5KPNRU9;2023;305805;B;2023-07-02;6293cb02-bf50-4371-a336-7b88c7772a9a
FHZ6MSPY7E120NA7K;2022;215086;B;2023-03-03;2a9c4882-293a-487e-b716-6799c19b3afb
C2YTB14Y3V7SHXS1W;2014;458332;B;2023-10-27;93bc1943-4dae-411a-b006-f640ac3060da
WU86AXJS1UDNMYW2V;1996;162723;B;2023-07-13;2731339c-48df-45f6-ba96-10b45ee74769
7WYH6Y2B4PP4R6H59;2023;529143;B;2023-07-06;c31ee0fc-936e-4c7f-ba5b-c464857ef676
1W6BF3NC9N8GTSA94;2022;583106;B;2023-02-26;a55cfd2e-b4bd-417b-87e7-84f08e5b95f9
TBATS3BM5TCMLHJNS;2003;705185;B;2023-01-14;35ccf41c-3fb3-4f02-b88b-a71bb9b4659a
F8D07NKS47523GBMB;2010;206493;B;2023-09-08;1136f7ce-568c-43ff-bcb1-fa08bf44e312
3HMHGER22J6MZXTKP;2023;535979;B;2023-09-19;315889a7-cd4f-4735-879f-e36d7cb92564
AFHXWNC5734XFDLNC;2015;170123;B;2023-04-07;ac9b1ceb-90e3-46ba-b04c-86a526ced998
Y6DXV9R84M3PLLFXA;2009;808175;B;2023-06-06;30809e6d-49c9-48ae-a01e-d565af180166
3HLGF69E9W2L695TY;2003;660289;B;2023-01-04;ba784405-d523-46e0-9b83-feba564816d7
RRZ45RYM8J5K0EBYH;1999;110596;B;2023-03-25;8bca3b60-32dc-4d77-93be-7d129e549e25
M0YWCR6696UMYLRZE;2004;114841;B;2023-07-25;aea1987b-8aaa-4e2a-a16a-54c99531ec5d
ZR76MH1V8NERYGBEY;2005;553508;B;2023-10-28;0c1ae35a-c259-42dd-a106-90d9812eac7f
HYJVKUYA2L076EX7B;2022;806206;B;2023-07-03;9be5ae7e-a3b7-4002-a04a-0e94b24be4e3
LDAP16DT3H2RHASHE;2018;189623;B;2023-10-06;ff61bdb8-26be-48ed-b05c-e921745ec2c5
YYV5BE6X29KK59XKU;2016;904218;B;2023-02-28;f619e313-53d4-40d5-90cf-6d800685a73f
C4NE5VAB237D02V5F;2006;619757;B;2023-06-11;3e7fb2f4-14f1-4469-9da1-07ee9252ae63
ACJFYLF47RYEXK40M;1981;569202;B;2023-07-06;95397ec6-a3e8-480c-ba11-160867780805
2W4N094X2WXSHWC25;2010;788614;B;2023-04-04;ec1ec630-3da1-424f-80e7-d92277bb8da0
0WBFVPC11EKGBP7XL;2019;86887;B;2023-05-29;cc442ef8-6528-42f9-8257-9ec67aafa3a2
MRBUVDLW11RANJ6PK;2005;700468;B;2023-01-11;c0a11992-aeb6-4a30-aabf-2789351e2254
9HL042Z887LJYLCZD;2023;821253;B;2023-09-03;b81a6559-e5db-44e2-ad5b-caa5a926a166
SE5U7A6V28JDYCGTZ;2015;499529;B;2023-08-12;47c7e75a-d49f-4e8d-8bfc-04b2306e759f
XDP0GCFG0W5ASFMHW;2005;368461;B;2023-08-20;b94ba7b6-07ec-4b0f-823e-931b33d9a278
JK6ZAXJZ76HR2SDLN;2014;368422;B;2023-04-12;331f367a-ba0c-4d58-9e7d-f6ea8cff8ddc
MDJVPR4U48LMG9CGL;2023;322793;B;2023-08-27;f619e313-53d4-40d5-90cf-6d800685a73f
FJYLLCRW5NZ7PX73X;2013;779595;B;2023-10-18;b8846d63-a00d-4ae3-9a0a-40f7a123cbb1
S27EES9YXA8B48VTY;2018;658941;B;2023-01-14;908da644-8a54-4a16-ac41-c7787e996027
2TC05J2MXYRCF4Y1L;1980;950103;B;2023-07-20;2b27a47f-fde9-4df5-98f1-48ee6dd41bd3
UJZT5LMD6VZSRWSP3;1993;150101;B;2023-08-18;fd8880c5-0a7e-45b8-9bc6-ef308f6a162c
FZ8WXVYB0SLY8K0Y7;1996;449276;B;2023-08-05;3673a9e7-c681-4f45-97f2-3664746e1eca
SN4XGYUC04CM9PJF4;2015;76214;B;2023-09-19;bf548dca-f96b-449a-aedb-eb957366d6a4
WGAP3CZR8X8T0K9A3;2017;895685;B;2023-06-24;4921793b-c085-4d50-801c-017d32e1b6d3
DLZWN7HZ1U5E2L8D4;2013;354646;B;2023-03-13;b30fa1fc-ed94-4fdf-80ee-44d101ef6d33
G711PUMH6E4TGHR35;2023;896447;B;2023-07-02;a2970f24-9e54-4a12-b8cb-b106fbba0374
BVA4EB8S87B4PUWWV;2021;569827;B;2023-04-06;9603a1db-2925-45de-af5c-2b0dbfa74b78
BG8LACHB25JYA6UJJ;1979;261782;B;2023-08-08;f5fa5369-02fc-4be0-9c4f-69d759eba9aa
8SWT8M1R97HVSKGHX;2016;238170;B;2023-02-19;c53f4c9a-6a31-497a-a5ef-1ff66f1802ce
133ZB3TB13K3YX3WU;2023;400686;B;2023-08-13;5033e47e-9368-4aca-9607-63874f83b753
WEB95YHN3A5JZNKWE;2021;608536;B;2023-05-28;51be859a-b061-4b72-ab9b-0a5abd9feeb5
H4CBFN0R9KF3RH2XF;2009;510086;B;2023-01-13;bfa036b2-d553-49a2-a0a4-2d209c44c500
RYRF58XP00VG8B3UL;2021;64647;B;2023-06-03;07c15ba9-6201-4bd6-8479-0fdf82540233
5KT8G82U1ULTDH8FY;2009;136293;B;2023-10-25;897fd268-3411-445d-81b8-b4e5457748da
8A3USVWA9NZG1U2PM;2023;336566;B;2023-02-12;2ae11fa6-2c38-4244-9c95-d794b6146425
G84B8TRT0CEP84ZXD;2014;494700;B;2023-04-20;eb71e184-114a-430a-beda-79f224c99f22
9NC2EHBF1L5DTJT3S;2002;369352;B;2023-06-09;5f46272d-eaeb-4012-b509-5fdf72354171
V2NERAZGXA7863EK8;2020;407008;B;2023-01-07;ba7b33e4-e98f-410b-8ddd-822957560f4e
V307PFL9XKR23GHFH;1995;724461;B;2023-07-06;2874f494-eef8-412e-a4cd-8c1def31cd11
RL2EES5ZX96NYRNT9;2016;962845;B;2023-02-13;bb90b87e-be7f-4f50-addd-1406731880ef
8SJF1GM5422JS5M1Z;1994;494795;B;2023-07-23;1c0b0755-95cb-4454-a0cb-df6158cdec4d
U7LKLJXL30Z4JM762;2021;509442;B;2023-05-22;cc12e171-af23-4432-9d57-152657fe43ac
UU74RPJK7NG7MSF08;1991;365305;B;2023-05-31;3fa902cd-688a-4d61-81df-0772eeeb1f52
Y9XPAJEV519KWHWKL;2020;147291;B;2023-10-02;03ed0431-8dba-4eb5-9849-2e31adef01bb
8GCUA0W9X6CT5M87A;2007;288307;B;2023-08-26;2be47884-912b-46d8-b569-87135286ab36
6G4UFGNR90ETCMYWX;2004;333949;B;2023-08-04;4469298a-ed35-40ed-8944-695f90fa96c2
APKESBAG1RLDVEGKT;2015;755247;B;2023-10-16;dbcc037e-8d2b-4407-a2d0-b75823803407
PVJJBC2F0LVLYDANH;2017;213460;B;2023-05-14;ecd3fec8-9ba2-4848-b844-fa2a8eaafec8
X7BEA0LE61DKKNCMZ;1996;415933;B;2023-04-16;419796d7-4956-446b-9134-9ace8028a336
UWAY12HE44YZ3TNVC;2022;13331;B;2023-04-19;7a044732-19fc-43a5-8d35-5cc88164a2b2
CCNXXNWC6PGH47CV6;2017;420042;B;2023-03-01;cec7617d-bd25-4246-a733-758bdece0430
3W8U9E2E8K7L0HTU3;2022;187093;B;2023-07-16;43f1357c-bbc9-4e4f-9c4a-02bf40ac6db8
P3ZBLP0688DJAVV5K;2021;778995;B;2023-09-15;ae3af638-c9ac-4b52-98fa-083f72d4915b
RYP9E8PZXJ0BSPF9E;2004;719473;B;2023-02-13;f5c4176e-0269-4b4b-95dd-d66621f47e53
XDKHCAT598GM69MFB;2021;78487;B;2023-04-01;0300b109-1b41-4b7c-9173-9ed8058bcf84
742GWD8C4A6H57TYL;2020;61645;B;2023-06-16;4e455ee9-0ca4-49f9-a4b2-875a5a440b8a
06JWCF530CHCCX1WC;2022;476116;B;2023-08-02;c5a2de58-ef1b-48fe-99fc-7e6babfd227d
1ZHYF48R33G43KE56;2001;407232;B;2023-05-18;9335a0ae-8f03-40d3-859a-ece28e4c8979
9W9M9B1B9EHXBRYAJ;2007;221484;B;2023-08-05;5e021a8f-f0ff-48a8-b0ab-3e157c0eae09
HW5R81ED1MTE08U2Z;2022;37619;B;2023-05-18;cab12e94-e9ea-40d3-bbc2-bcdfddc785ac
7CV7WRSP6FBKEVMZU;2020;779900;B;2023-01-11;6105aeeb-2e4c-49d7-98f7-63e0e9031af1
A88YRWRG702L0KBJZ;1981;959807;B;2023-10-18;1d0bde3e-c39f-4c01-8ea4-3df305b2e3f0
ANRXM7R43H3112VGW;2011;185456;B;2023-08-24;e50a4812-ffee-4218-86c7-1d1cfbabf331
9E9CR8NE7P5WUEDS6;2007;110750;B;2023-01-08;6bde0a14-1397-483f-95b1-19275fcbc219
4VKBZT83485EU6DVN;1980;888983;B;2023-06-14;e04fa0cf-9027-45ba-b058-7e689147113d
XK6ZCPF12X49HLE9F;2009;37407;B;2023-01-05;cb07c0ff-8078-48c0-9bf3-36d27c0908e4
CKG7WDN8XTLPKXGHE;2023;414483;B;2023-01-06;cea943c0-889b-44eb-b1e6-ee1adb689f08
LE37KG759PP7WJ7AB;2018;229553;B;2023-09-27;37f7d2a2-8d35-4683-b1d5-a6aee1bfe720
V35N9GGW50LH4E251;2003;350511;B;2023-10-14;43221cf6-ae14-47a5-91e8-05e5490b5f90
WZU1Z23J9271BGCR9;2022;513313;B;2023-02-05;4dc2fe79-705c-49ef-bf2d-8c5c77ea58cd
ZMFH70PA1BUNEJ171;2021;283858;B;2023-03-19;ba61fc18-e18c-4b18-87ad-bc8d50cd8136
WR3PY0JG9HTD6J08X;2019;776215;B;2023-05-12;5a7ff971-56d4-4c4e-bd52-af02f313b9a2
AA05E30PXN49AFB6V;2021;386257;B;2023-09-11;cda64d04-c0b0-4fe7-9234-f34f5a0f586a
7L3LGCSA0GFX80SM9;1987;319593;B;2023-09-28;f1c2790d-0c23-4bcc-aaa8-623a08e8cd69
PL7GRAXC09X3HYCBH;2022;728450;B;2023-07-26;6293cb02-bf50-4371-a336-7b88c7772a9a
RSP95ZGFXDARSW2FG;1993;958180;B;2023-05-27;8f012d5f-c929-4342-9539-7c6c24ae8cf0
WYWKSRNP6HDFJ37BA;1999;853771;B;2023-03-05;bc6bc656-2bd1-4b95-9a0e-03f3af681735
1GXRV2CU9AXEDZSR9;2021;272875;B;2023-06-07;2661741f-0a79-4059-b19a-1f59c131c537
AMLRN6P5XHGBLJDSR;1993;867738;B;2023-03-16;5d8aa050-b37f-4dc2-9059-7f74cb6fc7ab
NMCNBTL499THFLYK7;2022;538504;B;2023-09-30;c8217f97-6cdb-4bc1-8f5e-18331f929bb8
UBVFYP5987CYAZCD2;2021;851559;B;2023-09-05;942146aa-7916-4423-9d4b-acb958239346
5SZPTBWW6ELYTBB4Z;2015;274171;B;2023-06-27;37b2dc90-16d7-46b3-829c-85584c013a6c
KV7YJA7C8YGVG5LUE;2007;994481;B;2023-06-19;4dc2fe79-705c-49ef-bf2d-8c5c77ea58cd
FZJCDC2AXWWTF3129;2017;5694;B;2023-03-07;99aca653-cd25-4037-a883-b615c94590a3
5BAT7ALJ6ZSBK899E;2021;356873;B;2023-05-20;f4c35850-ab21-487d-857c-c083d860b797
3VTX30PP3PKXKLKN1;2019;529728;B;2023-04-20;e191e39f-a7a6-4a28-a301-ab5b01a8954d
YAWKZ1S54UESUXB7W;2023;937734;B;2023-07-13;262ce92b-9e8c-4658-8163-f04d66dfba0f
2C7PS6KP9Z115PCA2;2016;610888;B;2023-04-05;aac02261-f499-41f6-a846-3fa35e27791c
7518AY6W2AB17GLAK;2022;695622;B;2023-10-03;ad3ab6a7-8b3d-4b62-9368-74d2a57164ee
PT0L8JK018AMF5DRV;2002;256252;B;2023-05-01;04a60dc5-393e-41d7-8f37-9433d85ceb12
4LHUDL8Z2DGVTXNB3;2009;222421;B;2023-04-13;ac9011f0-b67d-4a63-a429-05b111fa95c4
R89Y66KW5G47YYDVM;2021;323484;B;2023-04-12;5033e47e-9368-4aca-9607-63874f83b753
J9GE1WVV6MJUYT99C;2022;254337;B;2023-02-04;df397b1a-1690-49ef-ba26-326dccff47e8
ZV86PXKX25TT4JYT9;2023;189498;B;2023-01-20;405f95b3-5d20-452e-b6f8-8285faf2e98a
BJXAWXZ4651PNS974;2022;923662;B;2023-03-22;eb4a3763-2eb5-4c80-8b33-d7898ea0be1e
UNNMS4JZ548H8DZG6;2019;205046;B;2023-08-05;5d4d10da-655e-413d-afa8-2237556d57e2
AVKSAGVN2YWB3AF23;2022;317458;B;2023-01-05;42f38d8f-5922-408b-9fdd-2bd92df087de
B1JJ0ZV017J3A9BLF;2009;428440;B;2023-01-30;8a65c562-d499-4f39-9ea8-a92185635b16
08NJKG7L2BUSLKYM5;2009;293281;B;2023-01-09;98a3189d-9072-4d26-aa5f-5c719240baff
TU1RPLC4XWBA3E0FH;2022;114512;B;2023-04-02;bc0be880-ea1c-46b9-8818-3a9b6226058f
EEWK2PG49JXHB5D7L;2023;438262;B;2023-07-07;d57d62af-27f8-41a3-8866-1af216fdc92a
ZD595U7T72RXPHTNX;2023;194271;B;2023-02-19;a53b8949-c81a-432b-8c6a-4419dfa36c1d
1FS7U6HF2TS1MKC9J;2015;501724;B;2023-05-23;9952d5eb-daa8-42df-8132-0f89823c9618
CAWPWWNB2S2J1XL92;2023;339902;B;2023-01-14;c8f8bd4c-bf1f-4fd5-ba64-4aceec6e2d70
XTNPVHP44ZK5FZ564;1981;779936;B;2023-06-27;de1130b5-8075-4ac2-967d-9fc0de212f43
TB3HMXSV6AFDL0NN0;1998;531366;B;2023-06-06;40fffe05-b3e3-4bcf-9848-cdf47b6e9fad
VUT7AEPM86D1EBPBV;2018;325510;B;2023-10-16;add9e5da-e7c3-43d3-a1db-72b1643d4ccc
Z7ZFKC3B5E5E78CGC;2020;224323;B;2023-03-08;03e8988c-e1c1-465a-a162-c7d9a9dd9396
C0GRX1085ESGL3WED;2015;493583;B;2023-09-20;419796d7-4956-446b-9134-9ace8028a336
E2KWN2LS64USDBMRR;2015;281156;B;2023-07-01;cda64d04-c0b0-4fe7-9234-f34f5a0f586a
5PM1US397CJKCLPAN;2006;352581;B;2023-08-11;f984eecc-c412-45fd-be35-d7e8a0b2c789
GS8Y9H9R5BPS8MRUP;2021;408322;B;2023-06-10;f9fe95e9-dd23-417d-ba2c-561138b29070
TMVV3AWG8X4H3Y0TS;2019;969546;B;2023-08-07;7b225036-fe0e-4e45-bc8a-f26ffad7ab84
DGC1031X2ATM9PUBM;2019;554704;B;2023-05-01;823ad582-a1ff-4ab3-80dc-281d3659aac6
6RMVGAX31WPYAP1DH;2014;917324;B;2023-03-02;90e1322b-49ea-4b55-b009-1d333aa6d6fb
AN1ZBDEJXGAZ5D4C4;1991;326611;B;2023-03-26;cb07c0ff-8078-48c0-9bf3-36d27c0908e4
VE2K173H69LX4NML5;2021;991142;B;2023-02-01;c0a11992-aeb6-4a30-aabf-2789351e2254
KRKU0FHU7GCZAH904;2007;644571;B;2023-07-10;ffd7b904-1a38-40a2-aea7-5ccc052da329
M3KV4M8HXVHAT5EX7;2020;370263;B;2023-03-14;135bab60-7104-44ad-81d6-2736fb5aae13
JL6GTFDLX5PRSN8NF;2014;814253;B;2023-09-25;d63a9c04-241e-436c-a6c6-ece1e6b7ad49
G3BS02S262XTS2GXD;1996;84733;B;2023-08-14;4abefe61-a69e-433b-bf68-fe24929176a3
FUF5NT995WVFKTGRM;2014;492485;B;2023-06-27;4b601e6b-b8df-4707-8355-a85deb460f7e
KYH1J26J6P64D8LCV;2023;690505;B;2023-09-16;8a073d77-3fa2-4f28-a5d3-d74295d9e956
YXL6D86H6PP0NZB5A;2015;223770;B;2023-03-28;959ccec8-9e6f-47ea-8ef3-87224e15d694
RFXX126X20FK8EZZY;2006;29107;B;2023-06-03;c76277f6-4557-4284-bbdb-0bb3844a09d4
FBCZA5B917C1K9FJ7;1981;34679;B;2023-04-04;d0b03e23-d4db-4ada-a99d-d2781072a6e3
3HPZ1DH10KREASN4X;2020;667749;B;2023-05-02;24194de0-2b2f-43b4-a2f8-56da70ea8b7e
VX4LK7VC61RBGN9NP;2016;626501;B;2023-01-07;8653c172-5ce9-4768-bf32-83ed52137895
0LSEGZFW3YND7BSA0;1988;406510;B;2023-05-03;ffd7b904-1a38-40a2-aea7-5ccc052da329
U7L4ZXC1XXCYDKKP4;2023;771532;B;2023-01-10;b643c0ab-2743-41ff-8a41-f67a70aae650
PYEUK9FK6XZRPSR6W;2018;474800;B;2023-09-09;842715f2-2efe-45e7-b904-4914f252c38a
PDMCKLR86FS8CFJVK;2004;469555;B;2023-04-08;945dfeef-ccbf-46e9-a9f7-5e40ac8a48fa
M9T4E9TZ5JXBLCBEF;2006;246185;B;2023-09-19;4851a3f5-3ba2-47c5-8676-77b4ae052166
G0J9WPWP9LJE973JU;2009;440523;B;2023-04-15;feb873bf-9bfd-4838-918c-7078bd716c92
0MWVC1VV419ANSS6Y;2001;239363;B;2023-03-21;49d7d4b2-5017-472c-a2d1-906d4c68a3c3
575CENNN4B1Z3TFGS;2017;953970;B;2023-07-14;340053f9-4720-4f7e-82ef-874d43d29726
KAY64WE15BVEFYUE1;2018;80259;B;2023-06-04;6904cb7a-6258-4cbd-81a9-448c86f47028
2XA8RHXW5WAEA3LLT;2021;726699;B;2023-08-04;8193c4df-56c9-4976-8a01-aeef7e325d70
6T34J8JL519LEJ09S;2014;250701;B;2023-02-09;4e4bec67-e3e8-4a29-bf11-9d682c2eca82
D5APEVWY480Y8TW3R;1998;93391;B;2023-04-17;dc70cf34-7d80-450f-979e-66df227a416d
PWV0DTRR03JUGTZED;2021;109553;B;2023-10-20;ec30386a-ff5f-41f9-a927-1c228e2398c3
YU1P562P8245S11EY;1980;559972;B;2023-10-27;6c03237c-5969-4ad5-96c7-6d88e66b685c
2JA8PAJV62446UBYZ;1997;320410;B;2023-08-05;bf548dca-f96b-449a-aedb-eb957366d6a4
4HZNJUB21HGMZWA8N;2018;372244;B;2023-09-25;89abaa84-e2d5-4425-9422-9119947fd20b
BFG5L1PV3GE5BCU3Y;2011;94721;B;2023-01-26;203c2b30-ec3c-492d-b236-bf7428131a9d
M8VUN3GD2W356M7TB;2018;797232;B;2023-06-29;9bcd5438-2516-40de-a636-e42166843a89
Z2SAAR1G0HTKH3V9G;1995;739669;B;2023-08-03;6778a0dd-18e5-4b0f-aa76-75198bc73749
ZBPCGYFF921KS543G;2011;265469;B;2023-01-14;d81e2531-00af-4342-92b3-8f4f14623de9
B0LP3WAE5AEL906TH;2020;688330;B;2023-05-29;6217922e-ca9d-440e-8baf-7fd5ffce81d0
URGL5BBS9XYTN67AU;2022;199657;B;2023-08-31;203c2b30-ec3c-492d-b236-bf7428131a9d
TYNGU29Y9NBP7RC9X;2007;349291;B;2023-03-29;f4d2bd7d-339c-443a-a344-c16cab25a85e
HGWTES9J7NS3F0U7U;2018;857162;B;2023-03-03;173db0e4-7c32-4c2a-801f-b68c74000a0c
X8GR6XM461C2WJ5LB;2011;584934;B;2023-02-01;dbcc037e-8d2b-4407-a2d0-b75823803407
FK9M5TGJ5ZDP45VKM;2017;876765;B;2023-02-06;093ad6d0-2a01-46d5-8945-f214578a5d59
YJCM1XYK3EEA07ZGF;2005;297438;B;2023-10-04;e9b9c007-8406-4e3c-97ef-d8dd46ed5e82
AAWFUX5B15ZU2ABGG;2016;715049;B;2023-10-08;ecd3fec8-9ba2-4848-b844-fa2a8eaafec8
TUREMNYY5NB1GBX8B;1990;596405;B;2023-09-19;1d0bde3e-c39f-4c01-8ea4-3df305b2e3f0
0X78HK6B0LENWWYLD;2023;25035;B;2023-07-09;f9faacb9-3534-40a0-b477-425523903e8c
ZD3PAX128NZ69RVKD;2016;245141;B;2023-03-07;cba4c656-926f-4012-86db-1617dc2936ed
CRYA392272FVXD8P3;2014;448072;B;2023-07-11;85e90667-5a97-4f4d-91de-7c1a9ca72c94
22BFSXT079R52GEBA;2003;883198;B;2023-07-28;71105495-4058-48ab-8085-8f1769e85cf0
548EH2LY9CB4HKJ1B;1986;280921;B;2023-04-06;3d8e03fd-d640-4163-bfbf-8e5461f37074
YV0D0E0028SS8S15U;2023;647004;B;2023-09-04;a74b4b51-c7ff-4440-8ee7-d8bdc8be3d6e
GRZ2KH4C2VASF1MBB;2010;412224;B;2023-09-19;34bb5098-b397-42e5-b659-489da2406c77
YAGJFMBK3C7MUAS57;2021;174800;B;2023-10-15;96a1b4aa-3916-4f43-a620-7e99304f6f12
GHP4L1L68U6FA0S92;2017;95941;B;2023-03-14;52d508d6-5842-432e-9a95-51e7404aa90e
PMXDTLLY4654JX440;1986;62104;B;2023-04-12;0361c071-6a6d-4fc2-8991-b14997c55849
L9934LRT6P5P5D1G6;1999;565174;B;2023-01-08;de9367ee-e13c-4d7c-815a-a2eb7f0ae10f
3KK8B3N5026DNVJZH;1997;947926;B;2023-05-13;f8a9fc6c-1d95-4f58-80dd-be4915d36767
WSLKTJF502T8W9AKR;2013;280174;B;2023-05-15;ed3c7c26-ac20-4688-acdd-84775cdeb514
T2VWLWT8X4R8JD1FA;2006;148465;B;2023-05-22;94a19dc3-3fd1-432c-aad2-dff6f1824c44
TZTT6UMJ3JW6VC9K3;1991;814737;B;2023-01-03;e2ad7703-7f60-419c-b89d-725fbf4aedbb
AXWSABT738E2TGRWV;2022;919229;B;2023-07-23;20037212-0f87-46f9-84c4-e43c8b34eeeb
ZWR3BCJ15ZGKWHTU2;2020;14427;B;2023-01-08;f7cd263b-585d-41f3-a792-7bbd190fcfa3
9L8WCV3A9SKRGUMXT;2003;680237;B;2023-03-29;f09b63ae-5be5-44d8-bfc9-02c5b28ad3b1
A2NHV8DN2FVZ80GCL;2023;83689;B;2023-03-24;e8c58a24-a6e3-4168-bd99-a8e0a632e70f
4U6CL7KA96SMU06RM;1998;751135;B;2023-09-12;08a9e39b-2ffc-4362-a769-8feaa3496c4c
DD1FCT7B4JX9MRRBE;2016;895027;B;2023-01-27;fc52f12b-46ab-4903-bd5b-095ee6970064
2MFFFPGS1LFBY4X71;2020;617858;B;2023-03-28;98a33ee8-f306-4fac-9a2a-5cb9f2f68d68
M20X7GCH1RBV72YVH;2007;771164;B;2023-09-30;15d42698-ad76-41ff-b3b1-2fd7edf06896
CXUV4ZEL749Y8N7LF;1993;905850;B;2023-07-08;4dca45b5-1db0-47ca-b6fc-c883239a6c1c
0JC5ATRD8N65VRK3U;2004;157833;B;2023-05-31;16524adc-d814-4479-a11f-7c4ae2986be8
D45AAYBH87V7ANAYD;2018;127086;B;2023-09-23;c944dae3-aaab-43f6-bcfd-215c8fc9b1b3
UAR834AK16S0VED00;2012;786039;B;2023-07-19;a76860d6-1820-47fd-bfd8-8ed123d42659
PF10V58U1JV2WKN9A;2013;99089;B;2023-08-02;6904cb7a-6258-4cbd-81a9-448c86f47028
0Z5TKKV00EP9F1T4J;2006;896555;B;2023-02-20;b89b2244-ff05-4445-a57b-1f0b3802ddc0
P6EA6X3H2ABC61JNT;2003;851150;B;2023-06-26;aa360a47-8c43-4c78-aea2-7d7616bab93e
Y9V58XA496GMSXT6F;2022;729787;B;2023-08-31;2dcf8c91-c111-4b79-b43f-63f4ccd7491a
B493B77472AL40SD3;2001;593350;B;2023-07-04;27829bba-464a-4d74-b5ff-b1c21e4d5e54
UDCLFRH24H0P0P64T;2016;522921;B;2023-05-29;5fb1d5f6-d167-42cb-b37b-64509f3dee29
EBLU9JEY3JZWTDEKJ;2004;96695;B;2023-05-07;f17e4266-f162-47ad-a8a2-cd194617dcc5
Z5XF40SF6FTMT1UPN;2021;274037;B;2023-06-26;96a1b4aa-3916-4f43-a620-7e99304f6f12
BXU0WH8Z08YG8H0YE;2013;427274;B;2023-07-17;4e620770-ee29-4658-8482-6fe01deef504
9PAGZ62F1YEX7F915;2013;63544;B;2023-01-06;2b60d2a7-62dd-4ea3-afae-dc5180f2bbe7
728M6MZM176VF3TMV;1998;719625;B;2023-05-19;548dfdca-8f47-4b78-9bf6-d7ed3b6e1d89
UKVLYF6YXT9PNE9D5;2020;723332;B;2023-05-24;89b0e84e-3417-4c7a-a4b8-106966dc379d
7WK8AUYP13TUNSB1B;2021;873229;B;2023-01-26;bb90b87e-be7f-4f50-addd-1406731880ef
NGHM18B04DLVWRS1J;2006;831381;B;2023-03-29;895fe418-2de4-4770-b1ce-6b62dbe88ff4
WF8WE17705YN16XWY;2020;264824;B;2023-01-02;9308b61c-5783-4c3c-a9f6-98b73a9a5832
87K3ENWP3WD5T7TPW;2019;481337;B;2023-09-09;add9e5da-e7c3-43d3-a1db-72b1643d4ccc
XYNMU3NUXTNXFWW1K;2019;159619;B;2023-10-26;b0b0911a-224b-4994-91c9-289f64b62b7e
H1R1W5GP05KBNU5S7;2004;960450;B;2023-03-20;98a3189d-9072-4d26-aa5f-5c719240baff
AHPSRBXN22DTMP2R0;2004;189788;B;2023-07-10;3113f041-feee-4780-a865-abc621c5a010
7XZ0BK0Z3KTXWDEWC;2006;515415;B;2023-05-02;76c290ab-e803-43fd-986e-b3f0e81b75f2
MJ2UES4J1BXY7W5GT;2010;653413;B;2023-08-17;fb517223-0147-4324-9efb-c2de3c1f2b20
D1928GZK92A8DG2JS;2007;49238;B;2023-06-28;034bb2d9-dff7-4125-9724-b0715d72c0d9
WNVEWXRJ3KZCGKYWM;2023;499005;B;2023-02-26;9dc90edb-faaa-4c06-8b85-a4f310eac3dd
S9HFZAFT8VMW8AJ99;2015;898210;B;2023-08-06;d37569fa-ff0d-4b08-967a-27026515e13f
GCFT0YE715XW1FBFK;2017;318666;B;2023-09-01;ec30386a-ff5f-41f9-a927-1c228e2398c3
CU5470G89ZBH5JEHB;2008;453622;B;2023-05-24;76ec6717-3f3d-4c6d-8abe-c416b866a46f
JN8PVPV287GXS1HC7;1979;762863;B;2023-03-19;aa426290-7ea5-4a52-b4c1-129fbeacda4c
T2X41HC668K1BXSW9;2015;458932;B;2023-02-12;92d1de2f-0e7d-4ca3-becf-94bf45adb8ff
MJD6TBCB4NS5TBTCM;2022;513554;B;2023-02-16;bd1c5614-966b-4c86-ac83-7a6df7ea9c6d
LMGGUTPW15PUYJ1TR;1975;999299;B;2023-05-01;015b6357-389a-497b-8d33-469f2060affb
FXU2501643SYHANCT;2006;288121;B;2023-09-09;689ccc89-a7f3-4ff4-b09c-884b9ef629ab
2BUFYZKCX9SBVRLEY;2003;110657;B;2023-01-31;268db0d7-8e42-4d21-a208-4bdb96af7b40
L56GEDXG0ERPHHDT7;1995;808571;B;2023-10-27;95397ec6-a3e8-480c-ba11-160867780805
ELHAXKPU4DHWTSCT9;2006;1472;B;2023-05-29;2d4dbb57-9b8b-40d0-bf9c-d6a40680c081
ER194F300N7XJMF2R;2023;657945;B;2023-09-01;b8999074-7934-4765-acba-59fe6ec18e55
DLEKZ0430SGY1B8RA;2011;568353;B;2023-10-12;c6292bfb-c65f-4712-b19d-5ff16c3aedb9
NXTNRGLF4H3RG6PYY;2023;443855;B;2023-02-12;ace72630-0762-43e0-903c-2258b328fae3
4JPKRHH25PXJXBTUW;1988;996278;B;2023-10-08;89f5fe17-4265-40b2-9d5c-ef01c41afe70
1WU659VY68Z5Y0FS7;2017;857092;B;2023-06-08;acb912c5-727c-4131-83e6-2a2dfda9736d
61HGJBV4XSEE9VCMW;1988;128105;B;2023-06-24;fd8880c5-0a7e-45b8-9bc6-ef308f6a162c
B2JD3C1A75G03CFGG;2022;220888;B;2023-06-18;a55cfd2e-b4bd-417b-87e7-84f08e5b95f9
2M859D5V5XDBE2YV1;2019;483921;B;2023-01-04;77bdbfaa-91ef-4cee-aaee-2e9c85f162af
ZWN5AF0H9ZKW3B6WJ;2008;83397;B;2023-03-16;00c84882-fb91-457e-869d-b3e160149461
GBV80BKV3RHHX1DH5;1986;291409;B;2023-08-03;e04fa0cf-9027-45ba-b058-7e689147113d
089AYF7Z71STGEG1W;1999;519574;B;2023-10-16;c731562d-09e0-4c17-ab2b-a189f4dc0c65
DY31M9H53RX3YMT5P;2009;112456;B;2023-02-19;4e455ee9-0ca4-49f9-a4b2-875a5a440b8a
LFZVMUV27KYDFSUWE;2019;917754;B;2023-01-27;913f6b88-4cb9-4977-a7ba-3a9018dcecae
1UHZ8GL40AB47605C;2017;748115;B;2023-02-05;034bb2d9-dff7-4125-9724-b0715d72c0d9
1GKRD1685WUYL07KK;2016;275800;B;2023-07-12;aecb789d-581b-4423-9b80-bb51828354be
Z02JFKMY1DUHHT9PW;2023;819811;B;2023-07-11;c05e793e-0ede-4217-93f3-f1fd5210986f
E87FKCUU3AFEWGN3R;1979;627366;B;2023-10-12;b2d28b67-2a31-4ba4-9c2d-5a49b238c5b7
VKVLDB6H5PZ12VCZ7;2016;732154;B;2023-10-01;34969f08-f653-4374-9099-6116241e41e2
SFTNPX2PXE1EE238Z;2003;827354;B;2023-06-20;483586eb-6cdd-4ce8-85f5-757176d85008
XD950H8Y6TDS8MHZZ;2002;703319;B;2023-02-05;a32f05c8-251d-460f-bda3-31e6d0a6859b
2G9URZUX7J5V7K44X;1990;997854;B;2023-05-26;e149f759-7486-4c03-8315-aee2ee7d8c0e
9CAZ0LG957WBS9NLV;2020;744850;B;2023-01-27;59073e97-caf4-4000-8cc5-945bc2c91609
PS4AMKCD5SKWG4MGK;2013;117694;B;2023-08-12;16d7400e-2838-4454-b247-51d3df4a53a7
EFTJYB5E0EKA5LKJX;2016;684009;B;2023-09-05;3146c8ad-2379-46f3-93f1-15c9d8ca52ef
7J39NV799V20MGLSJ;2021;858877;B;2023-05-11;e89804d8-1146-4398-b9c2-a3b77e3f510b
A4MZ3SZP3WUE0ZCRY;1996;307134;B;2023-04-06;b2d28b67-2a31-4ba4-9c2d-5a49b238c5b7
FHU1FZFZ8Z1PEF8X5;2008;55250;B;2023-03-17;78534e4d-0cb7-41e3-b9d2-d82104dbd9b1
SYAJJ3T968L8BG7BE;1995;844552;B;2023-06-06;9d515885-00f1-45e3-ae5d-58ff6a16a1a4
3H32F62K2GS761RY3;1982;957913;B;2023-03-23;88d67240-0c1c-4ea0-b212-f042c131495d
4DC2VYP9X2EKA68KA;2010;157531;B;2023-08-19;d41bc5fb-bf63-4563-90be-a1f7cec2a66c
P7BH0KDZXV3NVDK42;1999;322738;B;2023-06-18;327ef1bc-3f77-4f5a-af7e-9f30520d0e85
SZTGWKVBXJTPUXNXN;2020;289719;B;2023-03-25;e8c58a24-a6e3-4168-bd99-a8e0a632e70f
892CRH7W1EXM1PK1Y;2009;558513;B;2023-02-28;2182c73a-9966-4721-96d1-9958ee0f9423
GB3V29L07MZWALGYB;2015;218240;B;2023-10-07;fd8880c5-0a7e-45b8-9bc6-ef308f6a162c
S81404MN1EAH2LRJN;2000;848256;B;2023-08-08;dd04235a-f2aa-4915-99d8-421435c12e19
RS8FPPNC4J7W08YZ9;2019;444387;B;2023-03-19;2b60d2a7-62dd-4ea3-afae-dc5180f2bbe7
Y2XPF5XV3XTVFXWGJ;2023;195266;B;2023-07-28;f6a792b2-b4ab-4a63-b6de-c4305bd75cf3
A1CXRW7X3E2XTA65N;2017;17685;B;2023-05-24;61fe6bb9-ec3e-4b44-96ff-a1782388b03f
JV2MM8EZ0A1Y2CZ3P;2021;765904;B;2023-04-15;f413cfe9-950d-4891-9f04-56604c0daa2e
1EJCMA5B4HFF509MG;2015;929216;B;2023-08-17;8edee0bc-58da-45d7-a42d-165d6e9e22e2
4KZP4FND7ND91R12H;2005;907213;B;2023-07-11;669db2dd-1f12-4570-a3e0-e6d5f2922aad
6Y3XEZ5H12XLBYCEC;1992;504511;B;2023-02-24;0f1f0c63-5dda-4c13-b9e0-9afbf86b670c
DZXARGHX63M3PPJ3J;2023;812637;B;2023-02-19;a53b8949-c81a-432b-8c6a-4419dfa36c1d
XB53GUDJ09X0NTEF7;2008;135561;B;2023-04-19;de400df2-292d-4741-a175-a98c0783ba5c
9STN0UDC0S4ZGS2FS;2023;69835;B;2023-05-24;2ae11fa6-2c38-4244-9c95-d794b6146425
XLZGJBDXX084X0M80;2018;497711;B;2023-05-14;4de2329e-ad8a-4b5a-bf62-213dcc6f5cbe
1T30EXNH39XFS45LG;2016;768838;B;2023-03-31;9e7d43a8-b400-46fa-856c-9adadd69cd02
DULL5SLGXB86HT905;2016;134813;B;2023-04-23;c6292bfb-c65f-4712-b19d-5ff16c3aedb9
D1ZT99US76ES6UB8M;2020;601727;B;2023-05-12;90e1322b-49ea-4b55-b009-1d333aa6d6fb
BEYC6NFY0CCG66R6M;2004;653551;B;2023-01-01;566afcdd-717f-4de9-9c99-9444bc29f215
A4364A377EPK7UES5;2013;800160;B;2023-01-04;4abefe61-a69e-433b-bf68-fe24929176a3
3YLCHBDX997B6J6DG;2022;711806;B;2023-08-26;2198e34d-0d25-459e-a855-5eba943294cd
JGVMXW085LEC3DLCN;2015;737829;B;2023-04-19;cc442ef8-6528-42f9-8257-9ec67aafa3a2
HYVGYZV484VSNZ43M;2012;477965;B;2023-03-08;d41bc5fb-bf63-4563-90be-a1f7cec2a66c
CSYWD4G22Z2JCM2XH;2023;33022;B;2023-01-27;434de1ac-b034-4e47-b1c2-7bd023487683
XKDW0RUH2ECG4VACF;2014;266042;B;2023-08-26;1f2d000e-d761-446d-a247-6ad86e93deb5
BAYVG37BX1YSGVZDB;2023;386138;B;2023-01-03;bb281a0c-dc8c-4d5e-bdd9-4bd12ad8fb32
6DYK0LFM2RXC40PWU;1991;734251;B;2023-10-13;cb9f788c-8e1d-4598-b3d5-1178ba788eb9
71ZRYVR55FWH1T5RD;2018;16861;B;2023-06-13;54f4722d-1636-4866-a943-c0d91bf6f91c
DZK3L1H735VP4G5P4;1990;160006;B;2023-06-17;63744283-ab42-475f-8dae-7edc8c619be5
T7DN7Y7GXS817S51C;2017;79442;B;2023-09-10;b8a7bdd6-a811-4585-884c-2eb5a2959b30
XHBYANZ95NZW7YKZV;2003;681693;B;2023-05-17;1912fe6b-194d-4873-a4fb-7ee7933957bf
CX4PY1T293AA2ME8C;2023;599026;B;2023-07-11;75d9f2da-a725-4b24-9953-b495ffc7d689
T5AJJ0FH9H814UDMA;2002;321363;B;2023-07-30;4e4bec67-e3e8-4a29-bf11-9d682c2eca82
WNRXC3DB9N211BKL3;1985;928791;B;2023-03-03;f49723f1-586a-4680-950a-07c8caf1a5ee
PSW2B2752BHL45XFT;2018;970320;B;2023-04-22;913f6b88-4cb9-4977-a7ba-3a9018dcecae
Z8VUL7S341F7M1TAH;1980;932026;B;2023-04-22;a49d50f8-2117-4219-8624-79eeebd40667
D2UKWCM33EK4MNFDM;2011;927185;B;2023-01-19;fe3607ad-8ca1-4840-975c-539b1e87a510
RDK69BBU3KSW8ARTU;2021;238706;B;2023-02-11;90d8477e-1e4b-4db3-b320-86731408e3a2
T8YJ0N0B3JTJ3F4G9;2000;750710;B;2023-02-04;85e90667-5a97-4f4d-91de-7c1a9ca72c94
T3DBDXSG45AD9AAWK;2016;300600;B;2023-03-03;f9fe95e9-dd23-417d-ba2c-561138b29070
SVUV684V1HKFWHFJJ;2023;239074;B;2023-10-24;e89804d8-1146-4398-b9c2-a3b77e3f510b
ULPNM0JA1L2H0LV2N;2016;325530;B;2023-09-22;c69020bc-34cb-4b56-978b-37bafd448251
PYFB8YGM8SPUNSYGZ;2003;314635;B;2023-03-08;d760fc15-26ce-4704-b059-b75494dc0b88
NPMPM5EM9FS5B8VEL;2015;984464;B;2023-02-22;5cef46f3-dcd2-4809-aabe-18ac26e206f7
AUH8DWLA13CL96SUG;2019;138672;B;2023-08-18;7338f3b4-25e3-46be-ab10-fc309ee96003
D3VN9GGZ38MU2NJF8;2017;539602;B;2023-02-27;34969f08-f653-4374-9099-6116241e41e2
DV3R6VPS9U2TX2S72;2017;798178;B;2023-08-08;5beb4461-7b66-4902-adc2-354fb765c3a2
NCNCF6GY54ZUE6T1P;1994;77184;B;2023-05-18;2dfddb7e-34c6-4e63-9ce8-ca9dbd5af9fa
L9PAR5D274S5G989W;1979;610907;B;2023-08-02;76fc0b89-fa02-489b-b432-b80e66271eda
DLG4T2UN50EB156BR;2014;328131;B;2023-02-06;03e8988c-e1c1-465a-a162-c7d9a9dd9396
CNZ6SD8S84LFZ5M4R;1991;72636;B;2023-01-29;e3c42eea-6b93-49b5-b543-d33af8073449
CBM8RARF6ESNJW63R;1988;755462;B;2023-09-27;1f1d6a18-3830-466b-89be-023beb304a7e
HPF0GG0S3TWWPGJJJ;1982;206276;B;2023-06-06;dc70cf34-7d80-450f-979e-66df227a416d
JVC3NH402KWUWJ69Z;2021;324700;B;2023-02-14;20037212-0f87-46f9-84c4-e43c8b34eeeb
XX13BTSUX8LBPGN8V;1991;421068;B;2023-03-07;b8a7bdd6-a811-4585-884c-2eb5a2959b30
WZBTBA0F5DHYPFX3B;2020;90313;B;2023-03-29;998b41d5-99d5-4863-8725-d568e6ee3361
BY5HX6SZ65FEWKZ5Y;2023;693340;B;2023-07-04;03e8988c-e1c1-465a-a162-c7d9a9dd9396
LNCKYVYE5KMBHAXZZ;2016;423938;B;2023-04-16;1c481ea9-6e91-45ad-975e-8c4b8dd203c8
XHZJBYHX4K0888LG2;2021;371572;B;2023-01-22;483e6b11-5a42-48ff-b9c5-c26771868811
07E20WKS9RBE3PZN8;1994;711553;B;2023-06-02;3ecdacb3-87b1-4a68-9097-f3fd0c86986a
ESJUJ4R43R3MR67G6;2018;344723;B;2023-02-24;22bc1478-4424-4323-8c9b-9299e73fbbce
34YLNA7V2CYL3FB3U;2011;571396;B;2023-08-09;ee7b4009-eadd-4a73-9874-b3130e906a42
DBV28HFH8YVXYP2XZ;2003;602724;B;2023-02-25;71105495-4058-48ab-8085-8f1769e85cf0
394AMCUW678VRZM1F;2019;319134;B;2023-06-17;655c8bd0-907f-4c42-b6da-91ea9ed811aa
P0RYS7GX1GCCBC2LS;2014;431799;B;2023-05-07;fd1e4fc6-297d-4611-bcd5-cdac2b1e792f
ME0UKUVL9DZ16JXUZ;2022;62060;B;2023-05-12;97c0cfcc-752f-45ab-8cf1-582f241ffdcf
SA041TUJ548HXGE21;2017;402549;B;2023-10-17;55a7a05d-fda2-46fe-9dd2-65c8d37895bf
KUM7889V0PDL1W2B7;2021;774939;B;2023-04-13;e6306631-eca6-4806-98ee-b6d6524f8a87
MSMGKBJM7NDMAL3D2;1990;753396;B;2023-06-10;1fc20b84-cd75-4b04-8c85-45efef65e60d
5998VT7E6F8AT9X79;2023;750663;B;2023-09-26;ec30386a-ff5f-41f9-a927-1c228e2398c3
D4BDCAR45KAPF2VAK;2023;279609;B;2023-04-16;5321bb3e-b791-460b-ab40-71096d88be81
2027C49E213L1CY3C;2016;261959;B;2023-05-19;2194f2df-932d-4250-a87c-ed946188691e
FJM4HA2L5TM7P50VE;2019;133564;B;2023-09-14;9bcd5438-2516-40de-a636-e42166843a89
1FP6V59EX5HG4K546;2014;429667;B;2023-05-04;8b59c050-4c5f-499b-a34c-d47f61621239
JJAKR1AU4NRLU6S1D;2004;534137;B;2023-03-23;cec3054f-a4f2-4662-ab1a-85f75446cd83
UU78PVY25CNRX8PJG;2003;5241;B;2023-10-08;6778a0dd-18e5-4b0f-aa76-75198bc73749
XD7GX94Z100CW9KNA;2013;596565;B;2023-10-21;fd8880c5-0a7e-45b8-9bc6-ef308f6a162c
PS6Z5L9U7LDMC20DY;2000;459328;B;2023-04-28;1b70e9a6-4928-4c14-b6c4-99c8a6c4581c
5Z1CAPRT00L4ZGDU4;2019;127385;B;2023-04-09;563d6878-5242-46db-a20b-01f2ac194861
E1B4AKYP08HKT7SVC;2020;10119;B;2023-03-10;ed3c7c26-ac20-4688-acdd-84775cdeb514
W9S397BC6JL1MNF42;2015;846557;B;2023-02-17;43f1357c-bbc9-4e4f-9c4a-02bf40ac6db8
ATM8W0689W9UGLSEL;2017;763126;B;2023-10-19;53edb6ab-77b5-45e5-9480-164edab43d78
DNL6TL2F2NPSX95YZ;1994;531023;B;2023-09-13;7ef91000-0cb9-4327-9670-934c987fabc7
HV8A6Y0S7E9PAC3NJ;2023;639482;B;2023-01-07;d5a19610-66f6-4f15-b1ce-7326a48c85c0
L5ULPJPD6M0434ZPY;2008;542192;B;2023-07-01;5c0c971b-95d3-49a2-81f9-99feddf83934
BZ8XXM3RXJCGHBD9A;2000;25696;B;2023-04-29;b4aa2809-64b3-49d7-a9dc-153b5a53eb77
ZVAMFY70580GJY5R7;2022;950738;B;2023-03-20;832ba60c-a44b-4d52-9b45-4aa8871efb4d
XET477AL5AVCW8D8Y;1978;36551;B;2023-03-21;1fb46439-fb79-4248-a6d6-7edda213e2ea
FWUNS0AF0G7Z0N9X0;1983;486425;B;2023-01-12;1dfc669a-2711-4c1b-98fa-6d56e547f5cd
VMZ7E3RF8NZHP2VAA;2017;623787;B;2023-08-13;f1509938-de20-488b-8643-7676690a7cb4
HT0HXP2G5WF2LPMED;2012;684540;B;2023-07-12;0a523489-a6e4-4bbe-ba2a-95672825e703
R3CPS5D2X1W0DPYRW;2006;366403;B;2023-01-29;fc5ceb8e-d3ca-44e2-b3fd-6ed2f26dc905
7H6WJKPR6RR23HKHR;1978;366990;B;2023-03-17;ee704b6e-8c6c-4708-a5bc-eacde19cdc6a
1CWZ2GDB7RYJ9C4YM;2012;463026;B;2023-06-29;034bb2d9-dff7-4125-9724-b0715d72c0d9
JL7TVKY2X3JVEMB5Y;2014;195802;B;2023-07-23;5877cb3d-227b-412e-a978-d3d6ae472cda
XJRDB1SH9GLMG3TSH;2016;882113;B;2023-08-07;90e1322b-49ea-4b55-b009-1d333aa6d6fb
E02CTET401YBPENJJ;2011;106564;B;2023-06-17;09335053-d459-4d62-9638-9f45c9ee04e0
XPN80U7U8TLVMXR1W;1990;430157;B;2023-10-17;7e19b6f5-249d-4a61-b99d-7505db473225
XYDUDZHDX3KV910KU;2022;422457;B;2023-02-05;44ae22f6-edec-49b2-9d28-e8352658c83e
N3DFADUM5DKNVX45T;2023;240298;B;2023-03-08;efc1d074-e9f8-452a-88c6-9f831884f962
TB9CTZW8XFJN6PC6G;1990;671162;B;2023-04-02;b8340caf-5d8b-44eb-a9fd-19ca959cfcad
PRB04K793CESXUSA5;2023;984182;B;2023-07-19;2adb31f2-580e-4af9-9e29-9cf8b2b9520a
S81NU2Y722ZHYE7JP;2015;877152;B;2023-03-30;dbcc037e-8d2b-4407-a2d0-b75823803407
3M2SRTLC8H5CD5DRA;2013;493488;B;2023-03-29;4dc2fe79-705c-49ef-bf2d-8c5c77ea58cd
KHARR29Y7Y3CZS0C8;2000;271172;B;2023-07-03;5f9d6932-baa8-4c81-bd13-cc255a24a977
FF1LRDKG9YRSR2ZDW;2002;988118;B;2023-06-17;ce72cd6e-2207-4a00-abbe-581bca0993b1
73E6RF1P4XGFLYN3V;2021;286677;B;2023-02-11;2d346cfa-cfc7-4f4c-aa86-7c5478602396
SWMLBVEG5CHV0R0BA;2021;355914;B;2023-05-13;d3e8280a-ca97-4951-a504-287101178f9b
6L2HGC278DNRA9AWB;2023;659005;B;2023-03-28;08de056c-a3bc-4d66-a6af-5edd11fdadfc
SACAE3DA3Y1D3GWUN;2012;936884;B;2023-06-20;576b35c5-67bc-46d4-8037-5bb8b9f7470e
VWXG5AGSXZ91WRAJ4;2011;45664;B;2023-08-20;a78bf198-81be-4dcc-94ea-8df8fe93c406
TJVP5WVJ068DYZ251;2012;526882;B;2023-02-28;d23a4cf5-a954-4395-adf5-bf0b46229b39
4U51ZYL05ND1X5SUP;1998;75437;B;2023-06-16;61fe6bb9-ec3e-4b44-96ff-a1782388b03f
8GYL6RJP5L3D2LN27;2019;954133;B;2023-05-20;d535bac0-b1fa-4e4a-b570-c039ab5c2dba
RHU3WTPX06JKP2F3T;2009;460793;B;2023-05-22;24194de0-2b2f-43b4-a2f8-56da70ea8b7e
751B0A2H74UBSKEJH;2020;513607;B;2023-03-04;bd1c5614-966b-4c86-ac83-7a6df7ea9c6d
316NS7NG8WMKL9LX9;2022;325781;B;2023-01-24;bb90b87e-be7f-4f50-addd-1406731880ef
W16FPJR74CJCXJVYJ;1981;14837;B;2023-07-23;b89b2244-ff05-4445-a57b-1f0b3802ddc0
33D3R2MW0FLVB4NDG;2007;308149;B;2023-04-04;bf008e80-44d0-4a72-84fe-a6801bb1661d
2PGBK0TH4PZNPPN05;2019;397565;B;2023-02-27;d6b213ea-d9e1-45ba-b27d-b980a614644d
XEE1GRDAXGKJZXN06;2016;822276;B;2023-01-17;ad9d2a89-89d9-4423-9559-e1bc455896ce
JKFW36RF0J1C0A30J;2002;5706;B;2023-02-27;0be46fba-586e-40af-91f0-37079fe4482e
744LAV9F0DDWPK0GK;2021;289933;B;2023-05-15;70d3aea0-9a47-498c-91ce-db2361d42c5b
ZCTTVBSA0S7T27U3M;1999;653053;B;2023-09-14;07b94418-2c58-4767-9030-258c302d15e0
C14U6U034V87HU644;2020;258324;B;2023-10-25;5033e47e-9368-4aca-9607-63874f83b753
X42PDKA6XU3U2D3GH;2002;85623;B;2023-04-17;c76277f6-4557-4284-bbdb-0bb3844a09d4
SMB4A0T54WNHXU6UH;2021;584371;B;2023-10-04;b0b0911a-224b-4994-91c9-289f64b62b7e
CNNWVKC42XB4DGGM6;2014;956686;B;2023-02-14;cce8eece-3606-40a4-acd9-ac7ea221a05e
Y3STFYNH67JJP5WBE;2014;306107;B;2023-05-06;05f81268-6346-48c6-af66-2f92d8e4537b
BVPKUC0E79X4UUHDH;1996;136649;B;2023-10-05;f37482f8-d1dd-4f9c-83ac-29b9077dec9b
6NM6SGC71WLJPBJXK;2021;415983;B;2023-01-20;c89268f1-8ba6-4c73-8a56-7a2823cf0f81
UFUH0TGY38KVGP306;1994;486647;B;2023-03-05;7aadd852-6ef7-48af-82a8-9c03a8e23f1a
17GAAKHT6KUZ1MVE1;1996;915312;B;2023-10-18;0adbc77b-8485-4a99-9e57-690f354cd729
ZNAEGC8N1UCTZA54C;2023;533213;B;2023-06-20;f5fa5369-02fc-4be0-9c4f-69d759eba9aa
UKUR8C1W0FKVECZ55;2023;143994;B;2023-08-13;c329388f-ad36-4034-b9ce-b0d2041d5f8f
633BKW2N9M7P8ARFJ;2002;813437;B;2023-06-19;4812a210-566a-4d4f-aeaa-0d7e4a31d41c
03A4WYZE1Y17F1WNG;2021;197422;B;2023-08-18;f9bff38f-ac81-427c-ad03-b3bb938cbab0
FLN513U331SX20RD1;1993;197503;B;2023-07-28;d0b03e23-d4db-4ada-a99d-d2781072a6e3
ZDJXSLW414FGUH6P0;2013;944981;B;2023-09-12;34bb5098-b397-42e5-b659-489da2406c77
ALZSMNNR1BNG3K4MN;2022;150982;B;2023-02-14;78a33745-0389-4fdb-a543-71dcb19234dd
U09FH5N02S1RU95A0;2022;498306;B;2023-07-10;b72705be-3902-43a1-b398-356bc2e254e4
NYNPSJLD0D7RGGFF7;2019;626276;B;2023-01-02;58bf7079-0c75-4bb3-b29c-56949755ac31
2H0NCDEP4PYGA452K;1995;598655;B;2023-03-02;f1c2790d-0c23-4bcc-aaa8-623a08e8cd69
LPARJY61X76JS6Y09;2018;915080;B;2023-01-28;327ef1bc-3f77-4f5a-af7e-9f30520d0e85
H9FTFWGB2HGWBBDZM;2004;329886;B;2023-02-17;8f009826-0f6b-46a4-b385-a94cac478357
APB7HHLWXPFKC4NRG;2001;417899;B;2023-02-20;2b27a47f-fde9-4df5-98f1-48ee6dd41bd3
C1GJBPRJ9K61YS38K;2000;301049;B;2023-01-19;65e2c073-5217-42c3-ae8d-aa455af98f81
A683GHU493B5VB2CA;1999;184560;B;2023-05-09;1fe6f2ea-cb81-40c0-bc18-0283a5f0b044
7S9AAGPS1AN0HZYAV;2012;965019;B;2023-03-10;cab12e94-e9ea-40d3-bbc2-bcdfddc785ac
9H51YS442261NE3XE;2021;512629;B;2023-09-16;eecd9f24-c947-4aec-aa84-b50a757f8714
VWRYG6NH1N8FT1NY5;2012;470815;B;2023-02-18;67adf099-4561-4d06-a65b-ed55d0e1aff6
27ED2CFR1GZH47U91;1993;828142;B;2023-07-21;ad8dab33-a70e-46e9-90e3-0f3e8d93ec14
G3RM7DSF119ZZZ3WF;2023;622369;B;2023-10-10;f1631bc2-1c69-4e2e-8c1d-a9f7f3c6ad5f
VDCYRD147W7GKCGJP;1986;235008;B;2023-07-29;8a16c6b2-d5ff-4f98-ae5e-6b82d5712be8
9KZ7444V7PWFSBY2L;2023;732421;B;2023-05-09;086b869f-7d0a-427a-9272-86530959eb0c
CX6FV9NA3VF5YGCS4;2005;21085;B;2023-09-01;67606c18-3eda-4a78-9908-8a7e9b99391f
TZFEW2405PNYWK2GP;2005;462651;B;2023-03-11;7c415c82-75c9-481a-8c43-1e9e904e5856
VPPV2YKU4CFMBX7EU;2020;984001;B;2023-06-19;b4ce01d6-c373-4147-b2a1-2bd77e2c55bd
22Z834G27STLBXNBU;2020;204456;B;2023-07-06;ac8717c4-224e-4ae9-95c5-283b62388a96
N35PPGV137FMVLJYX;2013;701598;B;2023-02-22;e89804d8-1146-4398-b9c2-a3b77e3f510b
KN6B3TU384XW2AB5M;1999;472315;B;2023-03-31;15d42698-ad76-41ff-b3b1-2fd7edf06896
6UG8YS210FYULZ8FS;1985;720624;B;2023-10-08;e09fbb1e-6b53-4d9a-8c76-45f2d5023581
3GSEC5MD42VH92H2E;2015;534049;B;2023-02-02;eecd9f24-c947-4aec-aa84-b50a757f8714
88Y2AWP95CMJTKJ0V;2020;506512;B;2023-07-05;a46ca389-b59e-4760-b1ec-f437767ead55
994R5VK67GP9HHVJH;2002;55105;B;2023-09-11;e6ccdadf-206e-4a8d-a54f-a6b5b538fadd
XGWGAL9Y8234PDHRG;2011;516007;B;2023-07-10;d1c44b4a-2bc0-441c-b4e9-5b52d0e8ace3
KX38JE6Y6FZL68BTH;2011;250637;B;2023-08-30;eac7c975-b7f2-45fa-a19a-f5884ec840ac
1G1X0V75261VPDFSV;2011;906049;B;2023-05-10;4e01933a-ab09-4e2f-8ba2-fbfc1bbacbed
NE4LR2RR15R99U0LA;2022;497766;B;2023-02-15;8a6562aa-e3f7-48b1-b8a7-9a1eeb82aa25
15SDK6917CUGJFHTF;2005;267919;B;2023-05-07;96a029a9-855b-4f9a-8720-038bf2aa005e
492BYWKG139K8F34Z;2008;826052;B;2023-08-02;4bfff2d7-39e0-44ce-84ac-eda145a19c4a
TWDH987Y14KN10CEB;1988;189482;B;2023-10-01;8d7c2adb-2e84-4fdb-9eea-154ad3d63bc9
671V8DG8X63YMT6PV;2013;712333;B;2023-06-07;a4f36fe6-b3aa-4e1e-ad53-c24ef9fe3694
9X1ZVZJB0JBK01SWM;2011;257763;B;2023-08-22;634245ec-4179-46d1-a61e-8fab6f1f0b5c
ZSHUNCJV8PKTXYG5V;2022;751697;B;2023-06-07;cb4b72db-62de-45bb-9b4e-7e41f214d279
966UE35X5T9LW9DTT;2004;759309;B;2023-08-23;044f9536-ca2c-4faa-beaf-9ef4710ceddf
BE6ZEBPD1G12MT8XM;2023;246515;B;2023-05-03;01f5d139-17ea-4709-842d-9d43171344f9
K5S62A02971VTZWPF;2021;558566;B;2023-08-04;3673a9e7-c681-4f45-97f2-3664746e1eca
F65PK41BXEC76HMFX;1998;54273;B;2023-03-08;b617ca19-a3af-4d65-a2f4-c692584b17ed
VADXW0YT6EKZHMNSM;2019;556369;B;2023-08-26;c8217f97-6cdb-4bc1-8f5e-18331f929bb8
38SY4K167FUWYEADP;2000;671397;B;2023-08-31;8b87f62e-1e1e-4a9e-8688-ce810105a6a9
PYPU3NXB9CAN78F0H;2006;233609;B;2023-07-20;7832e4d6-0aae-46cc-a96b-268ec4818529
7FRXEKLW9RF2N93L4;2004;234682;B;2023-03-04;7e19b6f5-249d-4a61-b99d-7505db473225
M5MSFKLJXKT9SVGYN;2018;921596;B;2023-06-07;3878a289-8d8b-4fb8-a4e3-195a6d63024a
G6RXCCD15F79K0DYY;1986;346962;B;2023-05-29;4a5ee1b3-6db6-4251-8bc7-f7fb591640b4
J4CYJBF71AY2WNGS9;2020;498767;B;2023-03-02;e6306631-eca6-4806-98ee-b6d6524f8a87
28CYZHGU71XEJP0N7;2010;707054;B;2023-06-03;0be46fba-586e-40af-91f0-37079fe4482e
U70D76GZ4SZKHE4K8;2022;441460;B;2023-06-16;cfc247b9-aa1d-4bb2-8df4-83fe52a16e75
Z57Y4WVB0A2CTHX14;2001;877756;B;2023-09-17;0adbc77b-8485-4a99-9e57-690f354cd729
LRVY5K833ULSDGA1M;1997;162741;B;2023-02-14;5400acc6-dc3f-426e-97bc-af5a2ee38ead
9L9EPYWP1S2N8YVP7;1992;835156;B;2023-06-21;942c6ff7-26d0-40b7-a401-3f4a0b91fa00
V84AUGVD1YE81X2WY;2009;960145;B;2023-08-30;aecb789d-581b-4423-9b80-bb51828354be
N991ULVA01A5F956Z;2023;450513;B;2023-10-28;865a81b5-de45-4594-9cb2-1198dafa7bd4
63MYPJ5Z0BJG0ATEG;2011;721978;B;2023-04-03;d06fb623-1883-43c0-880c-49804fa94889
P3Z9LSSE3W6S9TZSF;2018;955862;B;2023-02-27;c329388f-ad36-4034-b9ce-b0d2041d5f8f
SAWLNEXWX1NB56W98;1998;272939;B;2023-09-09;e843e6de-0a65-4597-8e0f-8d096e7a21ae
LKKYT30S21UV612V3;1999;237905;B;2023-08-14;1272d373-cff3-40e3-ae26-e37d0b469916
9XUMS9H30BLJZXM8Y;2017;382181;B;2023-10-10;96a029a9-855b-4f9a-8720-038bf2aa005e
GMCZY3AM8BYNYRN6P;2020;505428;B;2023-09-26;3225d528-dc27-49d0-98f4-b4753b25f8d4
P3LZ02B56JMGJ0DFC;1991;913484;B;2023-01-24;5fb1d5f6-d167-42cb-b37b-64509f3dee29
L5Y1KZ846KMH80BTT;1994;387271;B;2023-03-06;e843e6de-0a65-4597-8e0f-8d096e7a21ae
4LWCP2H1645SX15X8;2023;367943;B;2023-06-12;a53b8949-c81a-432b-8c6a-4419dfa36c1d
J77UYJDA9PSNRB1YY;2017;857775;B;2023-08-24;3952b7f1-e537-46a9-bf89-0f9caec31fce
A65G06FG9A2L4SDYB;1999;885845;B;2023-01-04;f5fa5369-02fc-4be0-9c4f-69d759eba9aa
3E50YSLG8SNKF9NV1;2013;344344;B;2023-09-09;d1c44b4a-2bc0-441c-b4e9-5b52d0e8ace3
6C8TZACD60NZYGHC1;1995;507803;B;2023-04-15;4e5c334d-bdcd-450b-9caa-7738723c102a
YCN2Z4XU0FSVN7N68;2020;508824;B;2023-10-14;47389695-3390-4d60-8825-800b01ab0693
N65TPHSV2N2SRHZTL;1990;838071;B;2023-05-27;ad391f92-f6de-4b41-98a0-47750aadf046
YYL7XT6S8PHEZKJ9S;1997;940095;B;2023-06-02;1b5035b6-98d1-4839-a1e2-6ab40f862b1c
D6EUVBLT84KA337L6;2001;278263;B;2023-03-21;cf64a1dd-798c-4396-aed4-50fbfb339e27
8T13RD6V6G57U85B5;2023;964708;B;2023-06-21;cea943c0-889b-44eb-b1e6-ee1adb689f08
PS7ZSUW1618F35M4C;2023;605666;B;2023-03-09;94113086-7d76-4ded-9c96-ccc8f8ee8803
ABL0AZG19B7F4KPWS;2022;64458;B;2023-09-29;e394cbb6-3ccd-4257-9d79-3cd30452c2f2
71PKAVB70PXGW85FY;2010;78545;B;2023-09-16;98a9521c-c7ae-4a80-b1a8-8a2b1600e678
6Z03CC541TBGNTWCM;2022;822349;B;2023-01-26;03ed0431-8dba-4eb5-9849-2e31adef01bb
TJ5ATPRP29FKN51FJ;2006;539318;B;2023-02-07;eb4a3763-2eb5-4c80-8b33-d7898ea0be1e
K2W9L9TG726F6EY5Y;2018;376680;B;2023-05-23;13caddbc-ab0d-4c21-b26e-4d9bfb69c40c
FFFNJHD79282XSEDW;2011;84616;B;2023-04-06;483586eb-6cdd-4ce8-85f5-757176d85008
6MHC8SKE3FL7DP0V0;1997;403476;B;2023-07-05;4bfff2d7-39e0-44ce-84ac-eda145a19c4a
7JXP4YV67TBDRDD10;2001;125876;B;2023-08-21;7893c410-5f12-470c-99ee-0ca1604722be
6NHJWZGX75L48P90S;1999;673662;B;2023-04-01;6238e405-e475-4182-9fb6-796fc510956d
VM6UPCTB4GB32MXWJ;1978;707105;B;2023-05-01;1113574e-42b3-4147-87ef-2c7a6d5b9ca7
7JM3DADL9TC7H9VER;2011;611995;B;2023-03-11;3c82e55c-2858-4f6f-8b46-d25720e9db64
LVTXJP8E2SBW2H8MW;2019;93453;B;2023-09-20;642eae3e-a2f7-406f-ba57-314090a1baad
WYHY4MTZ9SGX11GL3;2017;977582;B;2023-07-05;81803de1-1fef-47b9-8845-0837444ff1a5
M5U8F3VB0459HCJUL;2011;348508;B;2023-06-26;82e745e9-c2c2-4728-a1af-ade7251b6aea
ZXX3W6568BL168B5E;2012;511067;B;2023-06-13;d88e2225-3aa1-442f-86ff-e5c682158e48
DZS5JJ6M5RBNY03ML;2021;291741;B;2023-05-08;d165fa4f-f29b-4663-bf4c-f2dafb4ebcd9
X5W09BXN99NGHW03G;2011;754517;B;2023-08-31;e7b4d2f1-c0b5-47ea-94ca-6b9312df23d0
3H3JPZCX2CNH95M2C;2019;721725;B;2023-07-02;945dfeef-ccbf-46e9-a9f7-5e40ac8a48fa
G86EP5DZ3HHJYGNC3;2017;779594;B;2023-07-26;cec7617d-bd25-4246-a733-758bdece0430
R0EAFMMX7RLGSB5M9;2015;684252;B;2023-10-01;c69020bc-34cb-4b56-978b-37bafd448251
N1RNW8PB1G46W60MZ;2019;213268;B;2023-03-04;21edccf3-4a19-41cd-9fc1-462c4475c812
TCT0BV1U1G83G1RVF;2018;903003;B;2023-06-23;afd888e2-b053-4467-adbe-fe828209bc45
2YBLPYCX89VA6BUEY;1989;399547;B;2023-02-28;3379330e-1485-45a5-8863-c4f7b93294f8
F6NKFSNP02VLNT21N;2012;924103;B;2023-02-28;3225d528-dc27-49d0-98f4-b4753b25f8d4
R0TS4AZG6G17BXKUD;2019;7253;B;2023-02-11;f9faacb9-3534-40a0-b477-425523903e8c
47K5WDHY5Z8PL8JCZ;2018;715991;B;2023-04-26;2d346cfa-cfc7-4f4c-aa86-7c5478602396
M18NYBLY61WUPBC3M;2023;225230;B;2023-09-02;43221cf6-ae14-47a5-91e8-05e5490b5f90
72NA3M9F5X63D8DWM;2002;953673;B;2023-03-15;4bfff2d7-39e0-44ce-84ac-eda145a19c4a
6ZVZMR3LX627XB1FP;2023;130328;B;2023-04-22;eeef0706-2390-418a-ba72-8cc020d727fa
EU7E1XTB3KC2AJJ8U;2007;218199;B;2023-03-27;add9e5da-e7c3-43d3-a1db-72b1643d4ccc
67F1T7Y43R24PJRW6;2017;465238;B;2023-08-28;50d1c1b4-9b87-40cd-9c61-d708a16e0bcf
XZM7RP899ALLUNYUY;2023;987637;B;2023-08-29;24d91b0c-4e28-4613-a7e9-ed7d2a6d2089
ND8RFTV173WG3ZRF7;2017;667693;B;2023-08-18;1912fe6b-194d-4873-a4fb-7ee7933957bf
8CY6B6YV2S0BDG5Z8;2021;408131;B;2023-08-20;2a9c4882-293a-487e-b716-6799c19b3afb
E1X19SSW8Z8SG9SA1;1987;289695;B;2023-04-23;3130a4fa-73bd-44e5-9059-b7e66cae01f7
576BCMC93HMJBZ8R8;2022;391107;B;2023-08-01;5dc1196d-f60c-4fd3-ab1f-a8dee4e6819a
BDAK6ULU2GVHCEVU0;2007;251527;B;2023-01-09;04a60dc5-393e-41d7-8f37-9433d85ceb12
Z26M5RZL1NAFJ7L06;2014;812469;B;2023-09-18;78534e4d-0cb7-41e3-b9d2-d82104dbd9b1
D0MUVCEE80FUCHWLC;2019;704827;B;2023-01-22;bd1c5614-966b-4c86-ac83-7a6df7ea9c6d
M1PT65YT1TBZGUJDN;2004;643821;B;2023-06-20;a76860d6-1820-47fd-bfd8-8ed123d42659
254UUH9V1D7FHJS2K;2018;669960;B;2023-03-02;a6d5e163-5921-41a4-a4e0-a8caa777f85e
R6VZ3UX537NPBMJNZ;1998;578720;B;2023-10-09;c66aae76-2c86-4242-8981-75f75fb0db85
SHZSTC3Z4FSAF9VL2;2021;989680;B;2023-03-26;f6c6b422-31ff-489a-87a3-21311c01411c
WP0JDNVX53WL3K6NX;2022;860364;B;2023-09-05;9c5bd242-c527-4637-b948-c2924858e4ec
RVXALCWR15YPD6D0J;2019;502993;B;2023-09-27;5b2de8b0-8201-4f43-8c55-2e3a813f734a
Y0FZLC4F5191BCKGF;1997;221743;B;2023-01-16;4dd92126-e6b4-481d-ac88-d12b7a2fa8e2
WF3HXBWZ0LR9EMR43;2014;599389;B;2023-10-24;d41bc5fb-bf63-4563-90be-a1f7cec2a66c
A8GF6XPZ9VS5T60NH;2022;172054;B;2023-03-12;5926ed8c-eff5-407b-91dd-2cc90b962666
284SPJKN7B8HKCUKX;2001;172523;B;2023-03-06;5400acc6-dc3f-426e-97bc-af5a2ee38ead
EVDWHE6L4STHL4YGK;2019;905195;B;2023-06-19;5620dc01-dadc-40c7-8b58-8ace7b17a878
GMAVGA0S6XXWYB809;2018;729346;B;2023-03-14;7826fd6b-7a69-4f09-a922-c0d0014ae6c2
W9C4ACVR5AKM6CDN2;2009;519205;B;2023-06-08;a76860d6-1820-47fd-bfd8-8ed123d42659
LUB232FK7114516FX;1999;817576;B;2023-04-01;c69020bc-34cb-4b56-978b-37bafd448251
UPPE0MEH8J26E3SXJ;2004;605238;B;2023-10-23;0162378e-00f1-43ca-8ce5-7d7a2b86457b
RR1XFT442HW3Z6E4H;2014;498792;B;2023-04-07;2a831c17-59ca-4a2e-a6cf-6142f9434d84
RLZSKP3W5GB15TB67;1998;112787;B;2023-02-20;268695af-d3e3-4c10-8aee-c940511e3289
D548PJ6S24HJJNVTK;2000;226126;B;2023-09-23;de161d23-2430-4bac-8aad-3e1f505cafc2
FR5UHS5H5WUFA061L;2012;404388;B;2023-10-28;159a8804-e248-440b-af7f-e43cf3e96f1d
EXFL5SSRXNDAUUPCX;2019;603452;B;2023-01-25;6b1cda0c-26eb-4bf5-9da6-3911ae4c2c81
3J87SY2J37DVL4DBH;1998;888863;B;2023-10-05;5db112e5-22e3-4b33-8989-25650a4e813c
2JVEGJUM7JZD2G337;2022;36838;B;2023-05-02;d81e2531-00af-4342-92b3-8f4f14623de9
2A0MX9T9609NLL810;2013;264130;B;2023-05-14;d23a4cf5-a954-4395-adf5-bf0b46229b39
JT02SCXY7AP7YJ7YF;1975;177210;B;2023-09-17;7c415c82-75c9-481a-8c43-1e9e904e5856
7ENDZYK625XKPHND7;2014;171434;B;2023-04-25;a2970f24-9e54-4a12-b8cb-b106fbba0374
34V0C01932LRHNV1W;2021;269004;B;2023-09-15;acb912c5-727c-4131-83e6-2a2dfda9736d
E773VMJ93BAGK5051;2005;461501;B;2023-05-25;3f797495-1ab2-46ed-a337-bd4b4795dd34
1GB3G5F00S2FVZ26X;2000;745907;B;2023-02-21;bcaf742f-7976-41ca-b793-e2b90dcbfe52
WJ553N4R1PJE8RPF8;2022;282082;B;2023-05-22;cc4588d4-fb71-4450-b128-34c85d6e969e
XKG4HEKD9E1556SU7;2019;389854;B;2023-01-05;0847abec-2f18-4318-a15e-950d3bd98b55
AEG87DS136NE6BFKB;2009;489899;B;2023-07-02;cf99b6ea-220a-4bc0-954f-d5730594cab2
G8J3AL965RK25XY63;2014;540738;B;2023-04-18;609f56fb-22ed-4b5d-9ad3-a86ed86a2a9e
US4U01EL5S0Y233HV;1991;442345;B;2023-10-28;cec3054f-a4f2-4662-ab1a-85f75446cd83
J9R1F6CR19DL6424R;2022;865679;B;2023-09-05;315889a7-cd4f-4735-879f-e36d7cb92564
ELHEFD7H16NTA0BH1;1997;89433;B;2023-08-25;5beb4461-7b66-4902-adc2-354fb765c3a2
UHULEHH56VUH3CBT2;2011;447572;B;2023-07-13;b89b2244-ff05-4445-a57b-1f0b3802ddc0
P5H80YNK0FDCX7Y0J;1992;479422;B;2023-10-22;ad391f92-f6de-4b41-98a0-47750aadf046
PGPE2GKV2T6K5ZDP4;2023;301200;B;2023-06-14;86fa3324-fdce-4a08-983f-ff3321dcb1be
TBVJPAJH21EF8D12V;2009;607224;B;2023-03-12;5400acc6-dc3f-426e-97bc-af5a2ee38ead
RZYZX3EZ05DKNJENJ;2023;135371;B;2023-02-22;6d28a926-e686-4f28-915d-0929f4161317
KNRN6GCY4RMB9VB1N;2019;660634;B;2023-09-08;4ac19d0e-f9a5-421d-97af-fa7bd7247cd2
59WWZUA7826M7TUMJ;2022;86506;B;2023-04-16;cc46035c-16bc-42cb-9e0e-3a35b22f3b6f
S3YPHV7U2CK5EUGH4;2002;883892;B;2023-01-27;566afcdd-717f-4de9-9c99-9444bc29f215
DU1454GF9GAG1LRTH;2012;289784;B;2023-02-28;5731f7cc-8bdb-4800-88b7-a18fb0ef1ca8
R9MYRT6G8NXS8BYUS;2023;23239;B;2023-03-30;17335ceb-00b1-4798-ac7d-1803de753ad9
R67J3UTE38V11VG7P;2020;395707;B;2023-04-30;7b225036-fe0e-4e45-bc8a-f26ffad7ab84
TD0VD6RZ6GK60EF2Z;1992;571553;B;2023-09-23;4c89f354-c87b-4083-a908-d364ece48463
BVDP1W2F04XDSMVFE;2011;608653;B;2023-09-16;200dd6c2-8c8e-41d4-8e5a-258aaa9b573f
CNM455WE0D4112N6W;2023;575716;B;2023-03-11;7db878cd-f8ac-46a8-9259-bb861cf50b51
U0UR9JFA3X0HKR1LK;2008;519419;B;2023-06-25;74db5f86-6edb-4282-80f0-ae7be712f569
XN3XTX3T322PUUCY6;1979;84487;B;2023-02-06;5fb1d5f6-d167-42cb-b37b-64509f3dee29
XP2SLVLR0SEHVV1FE;2021;305914;B;2023-09-19;74f9e7e6-6ae4-49d0-995a-07a96a091150
4ER4GS5P949EXBZ2F;2014;607806;B;2023-10-10;75735d57-45ce-4714-b7f1-e4fb0dbaecc9
LK5MLL8X1RGR6M9GV;1994;575764;B;2023-07-31;70da125c-4a13-4d85-985a-54f3c5c735f4
R46G1MUS9JJ04FAPL;1973;607333;B;2023-09-28;8b5e0580-736d-4ab5-81e8-acbc2d1c744d
NP8J5GVF041DGGMNR;2009;426148;B;2023-10-16;315889a7-cd4f-4735-879f-e36d7cb92564
VPG5ZS109GCFN6X0E;1981;732250;B;2023-10-15;ad8dab33-a70e-46e9-90e3-0f3e8d93ec14
HFUTENW503M1ZMT1N;2017;10506;B;2023-01-10;288b1914-e9d0-4e28-a6fc-2a907476327c
XK9S6DVT5ZN3HAN89;2017;312448;B;2023-08-04;7ea30154-eb20-41ce-b11f-7a5de25b46dc
RZJ5V9NN3L7H47Y9W;2018;607628;B;2023-04-05;e13f1e6b-c4ba-47b9-8108-c9d2d03461f9
3WCD4EGBXB99JE70P;2010;801821;B;2023-04-03;c1cf2cbc-45f1-4cfd-8c1c-ab1468fdf851
P613MPS63L46MPEFG;2023;820425;B;2023-01-21;b72705be-3902-43a1-b398-356bc2e254e4
3LL4A8ET8MTK4FYTR;2002;883183;B;2023-04-03;40840195-e6ab-4ecd-8ff7-d0e00bb33bf9
S90SN6XG08W6BHD2K;2016;544500;B;2023-06-17;71c0da40-4d08-44eb-a178-c7f61388989d
NA05L8MB21FVU8K5T;2019;522717;B;2023-10-14;f1c36742-0f85-41ff-8a97-0c049a5685ff
65VD6U99X0V72NEPL;1996;532461;B;2023-04-16;4dca45b5-1db0-47ca-b6fc-c883239a6c1c
X8DBNDRP5UKBN0K4M;2020;785331;B;2023-05-19;e360dcfc-949d-4971-972b-fd124888290b
8L9C05FM885TV1Y90;2023;790064;B;2023-05-06;75d9f2da-a725-4b24-9953-b495ffc7d689
SEJENJPA5E0G0T2GJ;2021;650800;B;2023-09-19;9300d219-1197-40b3-912d-f64eb39032af
LVU3242L623YLHGFS;2023;779341;B;2023-02-23;908da644-8a54-4a16-ac41-c7787e996027
XRD3R69X1LWYX9R3V;2005;912862;B;2023-01-28;9190cdf8-ccef-4885-ab86-0f139b8f25c9
2XNUNFKK7D2HT8HTU;1984;953236;B;2023-05-10;9bcc38f7-2775-498c-b216-ae86ed5fea51
XX5381LP2U8TLX9YA;1995;998205;B;2023-01-08;91a9bc74-4a32-404d-9996-8cdbc1befde4
CD1LLJMV2M81Z7R13;2022;731469;B;2023-03-25;50e648f6-a770-4c2b-9d5a-1930cb2ac00f
7P7A37ME7MNBY9HJD;1994;90462;B;2023-05-01;a32f05c8-251d-460f-bda3-31e6d0a6859b
MXH83PEVXTYW431WH;2020;33714;B;2023-09-02;093ad6d0-2a01-46d5-8945-f214578a5d59
AE3KDWTX4F3HF3KZN;2008;831551;B;2023-07-15;74db5f86-6edb-4282-80f0-ae7be712f569
NVXYJ3K12528DS14P;2019;36430;B;2023-06-10;47389695-3390-4d60-8825-800b01ab0693
CLRJZ2SW1L031ZSD1;2004;103583;B;2023-07-06;2ee8cf99-63bf-4f45-adaf-30418e232bca
Z3G8Z32R3WJCJD8NT;2015;165031;B;2023-06-13;d535bac0-b1fa-4e4a-b570-c039ab5c2dba
XEH80N8U3TX462C7X;2012;116813;B;2023-02-10;9fe41dac-d19d-4859-a9d1-92770be765a4
J9VTYYWD9TBNHK6NT;2022;926367;B;2023-04-01;8a6562aa-e3f7-48b1-b8a7-9a1eeb82aa25
9PLPZ1XE95LKNZENW;2018;35712;B;2023-09-13;21b4fbe6-2d9b-489d-b13a-c7a4853a552b
4DJ1PPYH04A29WACP;2018;314698;B;2023-03-08;ea1eab8c-7692-4a1e-b323-2d65c8daabe6
JSEV28MX7X2GN2D8D;1978;56520;B;2023-03-22;1303b28f-362b-4e8e-adee-fbfaba8c47ac
MM4PMDS32SAYXU592;1984;512573;B;2023-10-16;1ab8ea2a-c6a5-41d3-a14b-08b69c75375d
SS15AJ155F0STKLLN;1978;680229;B;2023-06-25;17fc55b3-cb16-4057-aed7-4899d53508ae
LFFZ42EM6U5JZHKRB;1998;237574;B;2023-03-27;3d8e03fd-d640-4163-bfbf-8e5461f37074
NCLCT2KM7XBMMHA3D;2011;152988;B;2023-05-17;9335a0ae-8f03-40d3-859a-ece28e4c8979
JMYKG5YA9N5UNNWP9;2016;780345;B;2023-10-14;c8f8bd4c-bf1f-4fd5-ba64-4aceec6e2d70
0GF7S4SB04614FCT0;2013;69079;B;2023-09-20;d535bac0-b1fa-4e4a-b570-c039ab5c2dba
529J2EAF3DT0N4640;2011;281065;B;2023-03-24;ac9011f0-b67d-4a63-a429-05b111fa95c4
0TAKZ7A1XYZPRHPVX;2016;480992;B;2023-08-30;2964509c-5620-4c0e-9327-422d50852450
CLGAT52K0B9NNR3MR;2010;364864;B;2023-08-11;3f797495-1ab2-46ed-a337-bd4b4795dd34
2ZWHT7BY19EJK3TZ4;1980;626077;B;2023-09-17;6c03237c-5969-4ad5-96c7-6d88e66b685c
2DEDDP511V6DVA8A0;2014;439422;B;2023-09-21;3870a848-ef08-4d8e-afa3-97051ed314fe
6YAW6WCU2H8LVG15C;2015;690624;B;2023-05-02;13caddbc-ab0d-4c21-b26e-4d9bfb69c40c
UGBEVYG78XFT23Y3A;2017;930414;B;2023-03-11;7826fd6b-7a69-4f09-a922-c0d0014ae6c2
4GMWA56212S0D3289;2017;928037;B;2023-03-23;ff61bdb8-26be-48ed-b05c-e921745ec2c5
NCM9E49V28UJ7M9B4;2022;509033;B;2023-04-03;0361c071-6a6d-4fc2-8991-b14997c55849
8ZS0M9CT1U9696MHK;1998;230925;B;2023-04-18;1733825f-4d83-4f57-9a3e-8b6897ebe183
UKTU4KBU27N82FKNJ;1991;175213;B;2023-05-06;fb180e24-711a-4024-b6c9-98127689911d
J8RP0C1F98BHWPX16;1989;82260;B;2023-01-11;de0d0bd7-cb00-4161-84ca-ae42b1f4e5ca
HAGPR7FS2LBBVTA5Z;2017;129431;B;2023-01-04;203c2b30-ec3c-492d-b236-bf7428131a9d
BVG2ZGH3481BKR0NT;2003;784953;B;2023-01-24;6a6f4c93-4ef8-492c-9448-62e61b7a752b
K67GKN6H5U0JG4LWH;2022;973133;B;2023-08-10;94e6c64f-04d5-4c17-b0d2-3b31106a2606
YSZ2MDX539SYYTCPS;1993;881013;B;2023-05-07;c66aae76-2c86-4242-8981-75f75fb0db85
A43N16R95C93LKDU8;2018;551280;B;2023-10-10;afd888e2-b053-4467-adbe-fe828209bc45
VY8NKT8A88TGBCZCU;1997;794411;B;2023-03-19;2cdf08ad-24d6-4917-a87a-38a4b9890318
N6R5K4Z85V72WT10Z;2017;769524;B;2023-08-25;4bfff2d7-39e0-44ce-84ac-eda145a19c4a
G1VSP3S4XRJLAJVRN;2010;840245;B;2023-01-04;c5c027d1-f448-405f-a40e-5041fe53721f
E7NGDGGH23D1543U3;2005;962531;B;2023-01-17;88d7139f-9505-45b2-a04e-ce605225b8d8
CGN5ECRN540ZT2YFE;2018;16341;B;2023-01-11;49d7d4b2-5017-472c-a2d1-906d4c68a3c3
W7VT4C9D17JJXZLRW;2020;815443;B;2023-08-05;434de1ac-b034-4e47-b1c2-7bd023487683
U0E38LSE5T16JTK6C;2023;143329;B;2023-09-09;60f5d824-1b91-40ba-b76f-45652b8295ed
37824CY5XZB3M67PR;1990;668266;B;2023-03-05;2cdf08ad-24d6-4917-a87a-38a4b9890318
4BMSUSFK8YJU1HNJ8;2017;63119;B;2023-10-27;90c85f49-0dbf-4bf6-8051-0df34805fb17
5Y5NDF5C7XXBHZGXJ;2011;599587;B;2023-01-23;29a3a68a-ab1c-45f8-b24b-c95eafca8631
Z0G5R37K4THGXHY56;2009;418684;B;2023-07-22;3c82e55c-2858-4f6f-8b46-d25720e9db64
U45TN7MCXJHKT12J1;2023;48235;B;2023-06-30;54576114-254b-4a18-874e-5c9edb03f2fc
HPDET2YU7RCLRZEJ9;1991;530265;B;2023-07-19;a61e7968-3d43-47e9-b2c8-81ccb8009967
Z0ZLL3K7XTTZ76JG7;2023;300753;B;2023-08-31;0921b71e-536e-4c02-836a-3f78e1cc8066
ZW035Y8H2E1YDUPHF;2014;999154;B;2023-10-06;a11ed4b2-2a73-4600-87a9-97d655751967
ZXWY6GUM2XZX8KGUA;2017;315496;B;2023-08-27;0eddff6f-f031-40da-958b-bc28108a26ae
3H7HRJ4G607WJWUAX;1995;156929;B;2023-04-10;ac8717c4-224e-4ae9-95c5-283b62388a96
8LZY1B5MXAWU8EXXB;2021;339157;B;2023-01-30;b291dde1-ea2b-4009-a30d-4ea7c2cccc06
B8N2K9ZB1UEUH4JLH;2016;34241;B;2023-08-20;9a42bd96-0a7b-48cc-9a98-b02b1cd24cab
5HCZBZPL80JBRZ91L;2013;374149;B;2023-03-22;52d508d6-5842-432e-9a95-51e7404aa90e
M23FMGZE99F3EZ1T6;2018;961811;B;2023-03-04;5620dc01-dadc-40c7-8b58-8ace7b17a878
94HD4Z9M4JSCHDYXD;2001;48620;B;2023-03-06;913f6b88-4cb9-4977-a7ba-3a9018dcecae
J0KNZWZB2WN1CWEXH;2002;128170;B;2023-03-05;5877cb3d-227b-412e-a978-d3d6ae472cda
4PHT2G6B7RA43RLJG;1988;951715;B;2023-07-17;c13ce5ba-6de9-42a0-b5ff-705bfe6b8a8a
W6ZA7TPS5L8BGUKEJ;1981;216376;B;2023-01-21;fc5ceb8e-d3ca-44e2-b3fd-6ed2f26dc905
45MBPAMJ5UV062391;2002;786990;B;2023-08-20;3ecdacb3-87b1-4a68-9097-f3fd0c86986a
U8BKGKD53SJEEH68Z;2021;714368;B;2023-09-28;7b225036-fe0e-4e45-bc8a-f26ffad7ab84
745XYDAR4RFNDE8AN;2022;123540;B;2023-08-08;945dfeef-ccbf-46e9-a9f7-5e40ac8a48fa
5AYKKVLP2ZHF7MLWP;2002;36756;B;2023-03-17;3130a4fa-73bd-44e5-9059-b7e66cae01f7
W0ZL3E6N47Z83SE3W;1984;313279;B;2023-01-06;3870a848-ef08-4d8e-afa3-97051ed314fe
JEWVJ3SK93A9NE0R9;2015;666269;B;2023-05-29;ff61bdb8-26be-48ed-b05c-e921745ec2c5
8DR1WRD986MMY8J97;2014;294813;B;2023-09-23;a11ed4b2-2a73-4600-87a9-97d655751967
47YWFPNW2A1B1UBXY;1990;119819;B;2023-04-19;25cedd8f-1b13-4b66-8655-c83da49d79b9
6GNA94PK3NUEKFGKM;2013;336533;B;2023-02-13;b617ca19-a3af-4d65-a2f4-c692584b17ed
DZEJ029S801SU4PWU;1991;816747;B;2023-06-19;17879e34-660f-46c6-b1e4-07d0ba44a394
6XU7VGM78D480GHAF;2011;144753;B;2023-08-06;911d35b7-857c-486b-b574-b8f272b8a87c
77VCUGB78ANE755PL;1981;97414;B;2023-10-18;aea1987b-8aaa-4e2a-a16a-54c99531ec5d
PJA9NJH26N5DS8ZNJ;2023;899971;B;2023-01-21;20ad4c1a-62ae-4045-a37a-b6fe1ce7a386
VD081Z944JSJAUFZC;2016;482861;B;2023-09-19;83076c42-3a3f-43cf-9f11-fd80202b484b
1J4W8TCY4FARML37R;2013;524916;B;2023-01-22;38e51087-418c-4ae3-9b4a-1a1c00e9e400
3X2HC2AJ8XKSXNHGP;2020;480887;B;2023-04-16;f3740b28-f4e8-45b4-bbbf-251b5c49729e
V4S65KUR2AWN1ZTBX;2013;869781;B;2023-04-28;b81a6559-e5db-44e2-ad5b-caa5a926a166
JA3YSVVW4NW9YJH3L;2014;378910;B;2023-09-01;b8846d63-a00d-4ae3-9a0a-40f7a123cbb1
KSE9CAPK64WR1CKU8;1999;481618;B;2023-06-15;1b70e9a6-4928-4c14-b6c4-99c8a6c4581c
5X85620C51HRMFC70;2021;199581;B;2023-09-09;50d1c1b4-9b87-40cd-9c61-d708a16e0bcf
C78PG95S7E3D17V7Y;1981;945403;B;2023-03-07;25cedd8f-1b13-4b66-8655-c83da49d79b9
EBCKSR2Y4X94S2SFN;2011;503908;B;2023-06-14;1b70e9a6-4928-4c14-b6c4-99c8a6c4581c
EFW2UKUY5KHP7DW9Z;2019;385106;B;2023-01-10;88436fbe-9be5-40b8-8068-e23ceea3f949
R46RXTJCX4ZSN2PZY;2023;451769;B;2023-08-13;49567815-ee3b-467e-be69-05a910d31387
WAHCTFD40SX6BZRDW;1987;290121;B;2023-03-30;e72fbfb3-54c8-4e3e-844f-a6d53275a2bb
6JJM9XZ6018WPY8GZ;2018;812908;B;2023-10-10;117c1592-d411-40d0-9f12-c6933a33c83d
KRCBCRV80JB8249U5;2004;198689;B;2023-07-25;da384989-bed4-4042-9a7b-641be54dcb93
VRS7SVHC8TT2K9L8H;2009;39690;B;2023-08-30;70bb5e6d-161b-4ba7-98ee-f80f4e6485d9
PMJT86MR1ARMPVVBU;1998;560805;B;2023-06-19;3130a4fa-73bd-44e5-9059-b7e66cae01f7
MN2B8T8BX1WDY0FPZ;2000;906934;B;2023-10-04;51f473b8-a451-494c-9a52-458acb0eda8c
W6LP9ALV948CL28L5;2004;449403;B;2023-08-20;0161fc2c-f71b-4e27-8128-b6cd3ccf76ce
U8DSF4T840JXHL8J6;1994;1248;B;2023-09-06;de1130b5-8075-4ac2-967d-9fc0de212f43
69W1S9Y2X9DDX3MLB;2022;24776;B;2023-08-01;d57d62af-27f8-41a3-8866-1af216fdc92a
MGZ4JLR15CN3RSM33;2006;295384;B;2023-08-12;a1d6dd82-c6d0-4324-8fd9-4cb7ea26a925
FEYHP2V18LHKKJFU5;2014;519879;B;2023-04-13;895fe418-2de4-4770-b1ce-6b62dbe88ff4
VTT0ZD5X3HZ0PDBNZ;1985;516565;B;2023-09-29;8a65c562-d499-4f39-9ea8-a92185635b16
F77V3VJS032SXS2GF;2021;459617;B;2023-03-12;6fd2ffd1-7e6b-4aeb-b78b-1caa86b0316c
85N3EM927KF8J9VDC;2010;560929;B;2023-02-22;ee704b6e-8c6c-4708-a5bc-eacde19cdc6a
MRVN6ANW9TBU2T3YJ;2023;421932;B;2023-04-03;069e30d7-efbb-491e-b3d1-e69eb127290a
75HMPHTD3ECG7BYTM;2003;175718;B;2023-04-29;fc5ceb8e-d3ca-44e2-b3fd-6ed2f26dc905
ZSC9FVJZ2RHASKVT7;2023;746503;B;2023-09-12;751c14ce-1835-488d-8f17-7e491cd39ace
H0AVC1JP1LT8S9P99;2003;774435;B;2023-06-26;4c89f354-c87b-4083-a908-d364ece48463
KXPXKXED0CR6W4SW9;2020;994356;B;2023-07-30;51d26ef9-7cfc-49ca-8386-db28da7aab53
2NJJSEE616A72VD3G;2010;815413;B;2023-03-04;c5ef0810-a60e-4298-98a1-640e70ad382e
XJ5TB94X5RV9DNBXT;2014;265437;B;2023-08-17;35ccf41c-3fb3-4f02-b88b-a71bb9b4659a
LARF7FLM1KAWSU2YG;2013;12748;B;2023-03-29;53edb6ab-77b5-45e5-9480-164edab43d78
WDCURJES5EFAVKJ6F;1985;894078;B;2023-03-19;fe7376bc-b3ee-4209-93e3-a9d884535296
28B5W0Z380URYW7VR;2023;650508;B;2023-04-21;a619b3dc-2daf-48e9-8085-a4af64330667
98E9E1JA32DU5R50N;2021;356525;B;2023-08-05;72b1306d-d6e2-4795-b09c-1329bbb2f9e0
NZN83ZNW1ASR84RMV;2021;787188;B;2023-06-19;f6c6b422-31ff-489a-87a3-21311c01411c
BLMDXBJZ7ML8HXFHK;2020;105211;B;2023-05-11;0ca183cf-daa4-440f-870a-6c9646d02dc8
0X6GP9TT6ASZSYZWD;2019;21444;B;2023-04-02;046476dd-ae7c-40ba-80ee-451e8b8ec736
D01T2J2K9NPNFWMSY;2023;44888;B;2023-04-27;947b66b2-d183-4d0c-bb8a-a78efe1f0219
VA548D7K888SK0H15;2022;853846;B;2023-03-18;63ae18f8-c9de-4b8b-bfa1-77cdf3133275
4130RL0N3W9JA2WRP;2011;754611;B;2023-02-14;89abaa84-e2d5-4425-9422-9119947fd20b
UY562SG083SSAWBWV;2007;991858;B;2023-08-01;5a224032-b33a-4b9a-84ef-88a7a0d0b2b9
PH0KN62C552NDUL3J;2023;486762;B;2023-03-06;9dc90edb-faaa-4c06-8b85-a4f310eac3dd
9CHMAXZU3ZRSV0L8E;2018;183575;B;2023-06-25;322c02f7-d181-4cba-8617-b78718a8fd19
RE28G86WXJ4UVP2UA;1990;407614;B;2023-07-26;17879e34-660f-46c6-b1e4-07d0ba44a394
NJR3LPSG6DK1SEZSM;2023;510115;B;2023-03-07;71c0da40-4d08-44eb-a178-c7f61388989d
UWUEE8822WXL4118Z;2014;709228;B;2023-04-11;e3945fc5-aec8-4218-8f1d-32dacb1018e0
09P8YFB64F503FX64;1979;147123;B;2023-03-24;48d21f57-531c-4b53-89b0-d69be9fff01b
5VZ4WBZ607S8YKJY3;1994;12909;B;2023-03-16;1cbc0fa5-2328-4853-8711-a6c571ea1986
LWEWJDYL6RRGCPGM9;2013;625184;B;2023-09-23;609f56fb-22ed-4b5d-9ad3-a86ed86a2a9e
K8H0TUHS8YV3RRL1E;2019;173761;B;2023-04-08;c5a2de58-ef1b-48fe-99fc-7e6babfd227d
FSJNVMDW69JTP67SS;2016;337672;B;2023-02-28;ac07ef8c-8876-4299-9a0b-b1f70e00ec00
DB8KTNSX8U2Z08UGZ;2021;430365;B;2023-10-01;ba61fc18-e18c-4b18-87ad-bc8d50cd8136
KCR8164G2C0SYJVMU;2023;82600;B;2023-01-23;ace72630-0762-43e0-903c-2258b328fae3
0TZM2KGF6SA328PAW;2011;765969;B;2023-08-19;33790f94-5bba-4814-ab00-488403903079
SVB9CS2E32NKXEXHL;2010;165189;B;2023-06-12;117c1592-d411-40d0-9f12-c6933a33c83d
85JAPT035M80ZVRS7;2019;57722;B;2023-06-18;c5c027d1-f448-405f-a40e-5041fe53721f
1G3S7L4019Z46CB2V;2023;336011;B;2023-06-02;26e207c1-4a0d-4dee-b4de-4f16d55e925c
8PX658D76TV0FLMDK;2021;759946;B;2023-01-07;cc46035c-16bc-42cb-9e0e-3a35b22f3b6f
XWU4CD4M2HA5RPTXJ;2022;364361;B;2023-06-27;586a3601-e5b6-4bcb-a79c-a6eaae375122
3V347K2J0MG5AA3JV;2005;913968;B;2023-04-30;f9750afe-a0e0-48c9-90e9-d6fbeeb2eb25
J15L4Z4D9A1P40VNU;2023;230512;B;2023-10-14;c31ee0fc-936e-4c7f-ba5b-c464857ef676
RTRB6W7E4AYLYF3R7;2012;480227;B;2023-09-13;659d7629-e771-492e-b789-1745ce4f6121
CHHG9NRHXFAP2TU03;1993;452852;B;2023-02-28;9190cdf8-ccef-4885-ab86-0f139b8f25c9
D98FZ1TN3WTED7XLE;1996;723448;B;2023-03-25;7e19b6f5-249d-4a61-b99d-7505db473225
EV8W0RVN9JJM7LUSM;2020;343055;B;2023-01-17;0c930de9-2aaf-4527-98ae-ec5e133f720b
WJEJGZPG28XB6K654;2022;645826;B;2023-07-08;9c5bd242-c527-4637-b948-c2924858e4ec
G737TTJH9WSD4V0CN;2012;2892;B;2023-04-01;03b95fcf-b3cd-4072-a441-2718eedf1c17
UM7NA6WA0T6ZWRP6B;1995;857134;B;2023-08-15;7223afca-b900-41b2-bc1c-da0b818cb675
5HSGNW5H58UUD5D5T;2022;303500;B;2023-01-08;d57d62af-27f8-41a3-8866-1af216fdc92a
MCNDVP8V1AL9ZJJPZ;2005;213215;B;2023-05-26;34bb5098-b397-42e5-b659-489da2406c77
UK1SV95HX764JGFUA;2021;791379;B;2023-03-07;3c14246e-2bb5-4b11-9687-0ea86356f046
HJNXK7W29XUWKH5HD;2017;190540;B;2023-07-29;03e8988c-e1c1-465a-a162-c7d9a9dd9396
W0AY0AGS81WSUF4SH;2019;245333;B;2023-06-22;96d104c2-a9a3-48e8-a9d6-f2f0b529bfea
6KW4BTKL729UNRU3Y;2023;853170;B;2023-05-15;405f95b3-5d20-452e-b6f8-8285faf2e98a
RPYTA9DH57FUW9MUB;2022;700167;B;2023-09-29;a46ca389-b59e-4760-b1ec-f437767ead55
ADS0FYU694PE7JD43;1999;266428;B;2023-07-10;f6c13755-e9a0-4d92-b2fe-28f9327d3841
LG2T8PPJ5WBD8SUSJ;2008;742224;B;2023-07-25;044f9536-ca2c-4faa-beaf-9ef4710ceddf
6ALDNWSW2ZRG1DSVR;1984;339559;B;2023-07-11;9a09398f-d194-4847-8b94-b6290502ec71
V94BMMFW1VRL1C6NT;2020;778443;B;2023-09-04;feb873bf-9bfd-4838-918c-7078bd716c92
599X8R5T8R1Z8A0RA;2014;245944;B;2023-02-10;cfc247b9-aa1d-4bb2-8df4-83fe52a16e75
5TE8AKTZ0G2UY5233;2017;551112;B;2023-10-22;05e88d97-0d77-4343-a64a-e327e215926f
148SGPTK6U82MFHT1;2009;404954;B;2023-03-19;0911073b-c287-45c9-938c-738c5200beaf
RMTZTV8WX1PSPG8DT;2000;376430;B;2023-10-09;f5c4176e-0269-4b4b-95dd-d66621f47e53
063RFFKAXYWRMDHRP;2020;170277;B;2023-04-01;8b59c050-4c5f-499b-a34c-d47f61621239
SU68FBG74V7JW7ADS;2008;707471;B;2023-05-09;8d7c2adb-2e84-4fdb-9eea-154ad3d63bc9
2PZTKT9B5UG1X8L1H;2010;347792;B;2023-06-21;0b076770-34d3-42be-9750-491314182bab
XU2B7EV06CJ96RZAP;2014;376401;B;2023-08-12;e3894209-20d5-4265-b419-46e3e4422d6f
ERFSMFV70RZKR9GDG;2014;470739;B;2023-10-21;15d42698-ad76-41ff-b3b1-2fd7edf06896
J1KWMVLT8080WPTZR;2017;456761;B;2023-02-19;6932f213-538b-4a8b-9163-50120bf04bbe
VX24FLFF737CRBLSA;1981;171776;B;2023-02-22;75065d1b-4fec-45ac-b3a2-9b2729ce848f
2CX5HKTZ1W5Z38HMV;1987;10805;B;2023-08-05;35fe30c4-f790-4f91-88d6-51ec43b54613
FYFJ5MG18BBC0BH1S;2023;901165;B;2023-08-08;94113086-7d76-4ded-9c96-ccc8f8ee8803
UKLTMTKF47CVLLY8E;2001;949199;B;2023-08-05;4f8f3898-e4e7-4a3e-8b05-2c2ff4d6a1d3
Z54DC4Y27L2R2JCRU;2016;950563;B;2023-04-30;4a2d1dc1-dd59-4254-bbc1-41fa1d1a4a62
FXMDC7EY17T16BBUC;2012;647686;B;2023-06-10;659d7629-e771-492e-b789-1745ce4f6121
5F168R9U1WAMAYDEC;1995;625753;B;2023-08-27;268695af-d3e3-4c10-8aee-c940511e3289
JN401H34X15S12H00;1999;565650;B;2023-10-17;7e0d90c0-1cca-41be-b62f-d1ef63682d4f
T2EPG2HA36Y0XCNJH;1972;190960;B;2023-07-19;9b135c9a-428c-4cd0-9a05-5309f1bd47db
KBYKGPN817FB4SCW7;1985;143130;B;2023-03-24;2964509c-5620-4c0e-9327-422d50852450
XVJ0UYYX4WYZJTTYH;2021;679737;B;2023-10-02;c13ce5ba-6de9-42a0-b5ff-705bfe6b8a8a
2VD8580R765KSSYN5;2010;919828;B;2023-03-22;548dfdca-8f47-4b78-9bf6-d7ed3b6e1d89
GSAZWT0X1YT1YGX10;2013;465794;B;2023-07-11;609f56fb-22ed-4b5d-9ad3-a86ed86a2a9e
MZUXC42F8102WS0D2;1986;148560;B;2023-01-19;7d537cbe-dd47-4cfb-b7af-140597fbff75
FSBH2WZX1M78LBJDV;2023;59561;B;2023-03-13;1733825f-4d83-4f57-9a3e-8b6897ebe183
6CXZY93N09M0SDFVZ;2011;778099;B;2023-06-18;6f2fe413-4940-40f6-8497-8573c4ba0610
L0CVTFHL9DCMN55KH;1986;408937;B;2023-10-04;08a9e39b-2ffc-4362-a769-8feaa3496c4c
62BY1M1V9KS6CJEP3;2021;157832;B;2023-10-21;5db86882-b88d-4593-bc1a-9f4f9359fb60
G144VHXT65KGSMHJD;2022;903832;B;2023-03-08;4b601e6b-b8df-4707-8355-a85deb460f7e
5L33ZVZ23G27KD0Z9;2004;13134;B;2023-10-24;387ae32e-1117-4232-9897-f72cf025424b
7JLE3CL036HJ96ERE;1989;564716;B;2023-02-27;f3b2676e-3c36-4d7a-b5ed-4ee26791511b
ML6J0XUJ47RKH5BJF;2022;908405;B;2023-06-02;d8e92760-96df-40c8-9ba3-447c5e8fbcde
VCSVKNLE0TFN6UTCV;2020;213315;B;2023-08-12;54ec253e-f47d-489f-bde4-2a86364751e1
6WJLJAXK3ELFKV88E;2015;544071;B;2023-06-21;832ba60c-a44b-4d52-9b45-4aa8871efb4d
N5U8J6HH5TFPG127N;2022;258808;B;2023-03-16;5f46272d-eaeb-4012-b509-5fdf72354171
8C41Y1GK7CUU2KSAW;2007;975057;B;2023-10-06;6b1c27ec-f171-424b-a125-e1b37321cc26
U58TUT6542A3LWA9J;2013;173342;B;2023-06-17;6904cb7a-6258-4cbd-81a9-448c86f47028
M0S4SEBS4746NS0TK;1987;818699;B;2023-02-20;6d60144d-8a46-469a-888f-0daf3abe83d8
CP4NG4BK15P7G5B5S;2013;855121;B;2023-03-30;2315f01a-f780-4bcc-900f-93bea655efe4
LUSCP9HY8LC8YJT9U;2019;930210;B;2023-02-28;a125c846-cc2e-4935-849a-a5695c2976d7
1H7VD43M1ZW1RS461;2023;580769;B;2023-03-30;942146aa-7916-4423-9d4b-acb958239346
CB2WX45837K51BDZ8;2004;541886;B;2023-08-01;d2addedc-f6e1-4aab-815e-25133ba3b775
NPEA8TU67U5G89771;2011;681232;B;2023-01-01;7cf497a8-b90f-41ee-a5f8-afdd384b13f0
RJWUJZLN59VU8PHEN;2020;640573;B;2023-02-14;6b1c27ec-f171-424b-a125-e1b37321cc26
AW4M74610KBHEJTJ6;1995;192699;B;2023-07-28;16524adc-d814-4479-a11f-7c4ae2986be8
TGE0Y96B2T9Y7EFRD;2022;763673;B;2023-08-08;cc46035c-16bc-42cb-9e0e-3a35b22f3b6f
KWL2AR4010R5EM45R;1982;92145;B;2023-01-28;dd04235a-f2aa-4915-99d8-421435c12e19
DBCHCWTG3RMCSM6K2;2011;223887;B;2023-10-12;3225d528-dc27-49d0-98f4-b4753b25f8d4
RPASUSBA0ZVY7A764;2016;149843;B;2023-10-14;c5781fff-c2b8-43cb-a8f6-bafa0e9e432c
3Z1UY5LN62CERWTXG;1985;634824;B;2023-05-26;4ecfa2e0-5187-4971-b783-8aee50d533f5
LWR8ES1N56RHE6SFH;2018;806578;B;2023-08-06;7893c410-5f12-470c-99ee-0ca1604722be
WG3JVERF624EPT736;1986;652625;B;2023-02-07;ec1ec630-3da1-424f-80e7-d92277bb8da0
YRCMZ44Y5PB8XHYY7;2022;662678;B;2023-04-19;90e1322b-49ea-4b55-b009-1d333aa6d6fb
BS1RT7MB9FR43JXKM;2017;650528;B;2023-01-22;8a9bc773-0eba-48a6-9ca6-c3feda59d706
1704DS936N46J4HP1;2022;389473;B;2023-09-06;df397b1a-1690-49ef-ba26-326dccff47e8
L8RX17LJ38KAF77PZ;2015;876952;B;2023-09-11;89b54922-685d-463b-a52e-9f7d94f8dce6
TGKVUALX3PSYBBPKG;2019;992328;B;2023-05-24;20ad4c1a-62ae-4045-a37a-b6fe1ce7a386
BXE0Y2VE2E1LHZDBH;2019;325779;B;2023-02-11;312ac72c-a148-4fcd-b565-21cc7398d6cf
AA9BEFZJXPWNLN8N7;2009;550236;B;2023-04-07;c618cb36-e545-4c4b-a666-1fe7fe992492
ZX9FBKYU7DEF6T8XY;2016;300333;B;2023-04-21;cf99b6ea-220a-4bc0-954f-d5730594cab2
