9149c4b9-c9b3-4004-a2ec-54386cdb86b1;34836;0e829492-56b6-4cf4-88cd-c65309c39142;71786228376
e5a8fb03-0536-47c7-8923-e9bbe32d292e;71424;d5441439-e7af-48df-8dd8-13ef480544a7;69793040290
e0286de3-ba18-4a08-9b60-117511cdde54;94054;3af30c09-a654-479f-b4de-2ea932b0ee02;11896265063
bcf4f78e-2332-4546-8749-29e27ba9c567;73554;594b71a2-e9c5-49d2-a2a2-b04b5ef1a393;44415338445
9139d03b-2ecc-47bd-8288-294395ed4ce1;41291;75244fd7-58ef-462c-a083-e23573d2c53d;51500756292
5303e037-4411-407d-8c70-82763cefc26a;86298;65463f3f-c546-4710-bd2d-49cbf6f30488;99205519711
1f131b0a-6d27-467f-9eba-9eaac4d26465;15184;da87f12d-2d62-43f2-acba-e60759ed2c0e;55828922425
cf79d106-2c76-448f-a3b6-38de2d5bd73c;98975;1d77fd3f-4898-49cb-9dd2-30137d9262e3;80701795428
6f2dbe94-a544-4193-951c-fc3a48e56f45;97377;d3e0fcbc-06fa-4350-a0c3-8f70cfa3994f;70160430699
abbdaa47-4b71-4fd9-a8bd-66ba0bae508a;79965;aa579d6f-e773-4969-98d2-87754eed2736;91259356459
7f94396c-f81c-44f0-8873-083456e7aabb;94260;3debfb92-b028-4477-8193-3dfcf57a8991;21937062265
bce1ce6a-b5de-49c1-895c-f4cdab1522a9;52128;07936116-fbec-4ac2-9017-68300e851beb;42321432446
b034bdb9-abdd-40b0-8bd4-1770420970a7;83198;d6159b7c-bdf8-4556-9ebd-5794dddd2aef;70363799239
2fbac6fc-0c59-4a48-b838-e32c69763449;69243;568992f6-9320-4d6d-8247-e734d90aa7d2;10272769675
ff638662-c46a-4611-ba6a-f1014a4e497e;18528;0fbfc793-23c5-4788-a0c4-38e9066c8f50;58185253078
a4758523-be46-4cb8-9858-c03d415b5d96;63425;3c837aee-0219-46e5-acdb-07c2d5d6aa4a;42945673642
ae5d6f1f-0a8d-481c-9ee5-5b64ee0df707;74207;bd409226-9a88-48e7-b544-5ba27dd2dc46;67057761010
e7755ae9-862c-4bd9-8731-dce7da644e22;64703;52db7228-4970-4615-9bc7-14033157c235;71884678155
e9391b09-be16-40cd-8f62-9703ae75f4e6;65480;819eb4ea-2ebe-4fa9-bed8-b6a07309782d;13631098693
15bde682-70ac-4901-92db-451c7f6b7812;98282;48bc08a5-a586-4274-9cbe-cc72f9804ab4;86249372615
ffa9dd4a-fd6b-4c42-8c4c-66b728cec27d;96778;8493452c-2355-4790-abf4-027bdf1077f8;20256006439
c08e345e-8064-4ec5-914f-2c8feb7f0722;56465;03eeeb44-599f-4123-a83e-c0e9d3c9461a;88601946757
482356c2-dfdf-4a51-ba8c-9a8d52bb0137;49158;3b83a9e1-f1ce-4fca-8c31-122005ff3b88;20110775875
0cbd3287-f375-4689-acc6-b84118861d5f;38819;510bde36-077a-426c-8d4b-102d7a7ad100;39096778351
9c47f77e-e656-4400-9db9-08b000ddb3c3;89165;b1b9d026-ae29-4739-af43-075c4dd21352;76932556278
db71a0d8-8709-4645-a667-aa08587a0f0c;97540;1a10dad2-03b3-4416-aa2e-9a4d4f6307ac;97610836195
98577a43-9c20-453b-9e01-f41c8cad3651;49420;f7402d6f-0022-41c3-952f-6eb2c03a3204;36609775000
261ea98b-027b-4385-8ff7-aef59f3c97b8;77898;3af30c09-a654-479f-b4de-2ea932b0ee02;17205374473
54497880-7a43-4999-8633-aec5dd039f5b;43701;0fbfc793-23c5-4788-a0c4-38e9066c8f50;94928788958
b7feb286-782c-43c2-8a16-de3579cbc522;21071;0eb78d23-17b6-4593-a4c2-430b595ae694;22286399374
07cf3b76-675b-41f6-becd-ce6c10bbf192;60039;c1e11e4b-8715-47ee-ac94-e1266902e74b;98134525675
c3619aa7-9fa7-421f-aa5f-f2bee49c87aa;45976;9db35cd3-1f38-4967-81b6-1d8dab05419b;81736099747
f15cc443-92a7-4169-9300-51d9fb256c55;43791;300dd24b-0581-429f-9cd2-f271d336b731;89108584278
32fe76c6-e7fa-4127-995d-601897a77778;46631;abbf3726-02d8-48c4-94c0-f2cf8825a152;50037766286
e585cf96-c326-4ffb-962b-827825c1a135;99658;fa38772a-5d24-4633-956d-d0a43286a9fd;86885201952
59ff5882-a6bf-44da-b8ab-6985a1483cc9;93551;9bdbf709-f17b-4238-a024-21782d552f4c;95496698999
3ffb2a8e-e95f-4299-a2a0-c5e17d486447;41293;5db973e2-cfad-4ce3-a416-fc7c5ad47ba1;61923536863
b54212a1-e599-4e3e-ba81-2d082e8b46aa;34113;4971fec0-8160-4171-a8ab-986e880bcac2;59141668349
82d4746a-016a-4484-8a6b-d781ec6d5ad6;27766;e9132e62-d535-4365-87ef-e5fa94c63cdb;82520130268
50782d6c-1d9d-447d-a939-6ee6344a7eac;65239;4971fec0-8160-4171-a8ab-986e880bcac2;63799331988
8258b685-a394-488f-b900-55df455fbc53;98404;c46db48e-cd45-42e3-8091-6f5f4d783ee8;97273870836
c58d541e-ea1d-43ef-be26-692392c9364b;46330;7e3ff5a9-2474-4f9d-818e-1b981f5c739f;23929090511
3b9077fb-9fdd-4150-95bf-95ba89a6b331;23468;af051c6d-7a05-40ed-905e-5d30590b9ff5;58309757568
0bdd42cd-b0ae-4b8a-8524-a67a1253a0e5;30301;209e6ee7-df3c-45dd-8fe9-e0853e186549;17874924457
9fb719fd-31db-4809-b3b5-cebea30b8257;65860;32768536-cd31-411b-83e2-cec1a7351f8a;30942194486
b0f24706-8fa6-4aa1-905d-7ea17e333d55;18296;17f520a3-aec7-4e7e-9ab8-74513dbfb097;75509009402
9b35d884-6fdd-4577-987a-b0df10b4d67b;65846;20610005-95da-4861-a5d3-370772fa3d21;95410043020
0a2b4663-f423-4c29-9318-cbad23e792de;75110;581c1dd3-7cef-47ad-8e56-fce5bd3f39c5;54830366050
509e2b02-e6a0-42fd-bbed-8c05d649b890;33042;32768536-cd31-411b-83e2-cec1a7351f8a;10429295002
5edaf4bb-e164-43dc-a44c-de7535eafec9;22984;e8b4f5e4-f78f-4f3b-a467-605eac350147;14702208159
49a341c4-9553-49b3-812c-4bdc73870b6b;32333;930a63ff-d072-4ddd-8cca-2fa5424988c6;83815919736
b248284d-379d-438e-a823-04671a0cca98;35607;7c1391ec-59d3-48d0-94ef-6cded9ecd5db;88030905185
fa68b262-4ee6-4190-a393-913b3d4d0ad3;86484;cac6c901-d460-4843-9b8d-a9c0293a6c4f;84553426909
6e9e8e63-cc58-4b93-9744-9bdb732fd880;44724;edf0f049-7563-45e5-90bf-aa36016f466a;86233210829
fed59f6b-e2c0-47d6-88ec-787178b3638b;37465;19b55d01-4341-4703-b11f-6d7b6aeebb52;10742488224
5a5216ae-762c-438e-a980-931be7daa998;59172;b5c9166b-f4f2-447b-aa57-830eb5da0a16;60116582586
4c1e2e8d-2b35-434b-8220-2dff6e07c7a5;35812;805d6b57-37ee-4766-9720-81b5d8991827;49689761264
77ce38fd-7056-40db-847d-0478072441c2;93990;5b895e1b-8eb2-4b82-93ea-a1b9163d0229;81895394368
af4bd069-ee06-4a7f-82d9-2d21b57e2957;47006;265f5250-5d89-48c0-87ba-06da3aa62186;26117339265
d96e9a91-0321-49a1-a2c8-f3f9d248e259;39904;fe771dab-a173-48bf-b2da-1bcf6b532f02;30856305458
71563252-ec94-4119-913b-124b98bbe590;50203;1dcc4974-d93d-4363-b99b-044371f3b7e5;26077199126
19aab113-16c5-4b8e-a052-c8d64624d89c;98346;3adddfe2-0edf-420b-beed-fb14fd4bc3f0;20002838973
125cd127-807c-4e0c-ac43-65e4c80e7992;56068;e9bbf9d7-68b0-4250-b5f1-1c01fa1c907a;28091245070
6c15616e-3770-4df4-8800-230eae4bfcb6;68295;50de2caa-58b0-49b7-8b92-837017dc0ceb;35336840297
eb5671ae-6691-4ef3-9648-a4721e533dfc;95934;2ea775d3-0f4c-4ebc-ae30-a98d4a4daf8f;77789396571
9c668220-9e34-4e41-9619-820e75844b41;26856;e8d85e71-b417-45e5-a7bd-3cc109d3f7f5;45923746659
6811d43e-d695-46b1-af0e-c14d33d12e2b;93572;b9848305-5941-4913-8c30-de0acd4502c9;26530722449
61104786-0e45-44bd-87a1-c89167318c05;86010;381b33b1-1b3c-4fa2-9f94-4eb5f3057909;53885972389
f6bb83f2-716c-420c-8a3c-15869a74d27a;95812;9bd562e2-9cbb-444b-9428-fb8d75b0c57f;78882663810
7c5026b0-82e5-4aaf-8bff-d21d39832288;63434;46bc3549-b25b-44fa-928a-eb0b547824d6;16770180516
7bae5a81-4923-4b03-8f7f-206e5632e4fc;92493;94007420-8d30-438c-b6d1-f49b2bd6c11d;20099402558
52bcc32c-39b8-494e-9acc-cbcaf8005ba9;29640;d7d99678-fc9d-4df2-8bd4-8e3f204c1240;86676031093
96795d66-cbbd-485e-b50a-a6221e0c58a8;50974;044bf50d-86da-4c49-a47a-09b0fa2a65c8;69793040290
460c0c9e-4906-48c7-a84c-113f9af26721;76225;3af30c09-a654-479f-b4de-2ea932b0ee02;92561593924
299828e3-b7eb-41b9-aa33-a1d40b5ce825;43553;c6f26ced-0176-416a-9087-de4df3f335d5;58920447666
01b617d1-e783-4ed3-ad5f-9983d9ba7ec2;73504;8d0eaf9e-b288-45fa-b0bd-211bd6ba657b;94597049948
70142920-1acf-4541-8634-3857ae67a998;58204;1bd09010-6269-4885-9789-dd2c4b0beafd;55369613203
28bf72b0-575d-453d-a524-6db7c83cf52d;76305;49baa32a-87f9-489c-bb73-c533cdf40e05;19060073463
0d24aea3-82ed-4029-a6b4-1615d34dc238;63924;7632727c-575b-47c6-b9c5-7c106d4e837f;51932205382
5a8ddf4e-8dc4-4739-9696-f5f832ce6c47;82742;aeecdfce-6314-48a2-8f4d-77b5ff77d181;61231294209
a61575db-a6c1-480b-bca7-d23bf114260f;18135;9261c2f2-4dce-4547-939e-47186f40687e;96077113248
1d701d0d-9202-47d3-b032-31916ad6aba8;45823;07a723ab-964c-4db8-a681-057b52b8b753;13006368483
b00a023f-763b-48fe-afd0-37923d2636a0;69911;0a322f08-75c8-4b3a-9203-1461fbee4ae4;59265122553
454d19f5-b2ef-4976-b6e2-a3e562fbe7cd;28326;bab6e184-0a24-48e8-b297-f3da32075f87;47898026047
d09f7adc-b079-4918-918a-2e023554e16c;91823;634bcaaf-dbb1-46d9-a176-f82049350b94;66444136880
92eb48db-280d-4857-a08e-58f026a65548;56879;211d9ddb-da5a-4e7c-8552-221c43d453cb;79300887196
2b48bb03-081b-40ea-911a-9532fd7c05d9;29124;a1548aa0-680e-47b3-809b-f4274237d0eb;18023834055
1e7e40a1-9fea-4665-8187-7c35e3394574;47282;bd0fc637-0b06-4ffc-a71a-cf913efcdae7;11767216107
0bf98ca9-ec59-481a-892e-ad658825c529;36708;3c837aee-0219-46e5-acdb-07c2d5d6aa4a;24015345384
2834c683-5eb5-4401-8bca-076904e6e733;93479;300dd24b-0581-429f-9cd2-f271d336b731;12532738396
36ecb3cd-63a0-4fb7-8745-196cb562e2cb;77806;91f1799e-2dba-466a-92b9-c41c01148e9b;44643204221
25684014-42f5-4e2b-a7ff-5d1de96b0bd2;52079;62a578ee-b700-4018-a3b5-3533c1edc21d;88396678814
7a7c6fc6-0b2d-40ad-80dd-35e718dd7fc2;98231;819d6f6d-bc7a-4855-919f-97c8f6c87734;37095480504
89e88d46-81dc-4f1a-81c9-a85ed9d5ed31;15973;426aeb03-67d6-417a-85d8-bd1fbec2225a;63799331988
41e47b6e-9722-44d8-bb40-45e4f8ac53fc;34117;e29f3a60-c1d2-4e48-af01-92690ecae87f;94278264818
db96e6b2-10b5-4db2-b811-6888f55cb883;16166;ecfda9ce-b508-41a2-a9ee-d7de2dc74f79;59625211192
1dea517d-a186-4383-aad6-f39fb80ef0f9;28649;5eaddcce-40c8-4079-a557-a50a569fb832;26673324746
b6fa15ec-4888-4beb-91b0-4e45f3153712;55843;b1b9d026-ae29-4739-af43-075c4dd21352;82091103380
629dd1aa-3b13-4453-a242-7ff5ec2ef5d0;53765;a2c6994b-ce91-4da8-867c-777111230458;68328247927
4f4a04a6-262c-4b00-bb79-1ba9881ce015;15400;4e3605c9-319a-48a0-a2c0-866ee65e4793;82299263882
44b51f83-1d99-4501-923f-10a1529779ec;61571;b2a5ac59-ad27-479b-8a0b-2e50a1722be5;48051912325
ada34428-9759-44c9-a389-8d5d22b8d300;59331;b6daff21-f45a-474e-9dcb-c7220fbca38c;80883952179
d5b4451e-e005-4aa3-a59f-a83291d1a353;56526;e2093ad4-1ddf-4816-8202-4460757ad307;39081651320
a55aa688-7ef6-4be6-93d1-f0a9ad6f1d10;50508;a2765f01-1a5b-49e2-b181-a82d9ec9b20e;32796709436
5434d5f6-4c85-4b93-9a59-b4549b854935;82783;4e603150-bb96-409b-8981-d9da00eb7250;82837548143
b3246cc3-4b27-40c1-b154-3c8158554722;82366;c862c523-4a57-48ad-bcaa-f627704d4ad2;76375898659
6c04df8d-9988-4a8a-abd3-73064e2e006d;76316;c11920cd-6548-4224-9164-d3be23427cef;97273870836
1aabf438-9608-45d2-a812-5341776949ad;71665;bb70aefd-4012-4605-9b93-abeedc8f88bd;65887202971
c4f40912-e99c-4182-96b6-d49e5044c749;76483;b0b5df8a-0122-46f1-b9b5-820f52d90da3;85881166149
0608cc14-aa67-4ed6-95fb-44ebc1a38fc6;39867;65cb87ac-ac6f-4d2e-9c72-3ba1579f7264;80994861382
996b5daa-8c32-4c7a-9bec-626c18736d82;43393;b52d2702-8329-4f4b-8f6b-5e6381f4add7;29208166677
4db319c9-8516-4ea3-8443-64e34930e393;43611;261032a3-35eb-48c0-859f-921cef642e4a;77493905854
832d96b3-a015-4868-9d39-149ebd6b2d33;64909;00b9187f-3cf4-4ea6-a305-c8ad150e6842;86867384636
e4d0451b-3690-43d6-8d4b-5e066557e715;98685;9280fd5a-7a88-49c7-bf0c-fcf20dc259bd;42391903282
a8e360e2-eaea-485f-a065-152e8a0ed3e2;41536;4242a6f9-2efd-4b6b-8e68-446f9f06a51c;16506995792
f8f79c0d-fe06-4cf6-a7fe-368179277d9e;79257;3debfb92-b028-4477-8193-3dfcf57a8991;30796161674
dc038f98-8be4-4535-af24-8ea4549649e7;30567;d284d579-abc3-447e-b2a6-01f94167a9bb;43751542309
77748ab5-f6dc-4a39-a188-3d1afa4bfcf8;41027;634bcaaf-dbb1-46d9-a176-f82049350b94;82840109348
6bfd6ba2-9d51-4851-ba3b-2ef3f92615d4;78575;abbf3726-02d8-48c4-94c0-f2cf8825a152;44643204221
db67cc38-3e18-4afc-bb84-001cee399f59;94477;7b4627f8-eeba-4169-9cf1-12852336469a;44715504107
47b80192-13fc-4407-a1d4-07cab9014bf2;73060;c5a1a954-93d5-495d-b246-eb5bbbfff168;38073713134
5926a181-d709-4b50-856f-248745c60702;96109;214cf628-1978-4d6c-a14a-21e9df46133a;26673324746
a474c8b7-72bd-40cf-8f55-f45e7cf4a1e9;46475;e25c3127-5fec-4b9b-8150-51f1bc4282e9;44353780978
00631470-4503-4f26-84f2-35c613f448bb;59193;50de2caa-58b0-49b7-8b92-837017dc0ceb;95814223187
1528b06a-8ca3-4559-a20e-0109f467f58b;63452;3c837aee-0219-46e5-acdb-07c2d5d6aa4a;49644692580
7b9bb2b5-c0f1-4714-a3b6-75f83939084b;29171;c735f9d2-28ec-48ca-b5a8-c8141a3a6a0a;33159023945
817c45a1-77be-42c2-aa39-d84d0eee3acf;98222;bc24c096-b4fb-45cb-b432-d8b8e59c3ae2;89841430554
4c1f6978-ba4d-457e-b7fa-bdae5a442c1c;67573;ba956e57-4aab-4738-a80c-02bbdfb78995;54781600079
49239a3b-cec1-4464-a3de-f05976eeeb93;75582;e3d63b12-63c3-4444-81a7-105c21136716;63314559286
f40e8123-1962-43d3-9fbc-6f56349d0ea2;25106;905ba2f5-783a-4552-89ae-c4da69dbc5fb;40159395927
69a9990d-b089-4e2e-91bc-f52ba6fdf6d3;93320;10776c43-0da0-4b65-9b8b-4a677e7baab4;62974136671
06dbd688-3807-41ee-a114-4268123f9dba;29176;5387fe60-d4cf-493e-8ec1-9442ebf48595;32331566730
eb5e0bc0-c006-41c8-b630-47ef6dae50d7;35362;65463f3f-c546-4710-bd2d-49cbf6f30488;19421368374
30341f51-a166-4d6f-aad1-5438651f1d78;95496;ff2a6aff-8f71-4bcf-934d-5f22a960e5fc;28091245070
5d7acd37-ef22-48ef-a7a5-378f3f581193;21013;6e3b47f1-e37f-4bdd-b9a3-3d32d0a8dd52;40469639626
c23ee92e-a927-43ca-9df1-0365368552f3;30967;aeecdfce-6314-48a2-8f4d-77b5ff77d181;23438977420
e27b4fbf-5ac8-48f3-b8cf-c906bf919b7e;41417;abbf3726-02d8-48c4-94c0-f2cf8825a152;59248329465
549f02a3-866c-4ab5-86b3-f26d4e801d3c;76800;70560502-703b-4287-93f4-0772a5f23354;37950888015
e3b20019-e8fb-4ac9-aca7-9533635c5b4e;30187;396b8022-97d3-4b97-9e74-26db18fa4d09;98204686675
3a42124d-f349-4bdf-a721-fcab6fecdc29;75300;2cf517ad-c5b7-4035-b115-b8fbbe7e0a12;14121837059
a66e0c6e-23ab-4dc3-a074-be744e9cafdd;46484;257c7cd4-1aa7-4552-8391-f31f51cc30ed;14063018267
be89ecac-8d90-426b-b37f-267b70f105cd;97112;9443f17b-a648-497d-bcce-1b1822b299be;90694989592
2230d0db-aac1-4a33-a64d-9839eb19f6db;51896;992b8dc3-d0e3-4e4e-a7ce-2ca3e69eaf3a;52202175210
2ac85b61-b7b8-4835-b569-f2b27d455b5e;71967;095242fd-3765-4f82-9d04-dc8f7224a5b4;83456169779
7cb5d76b-08f1-4a8e-8190-b72f27527219;15738;0e681f24-36b5-4b59-851e-420aa7ce99ae;54077098385
cbc820a6-65af-421e-8cc0-6e3bbc8c8a97;83313;05eb7ec3-e0c6-405a-9b44-d0748666ff35;92260177975
d05fe87c-7242-4b7d-9594-33168114d44a;24968;8334847d-5a34-406a-a7f3-a814903f367a;58703471843
4f333901-e08d-4368-b800-4bb822cc84c8;62394;292b0bd1-3b07-44bf-bba9-a1d883a5c02a;26178994520
e03f9e5f-d7ae-41c1-9c57-d33f042cfeba;73798;a6dfdf8e-966b-4aad-8f6a-844ae5c4b14d;30160057881
3eef6d46-8f12-4887-a25c-d50be98a536f;36548;fe9f9791-149c-4af3-8e0f-466a61227ccc;79816695450
c65ded21-56a5-47bc-9fca-baee408b4552;81700;bc873032-e24f-4816-b883-289d4ffb28af;27134613086
b26f2617-364e-4c8f-8480-1512f4a7aa64;96935;c3c78509-7001-4f18-bbe3-659662b87efd;72256004236
438d2911-b6de-4073-babb-0e2f9ff88a3e;54391;6271085b-5434-435d-8494-873258525a69;86715844185
06733adb-08b4-444e-a756-0d8aab712430;17330;2327904a-b5fd-4d8d-9585-ec99f24e41bc;16135796158
01e3d676-9b72-4618-aead-5f909ec3a079;89495;caa34ef4-a9a6-498f-9e74-3c8215e7446c;61923536863
1fb24afd-e60a-4c51-aebc-6aee8a6b78d6;41605;ba956e57-4aab-4738-a80c-02bbdfb78995;59248329465
5828aaf1-ac21-4180-8d55-38ead07537eb;43158;3adddfe2-0edf-420b-beed-fb14fd4bc3f0;96098260792
56a2df9c-d5d6-47e6-b165-c8b241e77827;43620;e3b8dffd-02ac-46f5-93b7-76357745340f;48175007850
7689e34a-368f-4057-b583-62f1df871d81;16857;7f695063-b7ee-4e1c-ab01-180b24ef77d0;42321432446
60602b57-d990-468e-935e-383039350700;84944;b1978280-0dc6-46de-831e-4e1e9b10ad6f;40377426181
13c32c85-4374-4d30-b4d3-26e87f206a6c;98593;954271be-60a6-4708-8858-761b751b70bd;61152711933
52b81b71-7f60-4898-bb26-97ce7f96485b;93544;528fa897-817c-426e-ab6f-21316c3ddf36;24515644230
1279e1cd-e65e-467a-a1ec-3c210f3de3d0;22153;8493452c-2355-4790-abf4-027bdf1077f8;64078043762
3404bac8-9ab4-474d-81e2-72900f4bbbb0;56550;a2cd343a-6da8-4d16-82ef-bbb0628f2c8b;42410148386
f4842a40-37df-4d43-a25f-296f75b37dd7;94998;e29f3a60-c1d2-4e48-af01-92690ecae87f;62008879094
503a34a1-bbad-4bd9-8da0-920692488be2;31730;18478ddf-1dcd-4057-b983-39ecd09cfeb9;42256122306
bc6d0cfa-65e2-47ea-a4a9-6897e540edd1;18948;149ed840-7d1b-4ada-b7fd-166ac57e6dfb;30796161674
caaa8f6e-1bf0-4c6c-9108-34efe70e1a99;93294;be5384b2-4e99-4195-b164-96f0c3e9f43d;66758658742
135f14b4-5823-4c3e-a80c-044f7e1fecbf;48156;b9d51d4b-c9ae-4b13-93be-cc0b99c02518;70908910633
fbcbb404-db91-47dc-907e-4d5dcec8fb3a;40081;b72d9688-3352-4b4e-aef4-84ec863141f3;43714207101
2b9ef82f-0f20-4af3-ab55-27e24ca85d73;47954;9443f17b-a648-497d-bcce-1b1822b299be;68669223378
cc22979d-a7b6-48a8-9b61-dde929296ca8;53566;17caa6f1-64c6-41cb-9315-d7128dba47b6;53675846353
e2d254eb-f9f1-4e08-8ea0-cd0975b3a93c;57383;00b9187f-3cf4-4ea6-a305-c8ad150e6842;35110941425
3c808b7e-783b-4f45-b80b-752e72d6178d;79984;b39e5d91-96cd-4bbc-b6d8-97500c1be925;95640124349
353be537-1b2e-4589-b4ca-3051bb62a844;75471;e9f33d1c-6a39-4610-9081-1dbdff74b7c6;59691886275
f1aded1b-853a-48a5-9d57-72458ab6ea85;81553;f7739f4a-a6d3-4f2a-81a9-deba101d59eb;80122640420
ed199d4a-9224-4271-9586-f8dee683548f;48592;f7b0da97-dad4-4321-9fc3-9849bc3bf0b9;20484743303
db37ee32-57fd-4fb4-a066-57c6d2534f0c;31574;819d6f6d-bc7a-4855-919f-97c8f6c87734;22020084809
a5ef12d9-8e48-43f6-b69a-b92ed64053db;15114;4bc1738a-831b-4427-8198-d2acff80ab3b;73522849965
b687c51d-6285-4c96-9b08-9288d805317b;56611;11c0d3ee-b2c9-4339-97b5-0405f8e145ef;69664954259
6f949b7e-06a9-4435-9e87-524d3a51d801;67626;bd7a6431-0f21-42da-9c79-af381dd3ddbe;88938785792
9723f5f0-5426-4f62-b56e-092924267042;50764;50de2caa-58b0-49b7-8b92-837017dc0ceb;84553426909
fe92b662-bf67-4821-a812-d5bc5d241bdb;80453;73f675b1-729c-4abb-8797-a251b99d3775;69975245283
be3be5ce-5cd2-43cc-8557-a335766861dd;42873;ea6460c3-9b1d-4d02-a324-a8d1d85001ec;11966421686
e5b576ed-21c2-450f-a2e4-7090fe513020;36718;e5a0ef77-60ca-4aea-8c71-b4dae0354d3c;67690415711
2bd24be6-11fd-4ab9-bd4a-f36ba85b80e0;67804;d6159b7c-bdf8-4556-9ebd-5794dddd2aef;28604355077
332f58e8-7f42-4ff2-b16d-ddc0e01038db;50665;16c8d853-04d7-44f0-ab19-46c1bf6dfebb;44748230299
d11ff475-a2f1-466d-b810-363ad3a6ccb0;46069;3e5b2388-441b-400f-b6ff-f3118dd6a22f;16822099765
67c9ff46-f44a-4326-aa43-12d62b07eb69;18691;1f4bc2bc-6470-45cb-ba45-62070ac17f9d;25783030627
5c5b2302-4d30-466e-af45-7a341edfc733;21456;b94a7c5b-0db8-40bf-bb4a-36c4f92999b5;30806034891
1607c000-41a3-458f-92ac-bfcd4f873f5d;86713;568992f6-9320-4d6d-8247-e734d90aa7d2;78249342503
1db9d5bf-aa3a-4ad9-9eca-cf6f5a09e2f3;26190;5b895e1b-8eb2-4b82-93ea-a1b9163d0229;16796469337
e0d9bf61-95d8-4726-b4fc-1412f08b0edf;94119;4231c798-b2e0-4c90-9f5b-0bdc933c4a29;57153019935
70102677-df74-4344-9918-ffaba420e2a0;17194;c2932cec-59a6-4585-995f-cf61448022af;75798875394
409c07e1-771f-40a5-9934-028ce46a5496;56919;5cc18463-2da5-4d46-89bd-0bd3470f3834;80097401914
b7e87daa-bac8-467e-9049-99e8ed8cc264;79572;2a8f1774-d1c6-476d-8f21-2add8543a931;64730666581
7043e01f-291a-4952-a6cb-fe0aad494377;57291;188c0f48-bb2c-4254-8de2-1876a3bd8856;17874924457
d88e337e-0c32-4c4e-8338-a41ac7106931;63564;4a075ac9-d1b1-4584-a54a-c08bb40516b6;16796469337
368c2fc6-df06-4d80-bf80-3935e62dfe05;75996;7e3ff5a9-2474-4f9d-818e-1b981f5c739f;85271175924
4bd853ba-5b15-4746-9d0e-e4507b347577;58987;542c61c7-5949-485a-9727-8d96bc4c96be;92957412464
0be7fc18-1702-4a52-b6a8-0f8e8d48fc1a;17006;df9e5476-a2c3-4950-96bd-8a6ba9b1a2c8;40377426181
69abc375-8812-435f-9637-14d2c546fb88;51476;cb472c17-c272-4824-a465-f3e62c76d17c;62008879094
be8bea37-d170-496c-a6ec-60c710e2df5a;88218;f97ad3a9-5892-4973-9336-6c9ee1e554a7;93537759863
7a8a14d8-5cf2-4163-8c44-3965c672309a;83051;9bd562e2-9cbb-444b-9428-fb8d75b0c57f;42321432446
1c9218c5-89e7-4e66-a2d2-5b1527a3b0af;74564;79f8e2c3-be89-4b7c-9e9c-34ca30edf0cb;57991559129
98267108-60f3-4eaa-8137-08e5979f06b7;31431;cc544ad3-2290-434d-b4ec-716176f55e5d;94905109130
18e31185-c108-4720-9e60-336896226556;96160;be881523-4370-41ab-9647-0831b11ec488;16336280548
093177c1-ec83-4570-8451-ac75c50832a9;47107;89412068-14f1-437a-8936-0757e8c1db53;55189729232
c2189aea-7bd2-4b4d-8185-e0291f194f92;80461;db9bb846-a51b-48cb-a242-a4f0d4dbd6a1;96098260792
804c0ca5-b3c4-4ba8-9dd1-07b26a734598;83230;2e6ae93f-04b9-4794-9652-36006a591bf9;47703015042
88502123-3b44-4079-98a7-4679cc7a22e4;32426;21e54563-6deb-4eba-a984-b8ce34fcf22e;41846269258
574c7dc4-c391-4f3e-ba4f-a815be1373c2;84746;d7d99678-fc9d-4df2-8bd4-8e3f204c1240;27158780700
fd30e936-4047-4345-83c3-b060a8f33806;15973;ffc60e3c-6dfc-48e3-8c9d-d39c44cb6c38;29843055803
f74f82c0-a399-4253-a746-a1f79832dec0;27691;7219366f-8603-48f2-b23a-54c87220536f;39081651320
556c91d7-7dd9-445f-b287-7e04336e233b;16328;040c1070-c210-4e02-8a78-402b33dc81a6;46720339638
ec3a6b55-a37b-459a-9f05-cec1be12a839;79508;fe5bebc2-919a-4a63-b38a-f75851480e67;29208166677
6a1d6ee9-7a8f-4e66-8c52-cea925c55a9d;94427;afa51b08-3161-4d4b-b585-c326f0722caf;94981768670
45b0f213-843d-4bcf-a1d6-e20e3c3a4433;81999;10790126-e4d7-49db-a471-f95d6bbdd943;16957627207
8436b6c9-6e92-42a3-9b97-cf25a037d639;86533;e3d5a1d0-7899-4884-b6b7-9d1ca862d4e1;89884877405
50e0296e-3531-4dea-9671-1f2ceea556f4;56492;2bdc151a-92e8-4c00-a472-e570121779fa;83420688170
da617533-96f6-4e40-a10e-7a81aad660ad;68728;59d76c44-2038-4b0e-bac5-e492c5685343;70015521409
365af300-c60b-483f-8fd6-bea7cad46dc0;19720;0096b0b4-2836-44a9-b61c-9e57008e0294;48679785606
add86553-4ed3-4dcf-bfe2-fe4055e4e0d0;26227;22294681-bdb6-49bc-adbe-e04f20023006;58864526215
81fab5de-638f-4463-b466-a4545b5fcf96;43999;13391312-47ec-4439-bdf9-6b09fb26e783;71485402670
74644055-0dcf-41d0-93be-b1ddc299ae86;62718;5eaddcce-40c8-4079-a557-a50a569fb832;42496923577
936dc8eb-7ad3-4e4c-930e-4e7e3e33c131;47408;7fecda8c-70a3-4490-869d-0daf04dadd03;53308521491
db98022b-1ec4-47f2-93da-b1abc2f2712f;50003;1774811f-dc57-4f9c-b77d-0347de8f3703;53877768940
516d35ec-2798-402f-b5dc-37dcb38ace60;88981;a41b0ee3-a66e-433e-a1dc-604c6382525a;38972504942
31e008ef-eda7-4ac9-aed1-f6a09ad9057e;83496;f2a66190-28c8-4d65-b8c2-3ccd449549a8;21937062265
5ba98162-66cb-4e23-9799-09518b8db0d4;98606;f96595e1-71c1-4de5-90c1-51a0a793834e;94282372477
d714be0f-b66d-49c7-98bb-8ccd17230201;16807;24b383ff-637e-46f1-b4b0-b580b0c0498a;20950338315
cc351a65-39ca-459c-a894-fb77adf8da77;72148;f1101f66-7cdc-46e3-a9b8-50023919b309;31627876672
33e54ac7-5a29-4161-a5a9-05f8c1332531;31477;7fb5b1fd-8b88-4168-a85a-63da88a3b22c;19709021705
173248a8-4826-48c3-a9ea-747793ee0bf2;26236;43a21e65-c2d7-49b0-b1d3-1358ae570bcc;59248329465
1c826c11-6ef7-4d37-8de7-45fbee022f83;51633;7f695063-b7ee-4e1c-ab01-180b24ef77d0;57753128355
1152cbc2-1b2d-4596-ae3d-0c8613eb3855;49317;f97ad3a9-5892-4973-9336-6c9ee1e554a7;22693891469
f38fd7b8-8645-47cb-b826-ab6a8f32d8c6;76553;8559e9fe-e4d7-436e-bcbe-56818871bd3c;91109126606
7188f4d4-c2a5-4c13-93e3-51476ea6d882;48223;4a075ac9-d1b1-4584-a54a-c08bb40516b6;12235434605
73284668-01b9-4a08-9faf-7b3899cd3db2;44802;9920f2c3-e850-46f9-8787-8e36ebffcd4f;70448041466
5f7be48c-e2d8-49ea-b60e-4c94fd4b4fcd;43695;c9ea155b-58f9-459f-992d-624b160ab74c;39054834275
9b2fca06-631d-4c73-8c30-11be7a8f64ba;74539;fd7ef5f8-a59c-412c-9872-9a3fe8d771bc;25436569598
a4016a7c-97dd-414e-b2e1-8ded97576955;51916;4c36b4c4-3789-49bf-b9fa-1031a320e93a;76671732933
fde2edfa-66e5-414a-a4e6-42c0b36afd59;88795;a2765f01-1a5b-49e2-b181-a82d9ec9b20e;23957835600
688c59ea-e05a-4763-b1d5-941135aeaa93;76109;32a3f468-8489-47dd-90d7-5f148d2de92e;36831346856
df1b70a2-f303-4b50-974b-86cc27f3ea9c;63959;fd0544e8-f901-4c0d-ae32-19f4f1f3759a;28091245070
73b0ff61-3290-4dd7-81a6-bbc27cd58437;64102;df755c52-57e2-4ad1-a1e4-5518c692c6dc;50641575386
928af0da-974a-437d-b532-7b48a3c8f809;34403;69c6cdfe-8d91-473a-a4d6-bacac6de5662;84894169456
a2583d5d-eae8-4a1c-8a01-f8e534bb0cb9;60502;b52d2702-8329-4f4b-8f6b-5e6381f4add7;61881013230
325a82c9-828b-4e9f-a4c5-99d51b9018d1;15642;f8ee3b6c-3129-40b4-8f6e-e9ff1899ccc2;26058187670
469e6c6d-da02-4b49-9cba-66c18633fdb7;25210;1e298db6-2219-4478-93d0-55ac382e6984;56077753376
b7d17792-443a-4e7f-a871-720da9a78b1e;77340;80465393-cc1c-49a5-95c0-1202bfbcc66a;49256141333
f84594eb-0a25-4ded-ba9d-a783dc826cee;47881;1fa683a9-e0ab-46e4-9f70-3a513c803799;64873944835
143b6849-39dc-44e4-80c1-758de8d8b3d9;59609;c8d044b5-d55a-4fe5-9122-5e9eaef2121c;62670209395
024efe82-78f0-4a9a-97fb-ef073019f6ea;21177;96a26364-e781-4b6d-a204-1b0f55e41123;19291037445
f3579ed2-deeb-4721-a8d3-40b41890e802;32653;0fb8d27f-8667-4883-b1ef-320f889b1db6;26117339265
a3f585a3-9733-445a-8a48-e9565661e436;32979;3419a514-6668-49a2-85a4-c5be3746259c;55189729232
fe5fe488-3af9-4125-a117-cc7cb4d875b2;20052;22134b8b-08f0-416b-97b2-2306813924b0;91151817406
fbdf5e7d-9633-4984-bdcb-85afd821ab33;60407;6f13deb9-1709-413d-8363-20a025dd9e63;22060476280
52856426-eea2-4307-99ff-cbbc31da458a;78241;4f4e54a1-f788-4fe7-a8f3-393408c6405b;78745515160
699fd98b-ba66-4c2a-b4df-e6ea0c298d18;86697;9cac599e-8d9a-4792-8744-4db8b8e96486;46937061458
eccc472f-18cc-40f4-bef6-b13bc938e1db;66313;c8b1d7e7-42f2-4b8c-b3cf-c548216ae16b;90877365810
f5e6bb13-9550-4a30-a4fc-f4241945509a;54628;d7ce74ee-e4f6-454d-a3d5-4b508d0659f3;95813212196
21d3df51-54ba-4420-ba2d-ee69d1a739f1;52452;e144b264-9991-4d9c-a8d4-5c656c72d6dd;17744656063
7b89f5ec-e1ed-4746-9830-1d461be267ea;90160;209e6ee7-df3c-45dd-8fe9-e0853e186549;36424006495
c313cec7-4887-4732-9ed1-e01fa4795d6f;54772;883c2c0a-d595-498d-bf5d-879854809de8;30760098320
a63a738c-6453-4033-ae08-6ddce75af15d;50093;abaee78d-6983-4deb-83ae-94d007cff540;24515644230
0db73fb8-83c8-48f5-b49d-4d0c15cdff77;63675;abbf3726-02d8-48c4-94c0-f2cf8825a152;13905583630
3d36ea7f-47bd-4b83-8134-889610ed5f1b;49744;53ae961e-6ed3-4c56-8631-78dd1f76ae59;86867384636
d8e2cb22-56fe-4a94-a735-1a28fc70a13b;47531;a41b0ee3-a66e-433e-a1dc-604c6382525a;25252483862
540a3877-798c-4a87-aade-cf1322f16386;47341;6cf4ce6b-61d8-481f-842c-0d207e37b802;14801106989
6808d1c9-c74f-4a64-b8ea-a9f411b4a259;71433;1ed12805-5c0c-4bc0-9d7c-6fea04851663;42391903282
9ab3bff0-4a2c-4e56-9fb8-9df5bebf3735;62309;2efcf227-e8f2-487f-b637-a7bc08ca4cc9;92561593924
ef8f44f3-1ead-4fbc-9c88-5080be392031;68164;f2437a39-2556-4a4e-83f4-76cb55a7a4da;81982127466
c199fe9c-d718-4755-a5b8-c3ec7192b765;79528;095242fd-3765-4f82-9d04-dc8f7224a5b4;62837304065
07663846-5243-4a01-8319-e18d6bc190bc;98940;8ecde18a-527e-4dfe-a1f3-7648a6d82cc3;93781767757
a0de4e7a-f917-4cb1-9efa-00840be51c4e;39616;19b55d01-4341-4703-b11f-6d7b6aeebb52;92522720949
93e9591b-3a31-46e4-b2db-206ca3fc4850;28180;31bca306-5ea0-45cc-8e3c-d395f060b58e;18512214175
4e2ef3dd-3ef5-42bb-a62c-f9bf250cb46f;40230;e47606bd-5cfc-4a9f-81eb-f4c6790ab571;76417048191
9045e61b-5a28-4049-89c8-70b6e6bbe2b0;88207;b8eb24e2-669b-4970-a798-132ead574075;88601946757
4935de8c-4af6-4be5-9d06-52c0be6fd8de;77964;65cb87ac-ac6f-4d2e-9c72-3ba1579f7264;28439759399
268be089-214e-4f63-95fd-6bce3893cb2c;38873;4f8fb4d1-c840-4795-aee6-fe4533d00737;94981768670
c9c3bd77-c857-4db0-b038-9070d0e2f2c0;83838;e9132e62-d535-4365-87ef-e5fa94c63cdb;80836496538
a0f375a9-a1b6-4b22-b287-fa8fe042930c;80910;a7cbbb35-de1d-4224-b1d0-a5737100e423;19644645493
f8d27aeb-a858-4e24-a6e9-254fe41c153b;46576;18387b02-1e42-41fd-9dba-e563100bd25e;20098024357
33b6efa7-bc02-464e-aec5-0492c167aa6c;98172;287fdd89-5c62-4755-8494-c9ad4494b9f6;65887202971
77c03971-fbda-4938-b869-70f6d0a61468;30612;1d77fd3f-4898-49cb-9dd2-30137d9262e3;10742488224
fe8399b3-7d9b-45d4-af9e-84706e7e0e8a;27917;d6df5e68-6bd7-4068-9a7c-77743a1575de;35901729625
bc8896f5-4f1b-4b5a-bb0a-91e0d332a279;21011;ad0d8fb5-0557-4970-9742-6a96863e3aaf;29783168907
cbfe5d14-4247-44b2-bf79-0c94e8c6c692;91156;31ba05aa-2d47-46e1-bb4e-2fa043bc2227;30760098320
efceffd1-83fa-4a6e-85c0-fcc9987d5182;29201;58ddf9e8-0728-4ed9-ad41-41e261fb56ef;28041191153
37893781-09ba-4f37-b5e1-42a848ec2fcc;40152;1ed12805-5c0c-4bc0-9d7c-6fea04851663;72927736370
afe03cd3-e598-438e-a009-cfc05c0bc7cc;98885;8a0835a7-6d60-4195-a62f-6cc10732065d;93604331843
3a45d7d5-8aef-4efd-99c4-8f055df7beae;42041;4a983129-4c1d-4539-90f5-d6182f051ba0;64359007327
11ab7784-92ee-406b-b230-fec13fef1b38;35254;2605c254-5395-4a24-b369-9579f724d4d5;93213178754
977f2977-2969-469f-84aa-3d6232c977c9;49938;27bc4228-be8e-4f01-868b-ec98a4935826;48796765586
21fcef14-22a6-4925-9334-5c6d68c019db;37676;f0ea2149-4752-44c5-b943-eb252e961457;82520130268
6dd1b1d5-d576-4cfc-a62a-af4bd8041c62;54037;493766d2-e4f9-4bec-92ac-15ff1f4c3eb5;84390074233
72fc9371-b312-400e-ae0b-3b3889a371c1;65372;52db7228-4970-4615-9bc7-14033157c235;15030983176
8d897126-a876-408a-a07a-096f039f11e7;44216;954271be-60a6-4708-8858-761b751b70bd;82235385754
94bcee71-ac65-40fb-9e65-a147facf17f7;71759;3b83a9e1-f1ce-4fca-8c31-122005ff3b88;85276567826
f83f37fc-343a-4e2d-95eb-cf9f20f26e74;89675;b52d2702-8329-4f4b-8f6b-5e6381f4add7;27078526627
9ca932a6-5a65-489e-a74b-36b8a9f6026f;61435;b94229f3-1a50-40de-b259-d38f04ef098a;96922502093
17477a9e-aaea-4a8b-928f-1a2f3aaf57b0;38425;fe3aa588-f88c-4131-85a4-46d9f486f596;94278264818
2424ee4f-db2f-43dc-825e-ab5d5081f1b1;53076;85d386c2-40e1-4f32-9701-69b0833cb244;24039613364
15de4e84-97e3-471b-91e7-8e4aba45f328;61508;ae9fd9fa-17e1-4e84-bdc6-12c8881b9db9;59506107920
dae21c3b-0507-4669-bee0-ace4d27342ff;41654;ec01cdd8-2ef5-4279-92a0-0ef74ce9ae78;70114425836
c7d2ff2c-0f60-4880-9ec2-c37a6df8711f;45962;8786aebf-c689-44e8-9e91-ceaf6a05b32a;54379115955
4afbbad9-97ca-4e9b-932f-637d287d4497;80805;5b5158bc-72c5-4828-a972-bed89e8eaeae;18023834055
c9ccd0a3-69f5-40fe-8166-0d963560347c;52229;ea6460c3-9b1d-4d02-a324-a8d1d85001ec;40469639626
286fb61a-5e46-43fc-9859-823d05bf433d;92958;7bd96504-5834-43ff-8aef-f59f6f1e1e0e;60772270598
9536774d-3bd1-4f2b-a7c0-8434227681f0;80711;4f4e54a1-f788-4fe7-a8f3-393408c6405b;98228355670
932e291e-4f08-430d-9d02-d1f2141ad22f;29355;0b41b812-3368-4976-8642-e9a8ede85601;17675773333
d7f4ccd6-a130-42e6-9919-3294af8d1038;58266;60cc339f-528e-497e-a929-ef26f17895c7;11009017591
0fffc6bd-ba26-48c5-a949-75091562fe9d;77629;d9779ae2-0cf9-4ca5-a29f-c37cddae0273;61923536863
c05b8c0c-c299-4758-b1c3-1382982b8216;72943;5d1c8306-b05d-4fd8-8a1d-23af9f440a7f;51598739328
610710c8-d1ec-4c9b-a585-f47234bbdf5e;51568;0bada554-32ef-434a-be15-4433701fa921;45923746659
2e814b23-4b76-4d02-b2d7-29b09c9ee15d;89981;accd7b73-c601-4da6-8bf6-b490912af3f1;10380139333
bc297947-8360-4ba2-a9e3-da56eb9ea122;23267;759531ee-e48c-4c4b-8cec-65404a985847;86033621233
c1e8f953-98be-462c-95ec-2ca9d8d120cb;35090;da3023c6-a7e7-4da0-b810-62b503b11073;93537759863
acc7f6be-c9d9-4ef7-9847-7aa60d74dacb;55298;531330a4-7b86-493a-b9ed-6199982b0406;45857906880
9a735955-124c-4924-bd97-fd0209abfddc;99827;e5757781-7ab0-4921-bf02-20ed3a304024;58692920765
b97d599d-b2ef-4b2f-b215-478f5b60c844;40705;e62345f2-2aa5-40e1-a57d-9574d63eb769;11270911261
428eaf8a-63b3-4e17-b9f3-09dbdf61bc18;93333;91f1799e-2dba-466a-92b9-c41c01148e9b;42830882983
135eea6b-1d71-446b-b391-f0e2633079f1;63833;c2b4f8c7-ae2d-48b6-96aa-a514a4a1d4d1;88141475723
f78132ca-6f41-4e13-8ac4-4d0f24ae629f;72800;0950bf3f-b0e4-4429-b6be-003aa0bb5d7a;71125963411
98ab5e7c-904f-44bb-8e22-703f05d856b2;29741;69c6cdfe-8d91-473a-a4d6-bacac6de5662;52345933797
7fdfe77b-ffda-4eae-984a-52abbdbcf4d9;56714;dd782a6f-7098-4889-99e5-94ad369fcbe0;86249372615
84caf780-d09c-48e6-81b2-3770e0ebfb65;95135;178810af-577b-45b8-88d6-42e76b02feb0;99565087861
f6dc7b94-538a-4b18-9846-d2bfc36d0899;34384;d5441439-e7af-48df-8dd8-13ef480544a7;68687396968
2fb6c6a2-fea2-4717-b1df-d94c8c81455d;56493;83de47dc-b0ba-447b-bd41-bc2bff1b1bec;14063018267
c3b703fc-4daa-45ec-bd6f-8ce95890479e;47522;c9cf2fda-2e6a-4c53-a15b-dfd208b07880;46654806935
0267c179-0284-4d86-809b-dfcbbcb1eda6;80782;ac46570e-8eec-4e65-812d-b22b805b30e2;53168547717
48e47e13-d973-4217-8c96-f3e42379f1b2;51878;288a5cde-5c8f-4809-b05d-df384dbff9c5;76456569733
4b6cac12-cf32-4adb-aa3a-3a4a711762b0;35326;287fdd89-5c62-4755-8494-c9ad4494b9f6;24515644230
66fd1d9c-48bc-4261-8577-2820bc664820;45674;d90d5148-81a9-437f-95d2-1853ff40f21f;59460490476
89cdee75-4689-4af6-8490-fd752f2c3baa;36093;8d0eaf9e-b288-45fa-b0bd-211bd6ba657b;86426688011
d94abf3f-e8b3-4260-acff-9568c0736322;18904;a47ab4ed-db5f-4814-b044-e62f7a0bbf57;27636204617
680efe32-7aae-439c-8ca7-c9ec6a118fc5;67896;a69ebe53-f17c-4c3a-8f62-895941dd9523;36239582517
e4aa489c-0f59-49b2-bd58-470f64bf8e8d;81876;8d6223f0-adae-4c01-b053-d9aa80811168;19820649679
c094238a-5ec3-4a4c-8c6b-a6297f1bfd91;29615;6ae7676f-599a-48a5-bb57-c5b64d1774a3;65218192447
680abd85-6e22-4897-a4e9-1b3e2606fc69;81035;b27cf2fb-e9c1-4e4c-8848-7b7e045b8489;11395010717
7bcb2b1c-fa1c-4c8d-9c08-9de60a51baa2;96467;f46e5941-fc56-42c7-8ebc-e31634a67bc0;93585365681
160358f9-4308-43db-a424-431fce1c2c2f;94979;8b20793c-63e8-46a9-b006-fd342d984a48;77297532133
52a6cf81-45f0-4bf6-aded-2ae1834e4b92;49395;aafea139-16be-438e-b5af-eccb416eff41;75444907496
302031e9-5161-43d5-ae99-892035e82ffb;94853;69a2eae8-eb78-4460-adc4-bdf703c1fdad;83456169779
a609e541-81c9-45da-9eaf-59990d751cec;79310;c8d044b5-d55a-4fe5-9122-5e9eaef2121c;50604112979
cb5b1c10-055d-47f5-83fa-b95dba6a0a59;95304;b4fea790-568e-4d5f-999d-e0fe81f704a4;41577851620
71e34888-3341-4b9b-b2fd-1144881b14f8;27285;d3151a7d-177f-433b-9476-3cc201f2de6b;15388153987
69e5be7e-a3f1-49bc-99d7-2cfc33f37ba1;88389;593f5fed-434c-4133-8236-2eae049fc972;76969918379
09e69435-011b-48fb-97e6-d2fac1c479fa;30600;bd819302-df4f-4294-b4d8-fd8849ad2143;14121837059
b86c4823-b20b-4046-a10c-9feb278ad98f;58714;e8b4f5e4-f78f-4f3b-a467-605eac350147;58185253078
4df8588e-f808-4bcb-9ab1-d246124f5fef;77264;d5523381-50e0-4957-b7ed-faeda465b4e5;55189729232
4a2cdc9b-29a9-478f-88be-2f295bd5f189;61316;10776c43-0da0-4b65-9b8b-4a677e7baab4;65287471873
e26b3c3d-139c-4ce1-8e32-f045ef34172f;87430;7b8d860b-73aa-46b2-be6e-6ec0744e97b8;76375898659
936b6c87-9234-4678-9623-1422a9ee04eb;23213;fb07fde6-278d-4ae1-8f1a-df83007f4ade;19421368374
505102f4-7de3-49d3-bcb4-95bb838ec992;79046;02a429da-e0d3-4b4c-b38a-aae35f3fec60;18376690232
99c73115-01dd-4c19-921a-142d0538bf82;74815;2cf517ad-c5b7-4035-b115-b8fbbe7e0a12;69278122301
0c751e3e-be0d-4f3f-af58-81d122baf26d;54244;f9bdb294-fffd-41a8-b391-6954e2396316;82091103380
53c8d9a3-e379-4ad8-95eb-99e5db2a401e;34511;96fcf856-bd23-4b3d-abad-0f133fff95e2;51578440789
a0ab60d8-9e5b-442d-8356-e60b64aa2f9c;54682;46791463-4cee-4818-8a6e-45db99adf3d6;10733391781
d40e2d12-ad50-4eeb-a08c-f3b215103a57;45210;0f64d450-6b96-474e-a180-cc6edac630e5;70114425836
ec108dc1-d0d2-414e-ab4f-26fbc6ce07d4;70142;d148087d-9c9c-49cd-a0e7-e1549282f0a5;93781767757
76142ed1-8ba9-4bbe-97d3-b1edd1e4995d;26044;74606458-575c-4c9f-bcc4-8e57a8478a98;69849723660
c0711af7-ac7b-4e40-8a38-17b75547aa22;78895;3419a514-6668-49a2-85a4-c5be3746259c;65797460832
27c2de56-9543-4448-b938-def225dd86e5;41797;883c2c0a-d595-498d-bf5d-879854809de8;26411386465
8e7615b2-7d0a-4300-9833-536321f78c51;65305;b0b5df8a-0122-46f1-b9b5-820f52d90da3;35110941425
dc33d48b-9c1a-475c-ac79-fd6e839e10e4;81000;8da25250-a451-43f4-8468-8f5c8782509e;30537226860
29308db1-4848-4490-a06f-2aa9b13e6348;88276;1f8f301d-0c26-4ad3-ba3f-5c43e62f7a3d;98418562497
e11f4efa-36ca-47da-a031-c1203e772d67;34257;ec813d0f-7949-4a03-a578-8b85a9e208ef;33491922661
16f844c2-a83a-4d25-974c-7a2a58514f55;74247;e17dff49-2950-4950-ac3d-3d88127f5ae5;90464676637
b2a7862b-6350-4ed0-9457-73c497bbf2a7;65671;02a429da-e0d3-4b4c-b38a-aae35f3fec60;41577851620
da783418-d71d-4079-b8b7-6e71bce47102;79804;cb405da1-5802-4ca5-9153-8b84adb4b1d9;40226876209
b00ca2a7-c658-4aa8-a53a-f88cf93be0c3;41208;ecae9330-f127-43ca-b024-e34b40c8d912;31509984876
9bad9a7d-07a3-485d-816a-72e55945bfe0;97793;2aa562c7-e7b1-403a-ba6c-a376373d0a4a;40852647502
1884d330-fb34-472b-91f2-8a45ccaa47e4;87739;0eba2fed-df16-4bb8-870b-14e47c6205fd;88102401276
5b89ee78-98d7-4437-b2d8-702f8d7d569c;96309;823e2d7a-27a9-486c-a3d4-055497578118;71516021397
3c517711-8c18-42d5-a50d-857c7bbfbef0;72003;72455cec-9386-4697-ac6b-067f83b021bf;72927736370
731d2586-600e-4848-b171-4d3cec9acb68;23690;9bd2a0c0-10d7-402d-adac-eb020e5566c9;43751542309
60f3da55-100d-48da-b5c7-bc511a60594e;19765;401c3763-d7a6-4b78-b778-5039240f99b9;58124004062
bbc95d96-24e3-44c1-9ed6-ff0e4ae4ddb1;75651;328fcfe4-98cc-4714-a6db-b605f2364609;46581642612
c5bf658c-0677-4087-acc1-04df3daacd75;15401;72bf6173-9d3b-4535-a672-c533b1da6dfd;92848088043
accacdb6-b401-4832-95b4-b4d2ba63ac71;30839;f1d5c96e-909c-4daa-ae16-e81a53b5245e;97648329752
142e5a35-2046-4b61-885d-aa5ef07a5047;18909;aceec7cc-5436-462e-88d0-011c9ca7d9f2;70908910633
4ebf3114-0693-417a-ba93-661181ce515f;29485;02fa6588-51b2-492c-b9a7-b468724329a6;49027594041
79411780-60c8-4c42-b158-f50e15edb1ed;95925;7fa4d389-0f4e-47e8-9afa-86e1d3322487;36788311146
3ab8bb77-148f-4d8d-bad4-438e547a8762;25914;b12879f6-2a2d-4b14-98e9-85cd4a06d7f9;82905903300
234c41ad-fd6e-4771-8126-02915adfdb74;36373;d29e348e-6f99-4252-bcbc-5ac7c198ce1f;43091170562
8922c275-7c30-45e0-913b-a3f6fa59a90d;66490;211d9ddb-da5a-4e7c-8552-221c43d453cb;31627876672
6f834001-2157-4263-8ce0-6d2acb314fe8;20800;37ad3a2b-5159-422b-8f1f-f0bed21bcd2f;98037072561
7e599eeb-8671-474d-b4a2-fc862e7f2051;84252;25518e1a-84f5-4c35-8a86-c47102b2780d;20098024357
fb78ce70-bcab-483b-a281-9a727129bf4f;68390;634bcaaf-dbb1-46d9-a176-f82049350b94;20098024357
ecd8e31b-2304-4be0-85b0-e88520ee2fcb;26105;7023178b-f54a-49dd-933b-1c5964ebd0a5;31266325755
7b5f91f5-81e4-4d12-a158-31e6e7e43290;54469;62a44c38-0bff-414d-8883-ba94bcd5aab4;66148815369
0ed54b54-6ec1-4b06-8087-22b0606c941a;39837;ccb29f5e-9a2e-4e12-8878-3b0440e78939;56038114211
fb78c1ba-d6f8-445e-919e-20aa9511a861;51757;dfc17ac0-b8bb-43b7-8cbc-75dd0cd6a794;99211749423
1dda7c6d-577c-4c09-a39f-7a640f05d39a;24755;3f772553-6675-4bba-bbca-296a2f0c8f90;67560663616
4790b705-300f-4dc3-8acf-455c0c906e87;72713;c2e5c7c8-bac0-42be-abb3-847592738c47;99205519711
d9ab7314-c317-4bfc-9f7f-f795a9aca585;33204;3adddfe2-0edf-420b-beed-fb14fd4bc3f0;16796469337
18c8e32f-93f2-48d3-8728-9379bbc5cda9;71096;46bc3549-b25b-44fa-928a-eb0b547824d6;44952723964
4c90049c-0c7d-4fc2-ae15-b72f82edb79f;32695;22134b8b-08f0-416b-97b2-2306813924b0;21053510635
79e0b1f8-45b2-40f6-ac62-131343326810;57156;99ef1096-89af-4073-8021-447f29d75f41;20967616304
3b5ab093-24e9-445d-96ca-8b0fe91f589d;35178;1dcc4974-d93d-4363-b99b-044371f3b7e5;70114425836
d4dad4fe-76f0-4743-af0a-d9b45eaf439b;78786;052db83b-544a-446f-8473-be7cb57fdf16;45762866638
42c40415-0988-43c8-ba78-09ef31d179a5;95985;a56c55bf-d834-44df-b758-2a7dd5a5d17d;52938798211
a60c9c03-ceae-40fd-b6b3-28b9a586d5e8;96009;e5a82c4c-fcb9-433c-915a-8feee8f88e99;11019291887
0e7d3226-ef48-41b0-8ae5-5814147b5ea0;91839;d0f08281-c06d-42d4-862f-b1da638fed67;37607644782
672095c2-5b55-442a-86b8-daebda47b493;24480;aafea139-16be-438e-b5af-eccb416eff41;81726614128
ce6875d1-7f87-456d-a1a5-b7564cfef44c;27291;8866da3c-2448-4596-ae61-722dac2dacf2;41373368499
c5d2127e-b026-409a-b690-f1e4797bd063;96665;b1b9d026-ae29-4739-af43-075c4dd21352;95316315826
0290879c-7b3a-4edf-8998-ac505dd5d34f;99082;9f13a3a0-c419-40cc-a93e-8ceb62f37119;31237099034
ff978022-4631-45e8-83ba-292c3166af99;95222;afc191f6-d127-491b-9a1b-aa33f5073da0;44068482935
f6560cef-35f6-460f-99ef-348c7c9bf727;71137;a7a2e86e-11fc-4058-986e-a467bf2bacac;91644658169
8b563e44-7606-4667-9cc9-5294c204a102;26654;bf6d3bcf-a3b1-436f-a989-6fe53d8d7ac2;30856305458
fe6f49ef-bac8-4913-a4e1-061b6270d019;55295;0fb8d27f-8667-4883-b1ef-320f889b1db6;11009017591
e2cf58a7-2a46-4e31-a128-70287b753afb;40354;7fea4f3e-8e72-4918-9017-85f7258edcb2;51080861545
a62b33b6-b511-4daa-8939-7898be1b23b7;27672;7fecda8c-70a3-4490-869d-0daf04dadd03;78344844352
395d5fa8-9dd2-4488-b9db-4227ce6976ce;17167;d9c63777-0b86-4cf4-821a-202ff1156a5c;10357824055
9dabf3c1-0e8a-454f-96fb-16b38d032fd5;50063;b4ca93ae-0bf6-422d-b4b6-55157bc6bead;74664687315
4c561f71-1c50-4303-897e-c622278e2073;99382;1fc0e85d-da4f-48bc-9919-88d6ea95e8b9;55189729232
837719d6-8b34-40d7-b0df-12f44b160eb0;32794;00f9feaa-fcfb-4383-b93f-3eeedacff05c;38972504942
44a2fa3f-3e1a-4aac-9353-5a8a6a9f49c2;53705;00b9187f-3cf4-4ea6-a305-c8ad150e6842;89203527022
a72251e6-9b9a-4988-a20e-51813b69c8c9;70204;207c5d2c-fe53-4554-a082-5e6eaf06487e;48457904939
edfaeeed-e29d-40eb-9f2a-c30282a2305b;76642;6ade34fe-e40c-4c6c-a905-99e23fa85604;61329440797
60eae4a7-ff54-424b-9e40-b6b5013a53da;19046;3280d802-d9fd-42cc-8434-2cc614656893;77681512792
c351eb33-2dbf-469f-a452-658a64dce337;42595;609e5cdd-b364-4660-8f04-b40c8664b118;49689761264
59ae1130-6c85-4666-afa2-b7bbeedfd149;28336;e6c46564-9053-428d-8933-5c64c992bc5d;50669103314
9b125940-f231-4d9c-b742-3ae0e4e074a6;29666;ad26376b-0d31-4d4d-87c6-3c6be8e875bc;63608508207
ab086baf-edc6-4d14-a5de-2914bff528e1;90418;226fc0c6-f551-4332-a6c1-c0e385bbabb0;38460970730
2848e15f-edbe-4728-943c-b17aaa0cecc7;30515;479490c0-84a1-4fcc-b201-2035c84db559;88802514898
348670b6-1a8e-43fa-b798-fb511eacbba8;22393;3bd51e86-a71d-4fe4-874a-c3f2a1134f8a;99896015451
4b37e498-71f1-49e5-a124-32f44d1924d5;96365;e4f236aa-a7aa-4cb8-9cb7-96696f1cfac5;50604112979
7a658784-8a62-45ef-be85-f77435dc011a;56674;b11883fa-6133-4f49-90e2-cef06f90849d;14121837059
fc8d5de3-6547-477b-bd52-e42bbfd40cc8;67655;e13dbc6b-687e-4682-acd5-de67eb2d281c;83984091692
d7afb8e3-8abb-4f00-a909-6492412ee16e;79918;8d6223f0-adae-4c01-b053-d9aa80811168;31128926644
24fedc0b-85d8-4cfb-8f42-903ac7bc70ed;46078;a1548aa0-680e-47b3-809b-f4274237d0eb;32276104632
271d644b-36e4-4cb9-8af8-fecb9cfccc9f;69882;cd42e32e-2045-4f37-9f29-277abfb6f564;79065738593
0c579e76-906e-4b2a-b97f-7977601e63a4;96990;99ef1096-89af-4073-8021-447f29d75f41;27017943830
b0edbe5c-aa32-4d65-8ed7-243dc62da892;28878;ca902428-5ec4-44b0-9321-2da0aa30bae9;41373368499
33ecaef5-090c-4f4d-bebc-1fb3500e572b;63590;4c9e68ac-8723-4930-a8ba-3839cefecfe9;82299263882
4d55576a-0d25-4e91-9299-e406be0614f2;50045;87c2a7ba-543d-4945-9dce-d21a51910b25;14749580866
06b94011-279c-4a79-9cf6-3f8d693468e0;64527;d985cdac-23fb-4429-9aa8-71fdf4dddfda;10395571167
14d8f880-f41e-439e-b6f4-3baa23d88a91;90789;287fdd89-5c62-4755-8494-c9ad4494b9f6;36355403179
61cb93ab-3192-4b3d-a384-c196af4bb1ab;70445;4f4e54a1-f788-4fe7-a8f3-393408c6405b;95419027394
d2e0d5b2-70d0-4928-906c-257f89d6c2f5;38492;9bdbf709-f17b-4238-a024-21782d552f4c;13433494950
43a5460a-1927-4941-98d3-8e09a158b382;29347;15ff0f75-ce7b-4614-850a-d3f07d4b4ed4;46581642612
6e66736c-270b-4dfb-9983-60579616710b;36255;4a09e7ab-3b6f-40c5-807a-cf13f07c0210;69246165109
a87a85b5-a6cf-4d3f-be02-ebbd09e3ed77;57173;87c2a7ba-543d-4945-9dce-d21a51910b25;19421368374
acdb8cef-99d8-458d-947d-b77a225acc6c;36099;a6326979-94fd-4258-b25d-8fe91f52a100;67752779540
cb6c765a-9bc9-437d-bab8-422c7d7ddf0c;22840;b144d578-e0b9-4c1f-a612-36007381e31a;60696994030
27d991c3-eefc-41a3-971f-06c43ff69362;76740;7cdfa9e7-67e9-4216-a425-c1ab875053a6;71844866992
748e1c7a-7a47-4d6d-bb5e-41431ac7c74d;58493;2327904a-b5fd-4d8d-9585-ec99f24e41bc;63313390729
255df4fd-4fee-47ea-999d-530890260494;57262;e8b5647f-0f0f-4195-8ff0-1b4ec6558c0b;74443908690
adf1a74b-2438-4f05-837d-55994c020aa3;15464;6edcf9fa-369f-444b-b7d2-5e921b387b4b;17997777804
cdeb7414-6f22-4e07-a56c-1e7ebaa918d1;34776;9ee85171-29e2-47e8-b1ec-b6041bc6b3b7;86426688011
30212af2-0376-4d81-97cb-66405fd6a347;37051;2605c254-5395-4a24-b369-9579f724d4d5;81402997663
29936b2d-1576-4526-8f3d-7fd8ac4f474f;53500;d3ba2156-0c7d-41a5-9385-35cb6492ad39;46286987383
8d074b14-74f6-47f5-9037-a4c83d7b5fc6;19162;a65f7cb4-832b-4e45-bd3f-da2f91804cac;17012315116
c3869a76-b812-4f0b-8664-1389e305efff;17848;72455cec-9386-4697-ac6b-067f83b021bf;40212185460
dcf3d584-a9ad-4f00-bb38-4ff1023e2074;93290;e6c46564-9053-428d-8933-5c64c992bc5d;66363675184
5be5c1b4-b3b9-4f05-8405-e9fcd9601c02;58724;87c2a7ba-543d-4945-9dce-d21a51910b25;21279071229
0c7f7c67-b6dd-402a-a436-ac5f7aea3d5b;90963;65463f3f-c546-4710-bd2d-49cbf6f30488;56678565994
9d12a4c3-869f-41a6-b49d-7de5e879deec;60587;715bcc9a-01bc-42a6-9fdc-6ef7697b1d66;71618746236
e3cce8fc-4985-45fd-8eee-8875584c2e5b;72603;307d94fa-1179-4960-8426-2e774fec42de;56735956045
af4d9932-6d39-4ffe-9eb5-adef9a5df6c0;48148;be5384b2-4e99-4195-b164-96f0c3e9f43d;92662286838
e678420a-bb82-4dc3-9f07-f8cc22fdd8a7;51389;261032a3-35eb-48c0-859f-921cef642e4a;46720339638
0dca2ff7-77c8-45f1-978c-aa0609c42ce4;50288;ef09e9ed-4c12-44ec-a6ff-2bf686ba800a;45497856768
f25c49ca-df93-49dc-a310-08b323fc4c62;22862;2f1b50dd-e633-4c75-9c01-9716e3765203;69793040290
66a4edcc-3030-4528-a6e4-9c7a1360878a;15108;96fcf856-bd23-4b3d-abad-0f133fff95e2;40852647502
fb2e83ea-ca59-42f0-b914-e0e2b5885435;36863;1129f8cc-fbdb-4a91-818e-0cc6585af879;49759298258
e3c0277b-9dc6-4c88-bf84-662150bc4fad;62180;a652f56c-5961-41bf-a8aa-3966f13e26e6;48457904939
fd9cee79-80a4-4cd0-9646-c906e161114b;41573;da87f12d-2d62-43f2-acba-e60759ed2c0e;42391903282
eea04824-f971-4f05-b215-791c2d8cc148;71851;53dc64d6-bf46-4caf-b9f9-ae32a653ccdb;38276793067
fdb2b3d3-7513-47f9-b56d-b79a0bcb83e6;80449;d9065963-b843-46f8-87e8-391882539360;48051912325
10994b45-c4d7-4fe5-ba1c-4c46fc445f9e;90870;a56c55bf-d834-44df-b758-2a7dd5a5d17d;78882663810
6fe4ee6b-67ea-44cc-bf92-7c8128ec8416;85255;b7d98acd-3fc0-407f-baad-5d276f1a95a3;21605354973
a604a7af-edee-4818-a9ae-f07c3daa408c;25255;e617ff8d-3c2c-4d42-bda3-c6eed9c37d1a;63881660139
2db7c70f-38fc-4890-b465-2418856a3a23;81865;ef5cffd9-785c-45ca-a9de-9963b058d7a6;76358813775
035ca66d-ed7c-4b29-9ae8-755a23947ef7;84789;11ca41a6-5655-4137-a42d-24e99c6e98e5;70214755738
70a0844c-29df-458d-a7b7-893e0c895d7a;61067;3130bfbb-2a40-484b-8c25-d26934fb8e88;94819840359
39ca053c-054d-4bd7-9a70-8a8b8906f443;16943;4038ee97-801f-44b3-9324-dc932002a28c;52676264888
5a19b664-c3ff-463e-881b-f0f03ada3885;41037;6024b17b-6b31-44c4-9b86-6a498db86f77;82840109348
5446ffb4-2644-4e94-b710-4060a3be386a;53412;57ec44ec-5dbf-415b-864e-2800928496ce;40634931974
b978f7af-0555-4e01-9a5b-e23440ac6f2d;74575;d5523381-50e0-4957-b7ed-faeda465b4e5;93879834297
0e09883f-cdb3-4b31-bcea-1543961e4c39;37169;982232d8-bb7f-489e-add8-467135e1de2d;71422240709
07d69c86-d12e-4ef7-aeed-a6a3f9345df9;28576;14032fa0-3e18-46c4-a2d5-b5108bf3f1ba;19421368374
af1f06d0-4670-4db6-b097-dcb48e3f29a7;64172;9ceb164f-ec47-421b-8181-be38b7837c21;54201446232
ac96083a-865e-4481-9435-a7dee0fb7bd0;74682;375c74a4-28b1-4de2-9e37-4b7dc3b656e9;92418079639
4653b84f-718c-42c6-92c8-fe789765449b;75014;db9872fb-5416-4f43-906f-206f3c84623e;81574818814
bb7f7a91-d14d-43db-b12b-11d89956aea0;43169;3c2cd0f0-69b2-4c0d-9b60-22b809f9a2cf;18023834055
7799b31f-d831-4be8-b319-6ba7c26917ce;29914;ef5cffd9-785c-45ca-a9de-9963b058d7a6;13769351114
e9a58e52-f181-4bb9-b494-712ca8b2784b;30456;29ec4f82-97ee-4c7b-9eb9-40152a350ac5;85651300186
218fd295-2663-4b2f-b704-0dafd82cef89;54003;a56210b4-10f2-464f-9f02-b276fa85f21b;86233210829
c5b92564-c99c-4754-b081-dd4f52efdf6c;96807;7464cf7c-b6c5-43d1-a333-86a51003562f;80836496538
3d35e04c-dd63-412a-8fe6-b7930120760b;43903;1774811f-dc57-4f9c-b77d-0347de8f3703;44735869427
01f952f4-54ca-4747-bebd-cc7426eacb17;84559;7632727c-575b-47c6-b9c5-7c106d4e837f;15030983176
b71ac108-e7c7-4be8-ae55-202c4e7dbdda;34563;e47606bd-5cfc-4a9f-81eb-f4c6790ab571;81895394368
777bbee8-8399-46da-a35e-5409007bb5f5;41690;7bc8d775-9a13-4ed9-b7bb-3c8d2f5defda;45762866638
33e4e94a-5ca5-45e1-8ac2-08ab2fe16f3a;61673;9a390bda-4ee9-4eac-82ff-5b35c71e32e4;77934660010
72f1166c-e15f-471d-9001-621c4826d1dc;37391;8d0eaf9e-b288-45fa-b0bd-211bd6ba657b;26228377598
679d3d2e-83bd-4beb-bd9f-78b2ff0e2af9;54820;04db2603-e6ae-4239-b81d-33b47a4a1b6e;83554616936
45cc493f-814d-42a0-9fce-8520a3ee2c15;25985;2187c454-cb62-45e3-a038-076e6f353677;27158780700
f75cbeb1-a16c-4d50-b0f3-49e0d3c5f21c;49816;69d26131-9660-4e74-b977-58c9d3eadb34;50203939482
228c941a-b2af-47f4-bcc5-40d9b7b47fcb;45503;cf66761a-edfd-4a9b-85db-a1d8b2f735d4;76671732933
1a2e0c9f-8e2f-4a58-960f-926aca1a3486;70750;42aa0d2f-40bf-465f-9a20-71b1b1194a6c;39793582782
28e5ae6f-8150-444e-8297-e6b7373402ac;54063;528fa897-817c-426e-ab6f-21316c3ddf36;20292395377
490d0ae3-aba9-4104-ad44-5a8996a3626b;26075;62a578ee-b700-4018-a3b5-3533c1edc21d;21841596484
fe770edf-4b64-40b9-ba72-7be26516e4db;71392;abbf3726-02d8-48c4-94c0-f2cf8825a152;63045165460
a76672b3-d7cb-481a-a153-290cefd97bde;94634;3f772553-6675-4bba-bbca-296a2f0c8f90;92322119412
29ea3d28-aeea-4051-84be-bfc5eb9ec5c2;70359;f2c8ea8e-4012-4d8e-bb6c-883f5d8739d3;69664954259
5877c667-26b2-4b41-9122-4289a7fc751d;31759;dd2b6378-61b6-460c-b92d-43ac98410b0c;24175156269
28bfb665-b24e-4fda-a105-69b4291a187f;99506;c9cf2fda-2e6a-4c53-a15b-dfd208b07880;81653764237
bac02c8a-d439-4084-9ec8-fc323fce3c8a;95986;9913a1d8-2fce-408a-b65f-c1714ea742d5;19556893713
d36bdcaa-626e-4e29-80d3-8ff811d068f6;48822;02fa6588-51b2-492c-b9a7-b468724329a6;35698256241
72aa10b7-c1f8-4b33-8372-0203cc772a52;50189;7bd96504-5834-43ff-8aef-f59f6f1e1e0e;65628690901
1201c7e9-7dd3-4242-af50-8711a45ee888;67195;e25c3127-5fec-4b9b-8150-51f1bc4282e9;94597049948
3ebe5ebc-0748-4b93-b5db-e8492c561cc5;73217;feb05a2c-29ce-4d6b-bc98-c17cf13065e7;69278122301
4e541287-b77c-42da-a2f3-710148c2260c;66884;593f5fed-434c-4133-8236-2eae049fc972;57559446236
bea0d4c8-2c76-4e47-8bdf-8c1e68130142;83309;571d3886-2012-4b82-998b-bc0606961246;84780885262
fa8670d9-8715-4ee8-9ed3-bb566ac8b43c;88786;508eaf88-da73-4053-b16a-ead9ea6c2ee3;89523504648
d67293cb-8196-4ddf-96ea-a840fe711fc7;98316;2cf517ad-c5b7-4035-b115-b8fbbe7e0a12;82840109348
1a30c8cb-886d-42a9-a48b-b457d3b326b9;31791;2ee47820-2e3c-48bf-97f5-3504880595b6;50984158243
fb4cfdce-fd9a-4625-b45a-cddd1440fc23;61441;16c8d853-04d7-44f0-ab19-46c1bf6dfebb;28916805985
c9a030b6-4f02-4f46-a639-5d20911391d0;63623;24b383ff-637e-46f1-b4b0-b580b0c0498a;73895028418
08a72c86-9bc1-4d13-bbe7-cb001edb9218;19408;cfb6f1a6-7227-4117-a7db-e6fd9a1383f5;22693891469
083d72f1-9a96-44de-a9c7-06615450e008;61739;34570a37-7aeb-4cfa-99d1-cca814e88a32;84780885262
1c56123a-61d0-4da2-832b-06b003849dfa;73967;5f34824b-bc79-462a-93f5-561257ec9a14;84625322998
86c2de37-e641-43da-8ad0-de06f8842580;49339;04db2603-e6ae-4239-b81d-33b47a4a1b6e;56588318685
6b1deba3-d6d9-446b-b9d0-809bb2886d1b;92187;3f0f6850-6b82-45b0-a207-52c62bf9c6b4;64586937469
0f6f1a57-a2b5-4573-a03a-11489cd7b784;96841;da87f12d-2d62-43f2-acba-e60759ed2c0e;61281227045
a1679678-2a3b-4dfa-bfd2-f19a34b26e3b;24562;c862c523-4a57-48ad-bcaa-f627704d4ad2;58058165778
25b5b828-1760-413a-8d16-18e6fac4da65;85305;992b8dc3-d0e3-4e4e-a7ce-2ca3e69eaf3a;31981569180
361f62e7-886e-4f44-80fe-19c116c844db;42030;4871aceb-9af8-4dcd-8991-c48f88d359a9;15388153987
a6d65b6b-c9b8-444b-8bbe-a5a5da570f5d;86467;2bdc151a-92e8-4c00-a472-e570121779fa;94182105179
6954e365-b02b-4c88-a28c-53a0b8523aec;81209;1f8f301d-0c26-4ad3-ba3f-5c43e62f7a3d;47525227700
48c96bee-bc85-40ef-8eeb-04a9693c2476;95354;8ecde18a-527e-4dfe-a1f3-7648a6d82cc3;25717357670
3ca948ae-f1c2-41ef-9528-c80c3b02fe8e;95869;478b0a31-b4c8-413d-9dc4-e5ba93e43ca2;69793040290
96fc1ff1-54e5-4cc6-8c0d-30c3447b4b3e;62369;992b8dc3-d0e3-4e4e-a7ce-2ca3e69eaf3a;82091103380
659adec6-d6f5-471d-a783-5938bc8cc8ca;43231;0c747eed-031c-467e-b8d7-2181ed2c58bd;73895028418
d44deeca-1119-49b5-ab64-1d2d789b5aaf;97052;e084e516-e8cc-487b-b6ef-78b94937a490;82235385754
97b5b398-80cb-445e-bd4e-18a19e32977d;38338;0b41b812-3368-4976-8642-e9a8ede85601;58326048768
3433efcf-a708-47de-9d44-d47d8a78304b;84685;febf668b-1a5f-49d0-969e-2e948d8fa1fe;58993800848
5982aa69-6d8e-48bc-809a-df4dce5e199b;18193;be81ead5-db45-4e27-be10-2d3f0587f38b;95813212196
440c08a9-d5e6-4151-b335-b4729c2f37bf;56659;00b9187f-3cf4-4ea6-a305-c8ad150e6842;65750111980
b1716fc5-4b3d-49c7-aa75-63fdd5abed2c;55822;f4305eeb-b688-45fd-821c-4fcac6d8f473;46937061458
93059d1a-a6bf-408d-bfc8-a1cc5beeefb8;60522;f4741f41-ba65-4e50-a729-fd50310b973a;87245166839
ee53794b-bf6e-466b-b2fe-99565a24e705;75550;11c0d3ee-b2c9-4339-97b5-0405f8e145ef;30633355448
db710b43-5164-4b77-805f-7f72e69a4e67;29266;082b030a-ff9e-4f30-9800-649363ddbfb0;98285397021
ae535aab-a77d-4dfb-abb4-d9ada6c9ac46;73056;b0f0e1c6-e2b1-4288-b415-5b476408f877;44415338445
0e7c7b41-e8c2-4fd7-b744-a45ab8019bff;38911;ad26376b-0d31-4d4d-87c6-3c6be8e875bc;95813212196
2893d3b5-18e9-4e00-a8b9-6ac601666c3e;99107;3fd84e76-3758-4f2d-aac9-787da41d7203;44877859647
079bcaef-e3ba-415d-8217-1e07738893ae;64836;f46e5941-fc56-42c7-8ebc-e31634a67bc0;38379091905
5dd01269-5f45-495f-ad9c-8d30c88a7078;48798;3b676f88-773b-4217-bb71-dd21af64690c;68687396968
29fe81e3-82da-4748-b2ef-eb0b4b542e12;71736;aa579d6f-e773-4969-98d2-87754eed2736;56743074088
6aa00e8f-e47b-4517-919c-a387da865793;82961;7fb5b1fd-8b88-4168-a85a-63da88a3b22c;76932556278
04ee9535-12a5-46d4-a700-49963f126846;90814;66d2abb5-0dd5-4e1b-9f60-72ba90c594ba;93931799929
1e381bda-1912-4e01-a246-94f5fc5987df;30926;4390e67e-10dc-444f-a107-3517e8de771d;55163834104
ad127f0e-0ce0-4578-a007-f201e5eb8f23;37041;777720de-b754-46f1-8e56-a716ba90b32e;20752561747
29066ab4-b74d-4eb4-94f5-4df4b02cdcc6;15755;69c6cdfe-8d91-473a-a4d6-bacac6de5662;90694989592
a1f741ba-6eb9-482c-9c5b-12a259831f07;66341;37ad3a2b-5159-422b-8f1f-f0bed21bcd2f;12694061462
6dd4b638-c6df-4e5c-b5a4-fb2af9e53669;78494;7fa4d389-0f4e-47e8-9afa-86e1d3322487;28604355077
f37126ab-caaf-4736-9e8d-025b595c833d;93989;ffc60e3c-6dfc-48e3-8c9d-d39c44cb6c38;80971085039
50ff4734-7d60-4adb-b786-344af8de4433;32230;178810af-577b-45b8-88d6-42e76b02feb0;52959461483
208dfac4-8060-4b74-bcf9-9d26573b48f4;95351;082b030a-ff9e-4f30-9800-649363ddbfb0;32437767007
ef5c64e8-960b-4725-b704-c3e789dfc556;86759;16890d52-90f7-446b-8023-884e75aa24ee;40612829723
ff97fb14-c2d0-4f92-a781-03c87dbead5e;86792;68e0b288-60f7-4b1b-8fd5-553123e45389;75509009402
5ed76ab7-098e-4aad-b96c-94b117820cd8;53829;4a075ac9-d1b1-4584-a54a-c08bb40516b6;93879834297
ccfdf546-ebe0-41e8-959b-14b9890d28e3;60441;b26ec2bf-1c04-48d3-9087-8d4b38e9dfe3;71865444434
a9841119-9fc7-4acf-804b-3a629e8007a7;41689;fd0544e8-f901-4c0d-ae32-19f4f1f3759a;94182105179
71fb15fe-7fcd-47c1-85d1-d88d80c530e2;70932;dd6ba6ea-0c28-4bad-9316-c180dae7fe4b;60669648471
90137391-535e-4fd4-a59d-910c7d6ea28f;43911;0e86eb65-d4a7-4bbd-94a9-98e6f124b856;92848088043
78cd75f4-30cf-406d-9f4b-36cf362bcead;16530;3d29592c-5334-4dd5-8245-c2fb8c8feb01;20256006439
5de0224b-3f0c-49fd-869d-502fecab2f04;22578;93614307-8d23-48c7-b59d-e67be441c50c;58938400423
23736aa3-60f2-4959-be0c-213cde279597;61838;b58ff872-5d3a-4a4e-ad62-c9aaec609bbd;59394299135
436a7b54-4359-4351-afb8-96ddf217a5fe;86735;71821ce4-eb03-447a-bc1d-83a1083af921;22723392845
45dc8c83-4200-44d2-be0b-0513abcde364;23252;37e57652-8130-4732-ad3d-9ff199800dbc;46038260914
ca28176a-3a78-49ea-92db-f6162c5e2054;28528;1ed12805-5c0c-4bc0-9d7c-6fea04851663;57273958656
ce63e604-8fcc-45ef-a163-77f7719c0332;81522;5fecb542-8fa6-4d44-9124-e21c65b57cc3;19171290470
0bf5ef77-2fe5-4560-9ffc-2c33bbc92acf;85603;93d10cdf-4129-4849-8aa8-33a4a5ac6bee;82917660416
09b42e7a-41f2-4821-a158-317a42d84750;87780;85fcad21-58a6-4285-b3c4-79d74ee04763;22060476280
2087e08f-2742-4000-bf78-5d5e91286136;98160;9bdbf709-f17b-4238-a024-21782d552f4c;35110941425
0a67ea33-145c-4f8b-bd88-f6792bbe0190;84961;b86c92b9-4337-45b4-b43e-d56bd9700b46;86426688011
b90c255e-f6a1-4f72-828f-9dbbb7e04b01;32207;e724fd27-db68-4ff6-a7b5-5cb22e327bfa;20098024357
abec229d-3e7c-4472-b6ec-bce57e99930d;51707;1f4bc2bc-6470-45cb-ba45-62070ac17f9d;68688133164
7cbf2cb4-10d0-470c-9303-b4f849efc638;39579;aa579d6f-e773-4969-98d2-87754eed2736;83505029732
9bfbc88e-2385-482a-a2dd-ce8926640d45;20802;ae79262b-67a0-414a-9893-2a235d310588;57273958656
ec5a8708-074c-461d-abe1-bc8373a34335;94772;d9779ae2-0cf9-4ca5-a29f-c37cddae0273;71470216272
47a61f02-2fce-4ef1-9748-116360f82b07;78147;bc873032-e24f-4816-b883-289d4ffb28af;24508768734
353f30f8-9727-480b-bcb4-8db40edc0c77;49286;e8d85e71-b417-45e5-a7bd-3cc109d3f7f5;29528077081
7bfee3ac-b1ee-4732-ab07-800bea2fe643;17109;883c2c0a-d595-498d-bf5d-879854809de8;24082804216
28dc7ece-9034-451e-be1e-1ef53c140327;48523;b01f5e11-a764-4f48-b4f1-3ee37644862d;17675773333
a5dfdfd7-6401-42e3-90e4-533d4cf5694b;51346;e3b8dffd-02ac-46f5-93b7-76357745340f;75798875394
1f6857cc-b464-4303-b450-b713b4278c29;74190;03eaeb52-b483-4e99-8839-bf3e6b6cd0e3;20950338315
845bd3fa-fcef-4b87-a9cc-797df798de7d;24934;6be2320e-465c-43e8-b832-9871ba7eac6d;29191131662
201b867b-15f3-4fc1-b25c-cedc2bd6eaf1;30239;50de2caa-58b0-49b7-8b92-837017dc0ceb;95640124349
014625a1-9c9a-4548-8baf-72051cd052e2;27432;e3d5a1d0-7899-4884-b6b7-9d1ca862d4e1;48836339898
66919943-b2aa-48ac-a29d-dfb872b70e40;85583;b5432334-aa4e-47eb-a02a-184238aa6a13;36513587416
83ed4add-b794-468f-99ef-e3110f1ce124;84570;c479d68e-8e9f-4a93-b015-4487e902d5ac;19502584524
3bda00cf-bd87-4bb0-a60e-01da5b6bdb3d;71973;e3058767-5743-49c4-8bf1-20c320f016c3;41909962712
054441a5-c5e9-4cdf-a264-41e3e537cf5d;57840;0e829492-56b6-4cf4-88cd-c65309c39142;51578440789
d48f00c6-7a93-4242-a23c-9660f09d2863;37821;c8b1d7e7-42f2-4b8c-b3cf-c548216ae16b;61231294209
ec931ce9-d9db-465e-989b-cfe3c434647a;87824;99ef1096-89af-4073-8021-447f29d75f41;24508768734
4ca1a1aa-7481-4dc1-9009-a6351d53e2f8;49609;18478ddf-1dcd-4057-b983-39ecd09cfeb9;23483536826
28732320-d2ac-4961-a2b8-7258e4cd2ecd;44261;e084e516-e8cc-487b-b6ef-78b94937a490;50203939482
d1136559-160f-4af9-8a53-1dced158ab41;79261;211d9ddb-da5a-4e7c-8552-221c43d453cb;76540618518
a235d6fd-6642-4fe6-af77-29b7b58ad8e3;26442;40c8a1c1-8bb8-4048-bdfb-68a2b887e1f6;86867384636
b080ddb9-f630-4141-8893-2fcd8784a462;21540;de7b4c8b-0a11-4ebe-b2b3-c1025ef2a234;86426688011
2136920f-40df-4803-8377-7c191d2ed820;50318;bd0fc637-0b06-4ffc-a71a-cf913efcdae7;24015345384
a1f6fb7f-14e8-4d2f-8fe1-8403c20f383f;91102;a8e583da-7a2c-4c1d-a917-8b60cd72cbed;28439759399
e9c37403-a4c0-42bf-bcbe-772db7e4a5c4;97590;c88b0a19-b734-4123-ba0b-f48ea3cca789;36513587416
7ab10947-5845-42f3-98b2-f2f59b4883b0;71356;d9779ae2-0cf9-4ca5-a29f-c37cddae0273;83046888699
e8aafe86-1d53-49c7-847f-56b88a95701c;73254;c9cf2fda-2e6a-4c53-a15b-dfd208b07880;97760384966
714028d5-1b30-476f-80c2-feb05cd9e4ab;38166;1c71fe6d-ef69-47c5-b2fa-3ab7ed3587c1;12015884200
621c08c1-4e3c-4eb1-9244-54f9fbd453b3;90178;2f1b50dd-e633-4c75-9c01-9716e3765203;89523504648
e7dfc587-a889-4baa-8d8f-192d8ca62168;81710;63ede25b-e029-4d6e-a81b-7537df68d5e8;84313962889
63751017-9efb-4a17-bd7c-b304e6b3f173;41070;4b559435-429b-413b-b56e-b47343a27517;41734500804
1eaf9342-6624-4aa8-9e3d-0d38edd922b5;77296;b2a5ac59-ad27-479b-8a0b-2e50a1722be5;45923746659
ff24645a-4e75-4d6c-a086-44440c5be37c;85165;7324441a-1e0b-45b1-9c5b-24cd8b09c439;82928197318
81fa565e-8d39-493a-b8c7-dea5d134641d;26602;a5e58c7d-c7ce-49a4-94ca-a46207976572;11712157159
5170948d-6570-4390-9b20-e8cc61bdc0ea;35774;2d6337c4-0edd-4f11-acb1-64725c276011;24039613364
a00af666-0eb4-4533-907f-9c6267568325;18920;99918b68-17c5-42cd-8366-6cc2ba17d6b7;28742834883
3373ace7-1dd0-45c8-9785-9b5ec32c502b;41921;a47ab4ed-db5f-4814-b044-e62f7a0bbf57;47279465266
2cd6f04a-32d9-4f45-90f9-0a9048dbcbe5;49187;7381b95e-0c4a-47e6-be64-792bc45c76e0;14141007936
c44efbd3-81fc-4293-947e-2384d62657d1;39275;a69ebe53-f17c-4c3a-8f62-895941dd9523;21792122721
770b74ae-d411-4546-a46c-22d0533eea78;81693;ab030442-1a71-43c3-8f14-8766d8afa33c;20612438156
c8f96fac-7aa9-4302-8205-09458e0dba29;70719;b11883fa-6133-4f49-90e2-cef06f90849d;13905583630
8817bad1-6671-4f19-8298-4928ba39a397;47656;aeecdfce-6314-48a2-8f4d-77b5ff77d181;87245166839
71879293-5ca8-4db0-b895-1a53d661f678;30921;f4b3dc22-3fdb-4c5b-abd2-c3fd15ee7cab;13417791413
a3746c30-da23-40c0-b963-9eea0475c68c;19484;adb67a80-490d-4540-9159-9c687d0dd3b2;64409646919
86eb676a-4d61-48bd-a195-bb0c36299922;37201;f8a3de26-442c-4edf-8aae-6edb9fc502ea;72875269448
0dc52115-d67d-4891-b0b0-3368ce3a3411;32489;1a5b9d97-202a-40d1-b933-0916a269401b;74990339498
5cf380d8-0dd4-46b2-8363-b844986f1693;28934;e86b6919-27e7-45d0-a683-494d4cb01dd2;74990339498
28e285ce-2b22-4ce2-8507-ec623c334d56;77560;ba79a3df-1b9d-4308-b41c-1b457e2f368c;63881660139
3d022f9c-789e-403f-8ac8-f218e86cf132;57810;3033b63d-fcc8-4a03-8e7b-7350cb69dab4;92021030000
990c4c1b-8599-4b27-90a8-4ac4fc371952;26176;abaee78d-6983-4deb-83ae-94d007cff540;20002838973
11a3380f-4419-4cf7-be73-1f3171ebeb1f;35022;1a5b9d97-202a-40d1-b933-0916a269401b;59014552362
10997683-2f92-43d4-a9e8-6b2c45889ecc;88185;db4f0d06-625f-43e9-b581-018840f95be4;44748230299
efc8398f-6744-4cc7-afba-4457c12f6379;73602;0eb78d23-17b6-4593-a4c2-430b595ae694;22424435979
1572c8ef-3ad7-4a0d-ba4f-96cd6f238501;66681;2491b447-0bb0-405c-90af-ad1e3e5f1a42;15486256076
de71e268-98a6-4d8c-8a04-32f15f6a6013;75785;a65f9f62-6b30-48e6-825a-09d326a8714f;91863159935
62c74561-6478-4caf-983a-e48de090454f;50058;8be00e72-6beb-411b-91b5-a6ca88bb93bc;15041400970
9a6e7a1a-7b3d-4a64-bfe0-649e1b533c60;61324;df755c52-57e2-4ad1-a1e4-5518c692c6dc;70559552014
7e3f9825-e0a3-4513-88cf-446d95020776;17899;37ad3a2b-5159-422b-8f1f-f0bed21bcd2f;38460970730
708d1a72-6a53-478c-9d29-3ac6b6bf7e7d;44217;4cd34fd5-ccc3-4b75-ade1-bc6fc05ae4e2;84390074233
0ef05546-4249-4e54-a1ac-76321ef193a1;46115;99918b68-17c5-42cd-8366-6cc2ba17d6b7;30806034891
8189ef49-9ace-45ea-9599-6b605fdf6f27;15457;66d2abb5-0dd5-4e1b-9f60-72ba90c594ba;73160723276
8e13ea1c-a8ab-490c-aec5-ef0a121ca8f4;21869;cd42e32e-2045-4f37-9f29-277abfb6f564;20701224856
00a1761f-28ed-4d56-9bd8-f0495d5e2061;19009;46bc3549-b25b-44fa-928a-eb0b547824d6;38972504942
218f1968-fdd7-492e-874a-5be3812f5ef8;58311;1129f8cc-fbdb-4a91-818e-0cc6585af879;79179691940
dfdf0ac4-f8fc-44ac-8d41-765a81e6e640;17709;207c5d2c-fe53-4554-a082-5e6eaf06487e;83505029732
13a559b2-22eb-4d96-b20d-6acf2a40e662;45628;25d47eb3-5c05-4121-9781-547096b24678;11966421686
5742732d-3187-4bd9-a303-e6074d5e4431;68347;74606458-575c-4c9f-bcc4-8e57a8478a98;57753128355
ebd57f64-5c08-4515-a5d5-be57dba3979a;23559;81e8b4dc-3094-46f5-9ba5-056eccbf1b3c;50604112979
0c8c6321-1d56-4ee0-a673-fb84704a2dab;29962;d12f4393-fbd8-4af8-ab2a-17a52892e8b5;49759298258
14edfc76-5ddc-4601-b341-5397bccf3edd;82431;f988e5c4-da59-4d02-836a-1970a478f1bc;94928788958
7a7cae92-730b-46da-baea-dd4e7913a013;41270;646e4b44-29fc-4ff1-b042-e96a5c5321d6;84313962889
ed9b14d5-20aa-4afa-86b3-15c271169395;33340;01c9bc2d-72f7-4db8-96a7-36934145a5c2;31266325755
c958485e-7f7a-471d-91de-b861b0803a2f;98775;581c1dd3-7cef-47ad-8e56-fce5bd3f39c5;12015884200
13d8c1c9-14cb-4f85-a125-b2245547237a;71674;2f38682c-1083-47ce-a990-0e62d6a9526b;78756896019
4748052c-f27e-4948-8601-590ea1deb8fd;48415;68368dcb-1f15-4e8d-9e12-cc7553a27482;41577851620
a0d8c8d1-1b74-4aa2-9dca-57d81b3fdf8d;77599;5938244a-f421-4334-ab9c-9356ef3e046c;43714207101
562b132a-689b-49d9-a964-8ee758eccee8;63696;5db973e2-cfad-4ce3-a416-fc7c5ad47ba1;92445898604
18c898fe-9489-4f02-9fd5-0df4a7f97f78;83130;f3f1daec-101e-4a26-a43c-d85cf26d02de;95419027394
5145b667-06ec-4d4a-ac05-83b566e8ae25;16193;a41b0ee3-a66e-433e-a1dc-604c6382525a;62572354182
cd632d36-1f57-48a2-b93f-0dc6b0c56910;88284;a2c6994b-ce91-4da8-867c-777111230458;57753128355
00e74bbc-3958-4734-bf6f-eafb306ce415;51610;f10901af-2212-4eed-a2a2-dcd34b0ed1f7;60116582586
f0ce6944-b193-43e3-be00-443916975687;15139;d33d915a-fda8-4fa5-a33c-fc37bb2304fc;53491143125
a5e61e3c-959b-4961-bbf2-dbfa2d0d3220;57405;5cc18463-2da5-4d46-89bd-0bd3470f3834;83673318613
37c43de4-9e19-4bfe-b888-1fbd80868f0f;51615;85d386c2-40e1-4f32-9701-69b0833cb244;10222970347
58ab5342-1f4b-4b6f-b5eb-b30092a78986;30841;80465393-cc1c-49a5-95c0-1202bfbcc66a;70160430699
54c3e737-5bde-45ff-bc5c-0b866a8f9b2d;68014;1c62e205-f3cf-4855-a1f5-612880509445;95419027394
d92c817c-ef68-4b17-bbbf-347c752c7827;79097;3fd84e76-3758-4f2d-aac9-787da41d7203;60116582586
ecaae0be-b571-4c96-a2c2-5d30487c111b;41010;03eaeb52-b483-4e99-8839-bf3e6b6cd0e3;82642784283
ad06c241-7456-48bc-af2e-236117f3c6d5;51283;2605c254-5395-4a24-b369-9579f724d4d5;80151438260
909cd7f9-efd1-409e-921d-f112e8eba96b;34723;a477d91a-073f-43b0-8d41-eea3cc3805c9;44386382743
c9d14e1c-9fb8-4fbb-bd98-8bc44ce3e014;90689;03cb04e3-1453-4f89-8705-b57e419a0d30;19172529935
788dedf0-2cbc-4d15-825d-5806cc140235;55506;96b5032a-7acc-48f7-a319-0a39749ce31a;11867041897
18f5a3cd-3471-459b-83d6-12b2238d0364;96160;d0631c76-e21f-4eba-9f6e-3d8858ff5a90;57753128355
4250a3c4-6af8-4e4b-98df-b0ea6ce7206a;31751;ec03ea42-b4ec-4582-9b10-4b691835d27b;80971085039
ba92efab-29ec-40a2-868b-ad92f21b54b6;75735;cfb6f1a6-7227-4117-a7db-e6fd9a1383f5;35863638196
aab43edd-e161-4946-bf6e-d0060b8e5f8d;48211;83395fd1-99e4-4177-b1f3-f78af72db30c;65573200054
aab1994b-0de7-4aa3-bb09-86348009a1c1;50197;57ec44ec-5dbf-415b-864e-2800928496ce;56868882259
4cce0ef3-7203-4245-a234-6a4ec85cb46e;45800;ef1c62a6-e71d-4bf7-affa-4d4a30c8eec9;19820649679
6c19b47a-f4a5-4bfe-952b-966a6221f696;95622;0b41b812-3368-4976-8642-e9a8ede85601;57546878564
730dca03-7330-438c-be46-3dec263e434e;18281;632595d7-7959-4662-aa79-c0962b193a84;44877859647
ec222ea2-ffef-4399-b20e-01a4d42225d0;85426;8d0eaf9e-b288-45fa-b0bd-211bd6ba657b;75230464266
245d49e2-307d-48d6-ace1-4667dc8fcafd;74335;d736d928-de87-4b22-bb62-3f6353616d4c;43751542309
7a0376fc-42b1-4e63-9595-fa9af446a20d;75158;93614307-8d23-48c7-b59d-e67be441c50c;75595484168
cc3548fa-0df1-4e61-82a3-d349907c28b5;94480;1ed12805-5c0c-4bc0-9d7c-6fea04851663;82235385754
fbf1c3a9-ab64-49c0-a548-a0636e30c58a;81611;13aaab05-f63a-43ef-892b-b7e356139c17;65628690901
01bf156c-6796-49a1-84e4-6aa90dc4969a;81844;d9c63777-0b86-4cf4-821a-202ff1156a5c;48989860934
fb9ba024-b1d0-4a8b-b8b0-5a0a4d0182e7;49379;9f97d830-07b7-404f-ab1b-07173c6e5996;22020084809
e02712b7-9749-4e3e-9637-4b73570bdf05;24813;7bc8d775-9a13-4ed9-b7bb-3c8d2f5defda;62670209395
3f797758-0ea4-4dab-a6a7-d0a6ca49776d;36779;6866c9bf-dab8-494f-9bc6-f1436a3dde01;64238429129
54d629f8-4712-4d20-9136-300b8f40254c;95595;bcc9eac5-a130-4dba-96f1-4aa1ae4c1932;51353490445
02f7334c-404a-440d-a5b2-aaa444c0cf94;39271;af0b10be-a005-4cd4-b6bf-addda99a663b;19644645493
511ea04f-e001-4ec7-afcd-6e29fd5f485e;21557;ebd11681-c086-4dfd-9c82-1009d3b89375;26052053705
e3ff164d-bc0e-4372-8144-d2a7003e0753;86487;e46a98bd-eea2-4b07-883a-e130cbf8d45b;66148815369
30375e28-bc15-4dc0-b337-c4494d4f6f40;54399;a13194aa-be08-4c06-a6e5-6809ee7b6446;71155928822
3f0674f9-2f43-482f-b45f-e771da857c29;67618;d7d99678-fc9d-4df2-8bd4-8e3f204c1240;44952723964
ed7b766b-a19e-4ef3-9a70-5b494c09fa3e;63510;9db21bba-4135-45ba-bacd-ae165d9727cb;57753128355
e6538dcb-48ab-49b4-8b63-f546462f0d4d;30913;0d0c6c74-0dae-424a-a73e-679f19b79612;13249675805
c1e9f7a9-d3c2-4a3d-8560-9f907ef1ae47;38359;ef1c62a6-e71d-4bf7-affa-4d4a30c8eec9;45457921618
a427a1c5-0fcc-4164-a96a-ff6b90feeb3f;77303;02fa6588-51b2-492c-b9a7-b468724329a6;64730666581
ee6ac216-f845-4d79-9cc5-0e07bd3ae051;66382;12af1825-ef1d-4492-99e4-51f02a2cebb4;75230464266
b90932c1-8b49-4f7f-8bd0-b2d597a273dc;21881;fe1f09bb-da27-4b6b-909b-3dafe0506f59;13631098693
43383fd3-909f-44d5-aeee-29b56ea2039f;62922;afa51b08-3161-4d4b-b585-c326f0722caf;36898494191
f4c75ffa-26c2-412f-8a77-bae1a1f4e1f0;25380;887bcd43-acb7-4776-b843-0e553eeb6858;69702080310
7c62b1c9-4abf-439c-b3f1-10caec2f7e6e;71722;7fecda8c-70a3-4490-869d-0daf04dadd03;39897200805
60d55595-202a-481c-bab8-52c669260ab3;82770;f8a3de26-442c-4edf-8aae-6edb9fc502ea;83243524239
b539baa8-031a-465e-917e-a6e74b32066d;72983;f68c18ae-7614-4496-94a9-372ad55dc2d1;31873508916
073573be-3ce4-48ba-bc34-bf4c329c664b;87542;f5d4df80-211a-489d-a4f4-03e2be166d4b;75509009402
505f74ab-40f0-4e52-bc39-0874d96a9a9c;36657;180b16d0-2d1a-45ae-89cd-99752c9d02f7;77935813008
6c876408-a0c2-4d26-9475-71a43e9d3380;18576;a6e411e8-b396-4e61-b4d3-53b18bc2c9a1;26117339265
525ddfcf-9866-412b-81b5-90dda49e1915;16415;f4741f41-ba65-4e50-a729-fd50310b973a;65218192447
8f2a3348-77d0-4de8-af50-956b83b57d5a;92642;1f8f301d-0c26-4ad3-ba3f-5c43e62f7a3d;84309719035
736e02e5-be0e-49d2-b6db-af54f524cb6f;98205;29ec4f82-97ee-4c7b-9eb9-40152a350ac5;81746320216
2810eed5-3ca8-4a7f-92b6-4f5cb02f4f14;98001;cfed5c02-bbc8-48b5-9e6c-f9d79e40c5d5;58993800848
c625505b-de94-4840-84fc-8588b1da3994;41156;328fcfe4-98cc-4714-a6db-b605f2364609;10846226792
4faf3fa4-8fd7-4d8a-ae92-4d32a8122840;90244;bce7ab9c-6a17-4ffc-a223-2abfbcf899f5;28604355077
f939db7e-7933-4b6c-9508-4120f1632736;47180;759531ee-e48c-4c4b-8cec-65404a985847;28062662840
e1bc4db4-7b34-4e9b-9b4c-ffb7306a4fce;18132;b8eb24e2-669b-4970-a798-132ead574075;12047413472
4623effa-815e-45d3-a86c-6e9e921c711b;93909;568992f6-9320-4d6d-8247-e734d90aa7d2;50203939482
908bf9cb-5894-4c2e-b745-73de4328965c;74145;b79e8e65-039f-4649-810f-44bd97faa47d;24175156269
731ffa09-28bd-499f-a7b7-fef5ea516eaa;44619;ca79373d-731b-4c79-91e5-c6f3f788ecaf;16194771922
b0187f8a-1614-4419-b7b9-890f6676b0be;90543;fd0544e8-f901-4c0d-ae32-19f4f1f3759a;98653202869
3fe4d36d-f017-47e7-b881-0a95a05f5298;44541;ae9fd9fa-17e1-4e84-bdc6-12c8881b9db9;19060073463
c0b0d6d7-dade-4093-866e-b13caa64cbc6;52613;576b39b3-c6b0-4b86-ac0b-72ada03d9b1e;63636827571
ed82eceb-0980-430e-b48b-fb70404e2f0d;20753;b0f0e1c6-e2b1-4288-b415-5b476408f877;13273286386
010e7317-3cd6-485e-a181-f858fa349cdb;64919;96b4b4ce-c7fb-43f6-ae7d-7804f27455a7;48051912325
8d5a110c-c8cf-4a3d-9134-54ae33840e12;83774;46bc3549-b25b-44fa-928a-eb0b547824d6;24587955914
168146a4-60f2-4d51-98a5-ebea2621885c;83371;a8e583da-7a2c-4c1d-a917-8b60cd72cbed;11966421686
9ecd6c69-2262-4b49-9e06-04270c754eef;80083;eca364ba-8884-4497-b30d-edcb6ac611fd;50984158243
e97c9e86-2e39-4793-8be8-6f878c178583;96443;8b6f1a93-3a22-4652-a257-566a8eb18a54;70193879498
f3ea55da-deda-414a-a8ad-11a0d58c968b;63631;99ef1096-89af-4073-8021-447f29d75f41;64409646919
c19227ea-08dd-42ac-a001-70d27678ced5;66442;cb58ad73-6d74-4ae9-abc2-06c79a1a5183;77297532133
f58e1872-e112-449c-b574-ba25af1f96b7;52848;7b8d860b-73aa-46b2-be6e-6ec0744e97b8;88203680620
745a66a0-0eda-4e5a-96cf-19aa31ccd3e3;93702;94007420-8d30-438c-b6d1-f49b2bd6c11d;94988241192
59cd8bd6-5328-47e3-8164-21272f77dcee;37190;8f105165-12c4-4cf0-bafc-365b1f1dc499;99241855764
4f362732-4173-402f-900e-5670dbb8844b;98433;4f4e54a1-f788-4fe7-a8f3-393408c6405b;44415338445
ff394261-e8aa-485b-ad46-1d53f106437d;17756;bf6d3bcf-a3b1-436f-a989-6fe53d8d7ac2;77177376914
3bd331cb-bd46-42a9-b692-9241b5ca1cd9;18923;03a61f8c-a8df-40ee-b9eb-41c9c3a2cd8f;16796469337
91efac79-00e0-4e1d-9818-40037c82f5fa;78241;5d1c8306-b05d-4fd8-8a1d-23af9f440a7f;14704463518
678d2456-62f3-42b5-a6ed-aa3a9df6b973;25857;91f8e15e-4540-4228-8fc0-ff0c7f333f7c;28439759399
68e1c8f6-62e4-4697-a5e8-f1d499cbac81;27666;8a0835a7-6d60-4195-a62f-6cc10732065d;81750062751
08ef07e5-adb3-4fbb-9e03-123046fa37ba;74420;834205e8-8eca-4317-864a-deaa673ab63a;21841596484
e9e90f2a-c13c-4e6f-b2bd-3eb6fd8bea6a;23235;609e5cdd-b364-4660-8f04-b40c8664b118;59691886275
f8ba3719-48d0-4467-906b-3c26bb18e29d;47137;025b107e-babd-4d5f-a415-c698d6d19fe4;52162966739
c193cfae-08ed-443b-b484-3853cf7cee73;22404;e13f279d-e7fc-426b-ab51-fbe1bb1fc3a3;15388153987
e88cdb97-b18b-46aa-a38b-9c50f61fe637;44262;f7b0da97-dad4-4321-9fc3-9849bc3bf0b9;51500756292
bd4576a6-a5cb-4b8a-94c2-832c5be9a610;26658;89372aa8-d4c4-4c49-bfd8-4b0a2a4673b7;73160723276
a13a66dc-71c9-4e47-948e-f1708a977a5d;61808;1fa683a9-e0ab-46e4-9f70-3a513c803799;31981569180
7f89015a-2bf6-40bf-8dc6-4ced7006e4cf;57024;ea01533e-1039-4d46-b4fb-d21c2b861148;45497856768
1450bd7b-5cb3-4fb7-b006-7aba5f5d3571;51427;43e33fb9-4eaf-4ff9-a4c2-ff19903b89ae;60696994030
66689a81-921b-4421-b569-17033ddde5ed;16714;7e3ff5a9-2474-4f9d-818e-1b981f5c739f;99684896216
afc2fa5a-afb0-44b3-b7c2-d0a7e55b91ef;45005;6cf4ce6b-61d8-481f-842c-0d207e37b802;28062662840
afc140fe-a6e0-4132-93c9-30fe229d693f;26469;328fcfe4-98cc-4714-a6db-b605f2364609;95316315826
f307bbd1-2e93-4437-bc5c-3cdea9310f72;69675;ef1c62a6-e71d-4bf7-affa-4d4a30c8eec9;92662286838
20e24fbc-20c4-40e6-aae3-d116bb85c0ed;72061;09eb26db-e3cc-439e-9048-f719e24fca30;77824752942
31ba3c6c-e95f-441a-93f6-d4551d538967;36195;805d6b57-37ee-4766-9720-81b5d8991827;70114425836
cf67c646-43bc-40a4-898a-2e815c8d093f;96680;bd694d9a-cfd6-43e3-9bf7-2c2bf38b3b89;10280078867
e1286c7f-17d9-4a0b-a916-32dfab297f00;70552;8ecde18a-527e-4dfe-a1f3-7648a6d82cc3;82235385754
1fd708b7-8c5d-4318-82fd-0f7d69a499b5;79804;3d29592c-5334-4dd5-8245-c2fb8c8feb01;35205049004
134c6400-67d6-4e00-bc6f-def369615a7d;25530;10790126-e4d7-49db-a471-f95d6bbdd943;25252483862
1875ff6f-fd53-41d7-8316-6c59385cd41f;17662;5cc18463-2da5-4d46-89bd-0bd3470f3834;14246256746
ea75f51f-bbd2-4e95-b2b4-71990be3f706;84634;22294681-bdb6-49bc-adbe-e04f20023006;19721117611
8c4492ac-64e5-47ac-8f58-69317f752d99;23846;c6b8ef33-2148-4c08-8d67-bb5cfad77a8d;42321432446
597a1575-fe72-4665-9245-2180922f9169;24415;2c9b23de-d00d-4994-9117-39fb96df035e;16957627207
40d3dbd1-8f23-4ff0-873c-5e5d33400e98;73696;759531ee-e48c-4c4b-8cec-65404a985847;60969795272
0fc9dbfc-2810-431b-b816-a63d0394e2e2;56308;2187c454-cb62-45e3-a038-076e6f353677;40612829723
a3873c35-9bd6-4be4-ab11-425fa9e6172e;41096;58ddf9e8-0728-4ed9-ad41-41e261fb56ef;70406965447
d833b79a-100a-4ef6-bd99-dec03aea21ae;21255;64ecdf35-677f-4282-bb1b-6f8dc8113873;60980759206
c866f9c3-1af5-440b-8375-e458e6bee2c2;42495;fd0544e8-f901-4c0d-ae32-19f4f1f3759a;48651778520
c5a96e5d-1615-47fb-8502-6c29b81b9396;49280;ce4564f1-787a-4cc6-aaf7-540b63425443;10429295002
bb88034b-9cea-45b2-89a4-d24f795890ed;62945;dcff6d67-3732-4cb5-b641-4a7d6fe96c69;77935813008
2bb8ac9b-5a0e-4630-9c80-01ea22c03f4c;39488;4e6a6560-ef86-4034-a49c-e2198d300c84;21792122721
ab4aec85-3e8e-4097-bc57-c2eceb8d4042;66503;1c986331-239d-49e9-8967-066cd6e9ffe2;71155928822
abd9d10b-fd7c-46b2-a4d6-484bf71a5e72;31303;4d985e4f-0a96-424d-86f8-200813b2457f;75509009402
eb934a54-2aa7-4a44-a09b-980061dcba8d;71198;d5523381-50e0-4957-b7ed-faeda465b4e5;95813212196
dcf71679-0419-4f5d-8799-9414b22082c9;84459;a2cd343a-6da8-4d16-82ef-bbb0628f2c8b;52336818856
1a05f6ea-a102-4d56-a8cc-38994e1128ae;80854;c4a52d61-fb06-4ac8-bc5c-1792a8c9ec7c;95814223187
1b5c0d38-1e9a-4e68-a5d3-5410fc8615db;98626;4871aceb-9af8-4dcd-8991-c48f88d359a9;14728216458
7167ff26-a88c-40c5-8f82-75375c9ed681;28009;b94229f3-1a50-40de-b259-d38f04ef098a;44748230299
a5ddbae9-1ff9-4093-9025-86268d86986f;29201;89397a34-68be-4e3d-b111-d8a4f41ccf87;59036537711
b2dd24b4-b5a4-45ed-a27f-ed9f7a0362fe;66507;fad9d39f-3e2d-4433-9e17-6036bad5e57c;48629251812
ecccdf6a-3653-4d77-883b-7fd2f2eeae54;98771;819d6f6d-bc7a-4855-919f-97c8f6c87734;85843364296
f3038677-6a7a-44b1-ae83-e3cc684541c2;94586;9f90696a-1483-45e9-9153-1a85c639a074;17279975423
e7e40d80-4fb2-4344-83cb-d696808564c5;26927;982232d8-bb7f-489e-add8-467135e1de2d;53491143125
a7febc90-11b0-485a-b6ab-2352a8cc69a1;93381;aceec7cc-5436-462e-88d0-011c9ca7d9f2;82602783643
ce46e6b1-696e-41a6-a534-3cd9082a6179;56596;1fe1c71a-4dcb-446c-aaf9-e917e7039896;96077113248
4bd033ee-0e7b-4322-abc7-938c47d7727f;94045;0bada554-32ef-434a-be15-4433701fa921;81574818814
64e7e425-7ae8-4069-a177-e15062a24f7c;54396;97c70f99-3df7-4491-b7c6-b464d9fe1854;27078526627
3a5c56fe-03ef-4767-be1d-5a4dae37c33d;50577;0c747eed-031c-467e-b8d7-2181ed2c58bd;57020604363
2248dd6f-dd7f-4e30-895a-d4ccfa88070f;72132;aceb6970-4be3-476c-b841-1cacf8d15af6;40576735288
4be57b27-4b35-4362-9525-cef97a07e337;15477;e2b1fc2e-d8f8-4847-b86c-bc9eec08da27;51500756292
1fbaf33e-8cf8-4961-994f-64a1a962071e;31913;714f7de0-887c-4dbf-957c-17925459ae45;92662286838
c98f284c-7864-4547-b9ec-bdd992c31742;78469;3e5b2388-441b-400f-b6ff-f3118dd6a22f;86249372615
b78e00d3-62bc-4b00-976c-a53f37ed6fca;26250;c512db4a-a279-4416-a996-1372cb28599b;77297532133
b6a6cf53-4e8b-4281-afc9-e457a2bfecac;20735;783066da-55ed-4bcd-a318-ce3c926c065a;47031403227
43bb61ae-9e2a-4da9-854f-b5fa04bfb0ec;50984;e1d5e62f-57d0-4925-9ab4-bee86dd8f641;62210494204
5a1dc155-3f91-45ac-b613-a4278b359220;19237;22294681-bdb6-49bc-adbe-e04f20023006;19502584524
498a5e9f-d84f-4b88-810f-23812ce0a85c;59725;e3b8dffd-02ac-46f5-93b7-76357745340f;98418562497
d4766347-2d60-4e4a-8117-2c8181a2060c;73383;85334d47-c13c-4fe1-8605-39f94b22bcee;93119586969
49e6b8f2-0963-449a-bb4b-e2043a93876b;53143;17f520a3-aec7-4e7e-9ab8-74513dbfb097;10829352620
8f23b138-b63a-49b5-a4e7-78870adfc69a;29982;1d77fd3f-4898-49cb-9dd2-30137d9262e3;81861945377
08e64639-ec35-43d7-a2cd-173a6beb00c4;34402;daecb083-451c-4fa3-85ed-195f144f0c57;76698045407
2c001c90-dc10-4cdd-b3f0-d8ebec9c0db3;32291;d1d256d3-0ee2-4243-8846-fc7c60598a8d;35205049004
c3aae42b-7dce-4df3-b323-a4a5dc079af7;25167;ae2167d6-5a81-4230-9d9a-4e1d01ce4c16;63821531504
5b186fdd-1d7b-4a0d-b917-9df24d93a16f;73898;32a3f468-8489-47dd-90d7-5f148d2de92e;35061330216
2fcbd823-269f-479e-91ca-d7aaa9d45dac;33702;7fa4d389-0f4e-47e8-9afa-86e1d3322487;92905896880
c4a33159-019a-40a6-b3af-cc02de72720d;49885;afc191f6-d127-491b-9a1b-aa33f5073da0;93213178754
a746b280-4767-4b84-8d97-b7877a992805;32797;32dc4611-e466-4d07-8a43-4d6e0c485b67;94257818931
871bbfd0-1c7e-48e5-8dfe-ec019b5a4036;51768;6ae7676f-599a-48a5-bb57-c5b64d1774a3;37699524706
9b42b03b-877f-47d5-92bf-8884afc94c75;60623;48bc08a5-a586-4274-9cbe-cc72f9804ab4;14151543708
2fb28d25-5d8e-4f2c-bb29-69c24bf5ed42;86220;0eba2fed-df16-4bb8-870b-14e47c6205fd;96077113248
92a1c3f3-ca3b-42f5-8681-2b1501884e0b;26323;3f918db9-4af7-495f-b48d-02ef4970edda;10357824055
6aad7c1e-4b18-4e3e-9d1d-afbc6cfbe343;72180;9db35cd3-1f38-4967-81b6-1d8dab05419b;35954059575
28b4d524-ca5d-4911-9804-6a753b6d45e7;20347;8805440d-b3ad-4caa-8655-f710c75e143a;83456169779
0f0a4b58-5fc0-48ea-b418-82a22a795a0d;57951;02fa6588-51b2-492c-b9a7-b468724329a6;92804804087
9603af75-148f-43b3-9d3d-7d786ee8c522;24810;6bae6a07-255c-4275-a1e1-071bba4e6862;29783168907
af198449-ad36-4d29-b60d-c54470502478;21251;ffc60e3c-6dfc-48e3-8c9d-d39c44cb6c38;84894169456
717008b3-2cbd-46df-8cad-c1996d8e1026;34828;ac46570e-8eec-4e65-812d-b22b805b30e2;47898026047
4ba1c4dd-7bdf-460e-b07f-ff34b715cc24;99398;10e7135a-d2b1-41ef-9eb6-77175015395c;16513252247
87185f7a-6d2e-4014-adfb-02280acfa61e;61127;5eaddcce-40c8-4079-a557-a50a569fb832;54582904598
55e8a865-5b85-4880-87e7-4f75b96c4645;96874;43241dfe-4e2a-4deb-bc63-a803d6ae46ab;96098260792
3e9d99ae-1116-4514-9019-7b2085279d66;57565;be881523-4370-41ab-9647-0831b11ec488;76103742463
a7697f3b-2b49-4a1f-87e8-c4283f837c99;21648;a38553ef-6ffa-43bd-a5c9-0177a6af78c6;54342644034
5342ae0f-18f3-41fa-97f4-1483b0b72076;89313;a2cd343a-6da8-4d16-82ef-bbb0628f2c8b;18876850228
8ae77000-89e9-4b26-a5ea-0bebf450ae72;56603;ec386366-3bfe-4c06-b246-5c236c8bd48d;41846269258
32d20ccc-d8c8-4c21-bce1-62532b18da96;79689;3adddfe2-0edf-420b-beed-fb14fd4bc3f0;34374030966
880fc967-9535-435c-939f-0bac2b11f827;84249;ad26376b-0d31-4d4d-87c6-3c6be8e875bc;95498359836
6bc67995-1b7a-4d43-9801-4de21ba77157;77726;376667a2-adb3-4f7b-999e-d446e3dcd6f8;89884877405
76bf7644-30aa-4776-922c-bba50f988d24;48180;56b5015b-eb2f-488b-a8fb-3dc25e8f4c74;65573200054
8f207c5c-4624-4926-a5f5-73ca666ddc81;61366;fe9f9791-149c-4af3-8e0f-466a61227ccc;45923746659
b9d8e1dd-844a-420e-b09a-bfb8beab5db3;80995;703c7b09-5de8-4f80-8c69-2f02516057e2;72927736370
36a30197-bda4-4bd7-b577-b49c34ef8a4c;49822;07936116-fbec-4ac2-9017-68300e851beb;20431558827
705db71c-c2a1-47d4-b95b-204b67b1b6b0;22925;09eb26db-e3cc-439e-9048-f719e24fca30;65750111980
469c4421-3f1c-4f9f-b898-e6144c17d054;25789;cc544ad3-2290-434d-b4ec-716176f55e5d;30160057881
0966e439-ef16-4b83-8eaf-910ed3b9502b;18854;a56c55bf-d834-44df-b758-2a7dd5a5d17d;95610624087
2eb450ca-dbdb-4a7e-859b-4d2b89bfcd28;67632;41be3e79-f4d4-4924-9fe6-05991669d07d;18512214175
73398995-2fc4-4646-b9fc-8bfb739392b5;51649;93d10cdf-4129-4849-8aa8-33a4a5ac6bee;89907679013
3f661659-4fab-4cf5-8c89-bd177dab8d39;18489;0bada554-32ef-434a-be15-4433701fa921;66363675184
e3c169ad-9b48-4af8-86ca-363c4a9b595c;50525;9920f2c3-e850-46f9-8787-8e36ebffcd4f;14501250125
b35e93af-a40a-4fc2-bfc6-4a301381a3fa;64436;4a35884b-444d-4a2c-8d55-f4302d465059;56493495466
f230c4d4-9d1e-464c-8de2-c5570c0a6cd6;17576;02d1607b-31e0-450b-b9f5-66ef67b41c4e;46720339638
5817b20a-c1b6-4ba1-b23e-a5750faee882;37910;c48324dd-79eb-47ab-8ba1-683efdb595f1;77532450506
d516d7dc-11de-4e5f-9124-869623ff99ea;16599;fe438369-de85-4f9d-98c2-6022a30e3755;82047099434
3c637926-abc7-440a-bf79-9c944dceb19d;73799;d6159b7c-bdf8-4556-9ebd-5794dddd2aef;81750062751
caf1f07a-490b-4781-abe0-dd94cd836892;76448;78e02a26-f20e-4528-8356-135537c51e0b;99205519711
3a151166-c21c-4064-a478-744a52adec26;22101;4e603150-bb96-409b-8981-d9da00eb7250;44748230299
b3f34251-cf80-493b-b77d-73c26800ef39;51593;909799fc-59fc-4110-9ef1-4ebc31d63195;42391903282
bf45d953-d7ad-4cc4-a4d5-6755aefb2ca3;84968;fad9d39f-3e2d-4433-9e17-6036bad5e57c;46131065069
3e516ac8-3f9d-4133-baa9-ce56d4cdb9ac;54773;2bb6e7cb-79a8-4b8c-af0c-6e7d0599850b;67332441367
e51314f5-cc11-47bb-a6d5-5093e60bdedb;98813;fd0544e8-f901-4c0d-ae32-19f4f1f3759a;88102401276
4ad753f2-0483-490b-ad9f-f8ea4a7c4739;81664;9793bd9b-8d6f-4613-94af-c95a0463bb24;76453874592
661bc492-282c-4c24-9668-2dcff5150e53;59808;c632bfbf-2baf-4967-8385-db635d444404;35205049004
b0d1233a-2c16-44d6-abcf-2bd37548e251;31961;c2932cec-59a6-4585-995f-cf61448022af;58058165778
0e4bf182-38c9-460f-ab33-d0cb066f2677;72269;d7ce74ee-e4f6-454d-a3d5-4b508d0659f3;83505029732
af672a3d-2bb5-4470-b52d-26f673328523;49549;b5432334-aa4e-47eb-a02a-184238aa6a13;33874796534
90e1afb8-dbfe-45c3-9774-790db106365d;68439;3f772553-6675-4bba-bbca-296a2f0c8f90;73694692495
579bf7d1-78cf-4c37-b9f6-044267660414;89308;3280d802-d9fd-42cc-8434-2cc614656893;21279071229
9f651c3c-b85a-472e-878d-8a4e93372d23;72494;74606458-575c-4c9f-bcc4-8e57a8478a98;77824752942
0d75104f-c165-4697-9101-a52a19ecdc3c;98102;f97ad3a9-5892-4973-9336-6c9ee1e554a7;64873944835
e906990c-380c-4d7f-9fa6-45bfed642e70;16745;db9872fb-5416-4f43-906f-206f3c84623e;82133028745
196355e7-fe15-486c-85da-bae6b9941593;35236;90f32470-a9f5-4292-80df-0b1abee64d18;44748230299
5ce562f0-67cf-4b71-8783-2138e6ce4179;99256;d3784a1a-3b83-4d10-83e1-f00b16f58382;15442892385
861f6860-f591-498f-8e19-87bafde199fc;69223;d6159b7c-bdf8-4556-9ebd-5794dddd2aef;74926110947
6f689fd3-aee2-4b79-9807-4089dc1a5ac6;16802;2f5b1f2a-a4d0-411d-847e-101fdd523fe7;42609738214
0e47d2a2-d5cc-437c-a344-c43bfccf54ec;80751;d6ffcb51-9e71-4165-a9ae-a73d1dbaa5ba;15486256076
74426e0e-8cd2-4af6-824d-452b81678472;22665;46bc3549-b25b-44fa-928a-eb0b547824d6;50203939482
52cfdd5e-1f52-4093-9607-f1db19e69343;65707;4390e67e-10dc-444f-a107-3517e8de771d;88802514898
626b2460-c248-4bd3-87f4-79f5eece0e24;99387;2aa562c7-e7b1-403a-ba6c-a376373d0a4a;31128926644
f6bec4d4-fad9-4b72-ba07-dcdbdd3cd40b;85511;6f13deb9-1709-413d-8363-20a025dd9e63;26178994520
09783b13-b8b1-4eb1-87e6-4fa2026f2491;57832;9831a712-4c59-4900-ab9b-22f001dfc615;95814223187
36f14d0d-5255-4abc-b593-5d19a3a8de4c;36295;948ceeb1-10bd-4808-a7a6-e7a95f77aed5;14141007936
2a9a0009-6b06-45bc-a57b-81f21b2b6aec;81107;ea6460c3-9b1d-4d02-a324-a8d1d85001ec;88102401276
10c068b6-14a3-4145-8096-c42561e170fe;20309;72a76534-3893-42e1-8ca8-50e18118ef4c;92418079639
38329fce-3dbb-4ecc-87d9-a239b798e893;43816;ee0af9a8-2e79-472e-9e67-c21d2c37e30c;59265122553
b8437c73-7f00-4ddf-8183-1652793d1ab6;31996;d284d579-abc3-447e-b2a6-01f94167a9bb;15388153987
4625c7f2-93e1-4130-92ef-e987b809aea7;31696;c632bfbf-2baf-4967-8385-db635d444404;70406965447
0a3a8388-06c1-48a2-bcf3-9cf24e94857f;36530;d6ffcb51-9e71-4165-a9ae-a73d1dbaa5ba;77934660010
8cf32394-5252-4404-9825-a8ef26339530;91660;68368dcb-1f15-4e8d-9e12-cc7553a27482;73156921182
08dc7421-4fff-4bf5-9bcf-bad39074e421;15743;60cc339f-528e-497e-a929-ef26f17895c7;77297532133
2f575d81-026d-49c7-ab38-fd58b9814f68;52350;1c986331-239d-49e9-8967-066cd6e9ffe2;77599512752
ce2fe446-4653-404e-a74a-f7235f4df904;33010;edf0f049-7563-45e5-90bf-aa36016f466a;66280919548
afbee606-b9fd-406c-bf4a-e5fb621eee0a;92238;b99bb674-182e-44aa-8eb8-c75fe6722493;56705977584
bc83bd60-5924-4ed5-b774-b249d303411a;23044;e144b264-9991-4d9c-a8d4-5c656c72d6dd;29636643930
5f6c6f55-f756-4633-98dd-f3d089086e61;58659;d120af9d-9784-40e9-9a51-c8e1df8342f2;67752779540
6eddb2ff-6759-4e96-8e48-58eed264e261;95257;9bd2a0c0-10d7-402d-adac-eb020e5566c9;48051912325
822c192c-3c9a-47a8-bdb9-af7c8b48234b;79908;ae712834-e5cd-4767-8492-0654a4939db3;62722026742
6cf77041-9f47-44d5-bec4-39603a5e5c6c;33136;531330a4-7b86-493a-b9ed-6199982b0406;21279071229
7d51cfd2-9477-45b8-baff-3c67edf4200a;88956;16890d52-90f7-446b-8023-884e75aa24ee;61532810859
77ce6c2e-9b6f-4965-959b-abb449766169;85993;b11883fa-6133-4f49-90e2-cef06f90849d;59506107920
f8407a18-8d00-4d59-91e0-81bb133d45d7;84801;66e506be-3b60-40ac-a59a-cf373cef5476;14728216458
a4641dce-0871-4008-9f3f-b30a90f06c78;73130;24a3d9d3-a3f1-4671-bb56-86b624f1388a;77535759694
b034649d-7810-4fdb-9773-196387fb4beb;28168;65975c1e-aaa0-45f9-98e0-90ee4c039218;59394299135
3c01040d-45cc-484a-8595-5ddc1c6fbd9e;40127;2bdc151a-92e8-4c00-a472-e570121779fa;50641575386
852cf2f5-ae98-49eb-ac46-11134fa17d97;50025;92bb8789-d0e4-4015-a9f7-e115317d8e7a;18023834055
d38b319f-e573-445d-b64f-49978e1352ba;80704;3943461f-8836-4ba5-8af4-71600b0a10fe;38972504942
90a25a8b-92bf-4321-801c-bc20442b624d;68318;be4142e7-094d-43b9-b914-182fea3ead89;62918683729
8b698a45-5867-4186-9e2b-efdd27e6d4a6;43327;e1702de9-d88b-468d-96ad-f284c95b7211;81861945377
04d340d9-5eb2-489b-9d02-d1e0cec8e60c;28902;91a7e3ae-a8fd-4b9d-b505-0ca65c84fec6;56743074088
621ddb7f-2078-47f0-9fb5-3678bdebc685;44775;1a10dad2-03b3-4416-aa2e-9a4d4f6307ac;31627876672
63e46888-8e9c-4865-bbda-9337cd9610a4;70454;a65f9f62-6b30-48e6-825a-09d326a8714f;38276793067
d602efaa-7a68-47c1-9a3e-9e3d247fe46c;69149;396c11c1-d35e-4404-835a-154eaddee456;87664317057
b8013678-eb25-409c-9344-b476946ee1e7;40559;1ed12805-5c0c-4bc0-9d7c-6fea04851663;77297532133
26e56cfc-9ec8-496a-9f6d-fa44a523ff5b;72852;a65f7cb4-832b-4e45-bd3f-da2f91804cac;98134525675
95336fb6-a288-45c6-b769-435b7241c12d;58553;89cbda5b-7c22-4509-ab27-d94da705ea2d;43714207101
f21208c8-94b7-40f3-86a4-2d27cd06e2a6;23181;2cddc8de-c438-4ff3-99e3-8fe9477995eb;38073713134
1f3ce412-5a9d-4345-b9bd-e57f8256eff4;59404;bab6e184-0a24-48e8-b297-f3da32075f87;52469113943
f257b12f-635b-402a-83cd-95dfd4e0103b;16598;2bdc151a-92e8-4c00-a472-e570121779fa;44877859647
b2e01e2b-6cfe-4a2d-a91c-0003690617ee;89978;d308a575-905d-4974-9cae-ce2e51ae6124;72944326823
48953239-59a0-4f7b-8f91-ec471a12789e;15960;fd7ef5f8-a59c-412c-9872-9a3fe8d771bc;72875269448
7c011ba3-2af6-423b-b206-351263569518;20265;b94229f3-1a50-40de-b259-d38f04ef098a;89523504648
92f283c3-ee9b-4b74-a4e4-48af301e971e;79375;031b74af-44c8-4ffe-9b84-e7920623ac55;78952473742
26d84ced-3f72-46b9-bc16-5ab7e45672fc;92754;11ca41a6-5655-4137-a42d-24e99c6e98e5;74926110947
a5053ba0-7118-4d80-88cf-2ca33cc48819;44146;4ed8a136-7609-48df-b98e-193b88641140;44353780978
a367c090-8995-4241-8d34-fbf7528b0e50;95987;c49dd886-7f5e-45a4-83aa-368d15d55c82;45174863859
ef5568c0-2c44-47d5-a42d-71f49a1e8f02;64447;f95d405c-18cf-4cb6-9fa9-9b8a96d9aa2a;26178994520
b0785433-6f30-493e-ad9c-f65a79be0ff1;50690;5c0fe414-d884-4620-bc64-9542418b2aaa;22723392845
8fa09f61-c342-43a4-8567-ada415824478;70423;7e5ade36-2212-4161-8a66-002f7e19aac8;90694989592
30e22999-e28c-4914-a15c-e7ced4001843;24766;3adddfe2-0edf-420b-beed-fb14fd4bc3f0;77519088489
f9b1efd0-4e55-468b-91b2-ace43f5c1bbc;51964;3c837aee-0219-46e5-acdb-07c2d5d6aa4a;98037072561
e6259024-1b7a-466c-a206-c4d67c277dfd;20636;65cb87ac-ac6f-4d2e-9c72-3ba1579f7264;23483536826
1ef3e9e9-3092-449f-9d42-60c417ff103e;81058;8805440d-b3ad-4caa-8655-f710c75e143a;11867041897
9fd43dfc-09d0-4ec0-b98b-51224c7642a2;88330;53ae961e-6ed3-4c56-8631-78dd1f76ae59;25977550656
7d1cd8f7-82a3-4995-8b10-84872b243ab5;29023;ec8bfacc-13e3-4a11-82f2-81170b621346;22286399374
623239ed-b69c-4448-80c8-5f0f321db4c7;45039;9ceb164f-ec47-421b-8181-be38b7837c21;83837716652
faaf6727-4309-481c-9a77-8107e5c85731;57234;1030e5e1-6769-445e-8f50-ee323ba936a4;57753128355
fc8d50b4-e12d-436b-b5be-1414a4049daf;72892;4a983129-4c1d-4539-90f5-d6182f051ba0;82905903300
15f59525-9209-4612-b17c-2d8634450ad9;85910;a3793d34-56b0-409a-aedb-bffa877e4a55;52797414478
5a481aed-1b87-4d63-b486-af91943cb3de;41610;d9065963-b843-46f8-87e8-391882539360;30922078177
4a56f380-77da-41b2-ac71-0bb2e8c63021;18771;cec274f4-9d4c-4973-88f9-14df28d19c8c;71865444434
c52299c0-3133-4074-853e-5094eab75edb;97395;5f34824b-bc79-462a-93f5-561257ec9a14;17885365554
61177bdc-f9c8-4ea1-be61-270cb77d7783;33745;df9e5476-a2c3-4950-96bd-8a6ba9b1a2c8;62424366696
8ddca38e-1926-40c1-af42-8222408c5521;83063;6b9fd066-5443-4e51-98ff-a11eaf05f8d5;30760098320
a529966d-65d0-4ab3-bd95-9da64cf9dfd7;33983;72bf6173-9d3b-4535-a672-c533b1da6dfd;58346587675
9722656e-2eff-468e-a947-4e242581451c;82484;6b9fd066-5443-4e51-98ff-a11eaf05f8d5;34563841097
03cb0980-90ad-48fc-9647-79f29f19878b;20896;eec00627-669c-4384-84ea-215f4ad941d9;27855652487
6cc80ccc-fc6f-4542-b51a-cfbac53b88f0;96347;214cf628-1978-4d6c-a14a-21e9df46133a;82299263882
166c6eb2-5ef4-4061-8c84-3f3fc9208a17;64611;2745964a-1b05-4e61-a38a-096d22136f54;15041400970
6a421534-7c6d-4eba-bd1d-c3652bf017e3;74909;314cc8ad-85f3-450c-a4fd-ac567c08b31b;44748230299
66ff225e-f36f-44e0-aa84-cf2cc82fc05d;99884;531330a4-7b86-493a-b9ed-6199982b0406;17503144119
ac0a2268-996d-4267-93f2-517d46b7a942;24190;f10901af-2212-4eed-a2a2-dcd34b0ed1f7;90464676637
9e2a6942-7262-4761-8c76-8629ff3e7954;19743;76b87bf7-0572-4865-94d0-3cd6f7a95b60;91151817406
d04be4ce-12d9-4a27-b269-6b641778d421;19694;3f772553-6675-4bba-bbca-296a2f0c8f90;36382807480
9d3dfe17-a21f-4064-aa0a-4752e97acefb;49292;df9e5476-a2c3-4950-96bd-8a6ba9b1a2c8;17503144119
f661feb7-f73b-4d3c-bb65-6e74934b5a8c;94945;b39e5d91-96cd-4bbc-b6d8-97500c1be925;70358342396
b48edec8-55e2-44c3-b915-f82edd0612b5;17235;2ee47820-2e3c-48bf-97f5-3504880595b6;75798875394
00f1d27f-6568-4a70-b09c-83a7e8faf321;23151;c2e5c7c8-bac0-42be-abb3-847592738c47;44877859647
71821307-104a-443c-88e3-fd3651741046;44509;782f8c4a-c5e3-4351-8586-aa3d0367412c;62403020211
e866b575-93aa-4b1c-a8cd-3d81aa741ba1;85645;04db2603-e6ae-4239-b81d-33b47a4a1b6e;11896265063
cc9d14fa-d320-488f-b56d-94ab24dd24d9;34800;5e52b82f-f061-486f-99cb-4736a16d3283;20500247729
33897515-73d7-4829-96eb-1c94a1323587;55837;3d29592c-5334-4dd5-8245-c2fb8c8feb01;34848762378
398cf77c-602c-4301-8782-beb56cb197bc;42391;d9065963-b843-46f8-87e8-391882539360;54475715306
51b0a61d-c2ce-4d6e-b384-bc312eff70e6;34165;10776c43-0da0-4b65-9b8b-4a677e7baab4;21937062265
79281eee-6c77-4f9e-b7e2-2a1b9a48d3ed;47580;9766e0e6-6db8-4ec4-b922-e522d0963637;14905098530
0890dda8-9f8c-410b-83be-8d7d71c3d80f;82519;1a4c0661-7116-4ae3-8a68-b3e4dc01fa64;42410148386
e6f6902c-98ab-4d23-84f1-cd4be73a400c;19841;5446c399-176c-406e-88ff-c3940309b9b0;92021030000
cc58db81-cb2c-44b6-b229-388547400ee7;75030;fe5bebc2-919a-4a63-b38a-f75851480e67;71618746236
854d4cbf-c07e-405f-a2c2-40e6b5444dcf;50403;abaee78d-6983-4deb-83ae-94d007cff540;84625322998
078a2e1d-297e-473c-8534-20fb8c725c2a;57462;201b2b4a-25cc-4721-84bf-14e28a87a01a;79898408606
3bf77395-e4aa-4bd3-8b94-94552cd1cc58;32535;4231c798-b2e0-4c90-9f5b-0bdc933c4a29;78344844352
25eff84a-cfa0-4c8d-afbf-9477a2472078;38664;e6fa2339-1296-4704-820e-06b37e93384a;22209369739
d7475ed3-42f1-420b-b16c-6e1f182fdc91;85653;dcff6d67-3732-4cb5-b641-4a7d6fe96c69;92322119412
e14c44f3-25fc-45d2-8866-ec9b17c50c93;46268;ec03ea42-b4ec-4582-9b10-4b691835d27b;93038542671
f3cc8a61-0b66-4835-a247-585a28f20918;89568;e13f279d-e7fc-426b-ab51-fbe1bb1fc3a3;33491922661
f0033adf-63dd-49ec-bfd0-1a2faa418804;50364;c5d32af2-79f9-4524-9f8b-aad554c34f12;22424435979
0d105a14-0c1d-4e56-a598-be40041c117c;39791;4043e679-78f8-40a3-83e7-fc86aa6e8c92;37095480504
b9f311ae-726b-4a7a-a458-5ec98b3433bb;71280;89cbda5b-7c22-4509-ab27-d94da705ea2d;27158780700
e8d0be59-b258-4b11-8fc2-ee917282deb7;18699;383e3386-beb1-40ec-85b1-e63d04b9f971;87188480506
281355da-5659-40cd-a4d5-f8530c143fc0;53755;d7ab6b2e-d9ca-41b3-8059-343e93f5a5c3;94075761233
026d6f2d-9cb3-4c6d-84e8-722393496c94;91070;b94229f3-1a50-40de-b259-d38f04ef098a;55369613203
2b5469e7-0675-4cb8-8cfa-b3f26a4dea70;89653;f0f4ec79-650a-4a82-a722-fba642520706;70908910633
45f326fc-a404-4185-8a03-39a9c823dc60;68186;593f5fed-434c-4133-8236-2eae049fc972;25026941309
959d31cf-8744-4fb7-8920-ac8d9cf4d719;91194;c3778db8-1970-48b3-ace2-868167091f6a;67672047514
4dde268d-e328-43a9-ac12-abc4a856ffc2;68199;76b87bf7-0572-4865-94d0-3cd6f7a95b60;17501766917
2c9a8ed5-00e6-4a4e-a92a-ebc6b6e289d5;61883;d5523381-50e0-4957-b7ed-faeda465b4e5;54094691510
8c2d393f-7988-48d0-96ed-f430798b48ae;51792;f4741f41-ba65-4e50-a729-fd50310b973a;20967616304
edc6680a-7612-4e66-872d-acba14806483;80794;e13f279d-e7fc-426b-ab51-fbe1bb1fc3a3;70160430699
dc9fd531-4c31-44a7-b2a2-8b6a4ec1ace8;72580;00f9feaa-fcfb-4383-b93f-3eeedacff05c;76358813775
daac77a1-bf1a-4f9e-a712-98de188262ee;29517;d284d579-abc3-447e-b2a6-01f94167a9bb;17566105202
7ca19db9-68cf-4643-adca-53a928335b25;47749;4f4e54a1-f788-4fe7-a8f3-393408c6405b;29815980829
4ecb6e88-d472-4a03-bc13-8c5a663027b9;91038;84aa9091-a894-467e-9159-80a128423c5f;53675846353
6e7809f5-cf62-42ec-8e47-2bd04e0e84ff;33610;2187c454-cb62-45e3-a038-076e6f353677;88307538575
35d4586a-04dd-41ce-88a4-3e77b2da9810;73568;83f0087a-0016-4324-8f35-9eb5e397df57;27134613086
e9ec3ea5-76ae-4bc7-921c-2da65fabd9f4;74976;63ede25b-e029-4d6e-a81b-7537df68d5e8;54475715306
88a2c318-7918-43e5-bb3b-acd03816eaad;51398;0f64d450-6b96-474e-a180-cc6edac630e5;35954059575
05137810-ba7a-4a9d-95c2-5b15206c69f5;66769;96fcf856-bd23-4b3d-abad-0f133fff95e2;46720339638
50f9384d-a8e9-41e5-a524-8dd34afc8a8a;15123;3750a31f-836c-45b8-bec5-c3e70a411358;20431558827
16f7e19a-6994-4df8-b40c-70fc32319c51;22377;fe3aa588-f88c-4131-85a4-46d9f486f596;25977550656
2be4181c-7e91-47e2-85d0-6b31425894a2;62401;8ec5a867-eed0-49d4-aee4-eb684d942324;72875269448
6bc996ba-301f-4cf2-9b73-a6ea91efea8e;23089;905ba2f5-783a-4552-89ae-c4da69dbc5fb;76969918379
8a6ccdc5-9991-4749-a842-c5fbea380d9d;50845;75244fd7-58ef-462c-a083-e23573d2c53d;60392292113
2d252d67-6eb6-4572-9c95-abb75791a983;86305;3f078ca3-74bd-4283-90b2-e5ba2e35360f;27134613086
37444707-28d2-4735-8f45-940b0209cb87;21332;b1b9d026-ae29-4739-af43-075c4dd21352;94905109130
c396a01a-c0b7-4cf7-89c2-db32a4f5f003;98762;f2a66190-28c8-4d65-b8c2-3ccd449549a8;13716566914
6453dd76-91f2-46dc-93de-8964e1f7de39;73050;f2df4038-4b3b-45d3-90b6-dd6f572062c7;71065757001
ae8b4ef9-32a7-4ee3-a1a3-d75c9781a385;54973;8adbba49-9ad1-489a-a25c-e8cfe1e2155b;17885365554
e515c340-8ef6-4be0-9175-4a4f76486ff6;98980;e9f33d1c-6a39-4610-9081-1dbdff74b7c6;69217177701
8d43683f-bbbb-4ae1-8ba5-23d91aea39ec;21486;7ee1a985-44de-4e4e-9e53-90776097adcf;43363038044
