f716dddf-8720-4c53-9c5c-346254e348b5;False;31f3bd20-e5b8-4ca6-934a-ab48a2a54cb5;39267964803
a030705c-d7be-4e3f-a45c-fea7b7d04fa8;True;1e6d922f-31ca-4f91-bf21-c472a5ab8476;77374909606
6a98c1da-5cfc-4dc7-9df0-ebf42c40a3b2;True;ad39f917-8ce3-4808-b90e-eeea0d0c6c36;18235699952
43812991-df83-4fb7-af13-d6765e64c6b2;True;270105b4-03a6-4fa3-9536-6861c053e06a;55163834104
06469442-20c7-4c1d-965b-c77a4ae7c96a;True;94608a22-551e-4500-b07c-36e297f9f6c0;87217871068
b3195ee2-4d17-4e65-9bfe-2514a3b0e205;False;cef78e6a-8934-475c-8696-dc43a972c6ef;61849052997
d0e9741d-39a5-4993-bee3-fa8b37834bd4;False;b4491d6e-20be-4540-bd58-61690b9c46f6;53718332602
d365afe3-81a4-4ae4-8daf-4da4c39d86fc;False;b4a9d8bf-5c90-46b6-af50-b42e11dc80cd;14749580866
73e9ef39-5bf9-4149-a242-7eaea51177e3;True;e0e93813-add9-40a0-859b-6ffe8c906936;45497856768
6aa663f9-f7b1-409a-90e9-2447be8ae289;True;14654828-50c7-44d3-b5c4-729ea39bf749;44386382743
1212c409-d2db-4905-9c9a-2992e47b1d60;False;f1958b87-bcf6-4598-977a-3ae947f8f6e8;21841596484
cf00f5e9-2c92-4f3e-ab2b-86eb34f9c924;False;fd661b00-de9b-48ec-9cc1-651e65aaa872;49674735346
c4f3c5d7-4347-4d5d-ae3e-6a054af386ba;True;1f99620a-8beb-41c9-8d5e-f89580f2e593;38073713134
1bbc198d-7ae8-43bf-9b19-c1a4b41ca4b5;True;c2e54e69-559f-41c6-b434-b9a060fa56d1;50669103314
111bd83a-2fdf-4de3-8ac3-7dae05060e8c;False;2c6f03c9-db49-4270-9074-47201d77496c;80776021346
c9b0c28d-e1f6-49dc-a745-4b848d949553;False;c0356faf-7027-41e4-adb8-80941ab6acba;58687052220
0179da53-4e5e-41e2-9167-754a120239f3;True;e156a69e-02bb-4d14-9495-415f8a0d9c38;39784219503
c5acd7ed-4285-495b-8f43-47760abcf30e;False;8f41c4b7-ab78-45ca-b747-e0715ebdf218;44386382743
876da95e-5da9-40fc-af6b-3ec15a696f16;False;b8628c2d-e1fb-48ee-82de-ec4ed5db4b1d;74926110947
ec106a76-ef25-4516-b04b-6774756e1491;True;8662f9b4-76fb-4d32-a1dc-efeed978b3c3;67752779540
b63c8f20-c524-4ba3-8075-57f3f22340e0;False;c4e674d3-8e55-4e9b-92f1-258152fc5c99;62886068692
fb9fa1ea-56c5-410e-9f30-a654b33ab5ac;False;7eb0382f-2a9f-4032-9c3c-058ceed457aa;69832511776
511e6a25-90d5-41a0-a8c8-eca51eefcb1a;False;2a193679-42c3-43d7-a393-796088138e9a;32971850227
42d100ca-3075-4267-98e2-b693c36b6868;False;7d286fa9-0375-4def-9d73-b39bb4e49da2;70452122342
d2210598-6c67-4a45-a168-5fe6deaa5a8d;False;aae0b6d7-c951-4712-bce7-79af6ce3eae4;91132521457
6dbffa58-2d7e-4f9c-ad66-84c3786401e7;False;5b45732c-3e42-493d-9ef7-a7d594f6f784;91644658169
7c737fe8-17a0-47ef-8b70-0011ab8e55b2;True;684fdf4e-11a8-4a53-8e18-906b0baa944c;88203680620
5ad53e47-642a-486b-a1ae-df4d062c6521;True;43612579-976f-41b6-a056-7be2897ac598;13769351114
c36969d8-bea5-4701-ad12-0a49995c6f2e;True;e39c5c22-20a7-430b-b5ae-16871f827715;14217276839
53989230-cc3b-46d7-a179-1d0fe89e4057;True;253fcce6-3380-4d9c-8d4d-0e5306173473;81895394368
312ec9e5-3e60-4c90-b598-34e06ddc8bb0;False;57b42334-2144-47f4-9bc8-3b79129f9437;70114425836
105e2722-5e39-43e2-b171-54e2a5253045;True;b002d46d-d65b-42ca-955d-748b376217b5;88748143009
a826e358-3f1b-46f8-ad74-53c4bf75de3c;False;493cdae8-0c6b-4f20-8093-70c0cd757b93;46654806935
af3ad6f5-9217-4e22-a23c-cc669c1d7685;True;78a1aaf0-2c5c-466a-9133-cd1310c8054e;12732215536
943177d6-3141-4bf7-b015-b79fec81a9d9;False;14c3e779-dcb3-4668-b8aa-9a7d6e4f4e8b;77535759694
d3e8af51-c3a9-4b88-876f-dcdb7d755ffe;False;8fef1f61-669e-4cf7-b0fe-30901b3b8636;18540421975
43b7f5c0-5932-461b-a397-c1a9b221803a;False;300dd2dc-a79e-4514-b3e0-5a352257362d;46720339638
775e14f7-fba1-4b0f-b482-9402d2cecff4;False;e6605cb4-7f62-4629-9b85-eab9ead16159;63313390729
be755141-005a-4fb9-b06f-26a0de17a2f1;True;bcabfa8e-200b-4eb5-8449-dc47c663398d;86249372615
2abeeab4-91f7-40e8-894d-e9d4a7d81495;False;585e0652-f7b8-4433-ba73-0e59589994ba;76375898659
69fc602b-e199-48e1-a200-f8d03ce99687;True;0123944b-f739-410c-b874-852b890cc07e;26077199126
c2e8fe80-f940-471c-b37a-e552ae75ca80;False;dbc6e5bd-0c46-4b19-9725-86221c1b36f0;83984091692
5c7a9680-b22a-4d91-aa38-29547b262c25;True;4bcfc14c-3b25-44e8-b720-3230dc1e06c8;23782518358
6098daab-f00c-4e40-ae1e-d3fdd8df2453;True;0872d2cf-0284-4f8c-b7f3-f36ab076db5c;63608508207
d6aad696-da4a-4d6a-b89c-27e39e3649ec;False;a5a174a5-b0cd-4651-88ea-3c6ae5c7d80e;47008363496
27f34831-2a45-4f1d-8ad6-bda3d3432eed;True;d29d41df-f52e-4a79-a967-35e394117869;54582904598
e0521538-21c5-4e2f-8810-de00536cf34d;True;aa4ec882-d7a9-4789-81d9-5beb58b8dc35;71589722038
49050565-3769-4afb-a441-6cd263435ea8;True;143c4e96-edfe-4b57-aa16-7477f8b8bfe4;66758658742
c2cc1b87-43dd-49b7-8481-02a6f9568064;True;4635e14f-eefd-4115-b99e-e100a8215c0e;88802514898
096deb57-9e13-4908-ba54-afd2b3e97824;False;068bcc50-860c-42da-889d-c8c89b51b258;19291037445
d97ab2ad-f28a-455b-9b75-154a7b7d0a2f;True;309b69f6-9fe1-41d1-88d9-36717d3d895d;22723392845
f9d380ec-aef8-4525-822c-5d6236663c7e;True;1bf8ae0e-34f8-4101-83c4-8205691c541f;58692920765
6a7bf4e5-9987-435f-a24f-56a08a1bbfb5;True;6be1a777-8022-44bb-95c4-0f82066c0761;31627876672
da84c97b-01a0-490a-843a-48eac2b639d1;False;7c16b374-af68-4342-aa90-46face9e2141;96774831585
6d7e7fa1-b9cc-4e9f-aaa4-295a89120070;False;44683214-2e9a-4881-9cd7-7312705db333;17503144119
4c243762-93aa-4dcf-b751-4d2ab8953fff;True;c0fb8fc9-f532-48a7-8b5e-7c32b8ccb919;96098260792
9358ecf7-a14b-46ff-b04a-d6405a8d49e0;True;41c15df7-f808-4132-b15c-3badd38401c9;95316315826
183dabd7-a6d6-42bd-b6d6-703584d6f662;True;44350e73-fd5b-45b4-bba0-2634ecd7eee4;43363038044
ec1c6df7-0745-4065-8d25-975d6683b7de;True;e9a37155-e4c1-4d1a-ad20-00c51487a6f7;21792122721
58559d49-7a00-45f2-a68a-8f39844aea9c;True;2b144327-9ae7-4e32-a6ca-b1bea40d7e69;17675773333
f2680c8e-b373-4597-b2ee-7fd4610972b1;True;df775c19-753a-4475-87cf-bf20ee1c542b;25783030627
95a398f8-ea78-4751-b1d5-b8c3e9000fcd;True;82d14aac-b993-4891-a96b-7c477b27adf9;86033621233
eafcb65f-a765-43f0-9184-fec9c6422240;False;b17a2fee-a071-4a5f-b019-d33d3e20ea63;81927029445
7497274c-ba38-4c0a-ac73-df567473718a;False;4ffeddf1-6113-4520-9f9c-af6d86b4c145;53491143125
a6576300-947f-4d16-8532-ad4796f4dcc8;True;e1610438-6917-4179-a9de-b758e802d3a0;98418562497
4b9e5247-4ba4-446b-aead-0da850f7c23e;True;f181f862-c813-4708-89af-0f2052c6d23f;14704463518
47c3a05b-cb77-4162-af6c-6553b9f2f744;False;7ec8461a-d9e3-47ea-9680-757eeb3c554c;32849366744
84201e45-78b0-482c-bfff-52cb16ffe81a;False;add1d84f-3d84-4412-9c2e-0ee4e58fb6b8;19172529935
127da7fc-be40-4f6b-ad21-9c92959a73fc;False;4c7ecdd6-9397-4799-98db-1d8ba6ed400d;16194771922
93b06d0f-ed6c-4927-8453-78258a19b6c5;True;394c29cc-9c0d-4fc2-bfd3-efd712de7c1b;54342644034
281fb3a4-1e87-427d-ba09-b7a4e11b615f;True;26ed36d9-8b51-4558-9add-d0bddded2189;31757848994
d56047d8-5837-474b-bf93-295a0e267bbe;True;9836664c-5983-41cb-8c2c-4f816a42d717;24859320537
c333b80b-7841-4831-982f-08a03dacd65e;True;8e30e7a6-4b72-4ff9-8fab-50e04d3875ca;25317315040
a759d611-ae51-443e-aa3c-6f5db30574f8;False;2edb036e-732d-4e75-925b-829bdd4ee424;36239582517
4f4aed36-4099-4400-90e7-f9eafbba4cae;False;cb681de3-1725-4dc9-a909-38216063c588;90822518535
19c82d7c-91e8-40de-bd54-6e9a07d680d8;False;29c2fc1d-db06-4431-b73f-20c8334c0ff2;61530602444
04068792-54ac-4ef1-acec-72047e7093cc;True;b598192b-c8a6-4146-ae49-b350d35fdc0a;38345807260
34479062-0235-42d2-ab60-3215e90bc7c5;False;5c651041-8229-4637-bbf7-0b58fa1fb982;56705977584
5e334ca5-81b4-40c7-8bc9-0d32ada6fd25;False;7716ecda-23ab-479a-8150-90594d052751;78158528295
c931befb-9d50-49fd-8f62-d086a1af26a0;True;90e50163-1c2e-42ef-b2fc-e5ba5cd67afc;82864866651
bc4d6918-bde1-4f49-a8c4-41fc3cd67414;True;f861ecc3-0d5d-4fdb-bce1-1c8f708ed795;31627876672
f8f5d8d9-fe7d-4d60-ac02-e3bc45de5b2c;True;bc150f08-2b37-4b23-bb63-e469a0df38d1;24175156269
6fa3b476-79bd-4975-a6c6-f3dd1305daeb;False;b8b2a5c9-41e2-488c-8b64-c30e7cde4da0;12732215536
3d0df07f-3710-4112-b0ba-008cd8d5c678;False;8c060658-108d-4176-aa64-e07c15e1b7df;32971850227
49c8246a-6067-436d-87ce-3f172e4f28b8;False;acd4e23e-346c-4f50-9e62-e483a38c9097;96418614047
053e75d7-dd6d-4a09-ab48-1e61e9a5962c;True;1868f6af-0f0e-4df4-a608-9793c5ed268c;26493661849
a55b6f76-598d-45a3-a82b-4e9613dcda44;False;824cdad7-0c73-45fa-9a7d-956badcb0a05;88141475723
54d65ca8-8f83-465a-ac33-8eaccd62771c;False;cc8d7c53-2bf7-4a1e-ae4d-88e335e01d6f;82133028745
a030c20e-84e5-41f8-bc38-44dd2c250592;False;d02690dc-541a-4a81-ba10-ed424abca4aa;36424006495
42a7f347-43c1-486e-b25b-24fc125167dc;True;d114c8e0-ac0b-43b5-914d-a0ee9590870e;92322119412
ddc257b0-5f75-44a9-824b-26fe43b29b04;True;2c563216-907f-4da3-a45a-6aa3db1dba7f;39599213739
17669cc2-347f-41aa-8d4d-268f7ee877b7;True;03dc71f5-bbfe-4e1a-8370-8367da5093e3;57483316979
5cd0fa8c-5770-4a8c-9324-4a601a826035;True;57d14c4e-814e-4eeb-977c-95b7b56da18b;80151438260
d30922d9-02ad-42e6-b5c4-7494f334994d;False;a3ebb1de-d145-4922-b92e-2c8fed75e5e1;35698256241
10f1c4b3-401e-4709-8679-5d0e8c7e219b;True;12f150e5-2e99-42db-9446-06683b3c06f3;99761748151
a0ee8b2d-6e35-497a-b8cd-78120c87206d;False;e95b9374-dbc1-47b3-a136-3f299aa4489e;56038114211
31503502-4919-435f-96d3-957158ac32e2;True;08312dbc-e96b-4dce-b4e3-cdbf92259b9c;17137280212
896321f1-26e9-4bec-8e7f-9b0908658692;True;f987ab2e-6f82-4a1c-ad71-8cac51c84b75;31237099034
3b2a4d04-75e9-4b47-b29e-e7a2388bd57b;False;631cd541-b1d5-40c9-95ba-c3da6cbb9807;45387577050
757066a0-bfa7-4cf7-ba3b-feeee2e563cc;False;4d5301a5-ab47-40ee-aacd-3d41ae88065b;87757820493
018df69c-f0f9-470f-994e-a8c71245f897;False;90c8ca81-049a-41b1-b8b3-a537b8ac8554;61532810859
0f7c9d1f-117c-497c-9345-b5058776eb01;False;11e1982d-49b4-4737-8b76-1e05fe201534;92561593924
815b3176-c9cc-4b7d-8cf5-28d2127890b5;False;db25a12e-7816-4275-84c5-fc77935aadac;29316271380
10153681-0ba4-4a9b-93e9-b5e60789f0d2;True;77d8ee74-04fd-4d9c-8572-7708460f799c;39793582782
eadacbcb-8505-4eec-8395-c3d775c5820c;True;1b9b089a-d968-44f8-ba3f-e8bf47a0684e;34848762378
0d833094-9d2c-4ed3-8d35-fbc40bfff68e;False;f40b9290-11fb-4c0e-b3d0-893eb033cf7f;88440516915
76f2b24f-9799-4eac-909c-536203cb942f;False;2058669a-6b60-4e9d-bfab-db488c76159b;13433494950
0dac083d-ba5e-476b-994c-26e4223f595d;True;c06d3b79-48e7-4c6a-9f5b-f188e57b3897;89660727796
45f16b0a-72bc-4e80-bb49-b8aa8bdb37f8;True;0f9c1157-5bc1-46f8-878a-d65a73bc1763;58687052220
ff8bc034-b0ca-4197-bca2-90de179871e8;False;d2bb537a-6450-4c2d-b29b-fb788a24da6c;35951842270
9334547b-435c-4124-8dc3-0409fcd40049;True;b00398f7-8bd4-4c0e-b668-3a8b0106efcc;63636827571
433b0857-04c0-4ac6-a65c-0dd84c485af1;False;84828e3d-61b7-4b3e-899f-2fec218dbe83;11395010717
c03b8d48-ee4b-4866-bf8c-b6cce7257cb9;False;e5300174-bb38-42a8-b3fb-c04fc970c2ba;82602783643
2f1cfffc-87cc-4f61-b5e4-a7685ee41442;True;28a50418-e95b-49d1-989e-4d0600ecd43f;70363799239
a0928908-ecdc-4930-bc4d-6e161c18097d;False;33354663-dd06-4225-88d9-28436698438c;41273863793
94431eb8-7738-4752-889b-b51d80e6a8f8;False;bb16f246-7fa9-4881-b0d3-a5ca589cc4ef;12532738396
4c21b7ad-c0cf-486e-8a38-af3cf74433a4;False;11bf773e-fe57-4601-8c6c-9420e4122c24;80350998356
a53919ec-bcc0-4c31-9be4-c8a744ae48d4;True;cba95b24-3698-429a-9de2-fe39e1ca687b;41909962712
4c6a3fbc-0eb7-4846-a38f-d578230eca33;True;e371c35a-99bb-46a1-84d6-211490e75f51;29815980829
a2af1ba9-b6ea-4a49-a9ac-784ed05f446a;False;f9bfbd92-c27c-4ea9-a1ea-7161161d6a80;56743074088
12778e3a-f2bf-40b1-b4f4-3f219aac1558;False;9266808b-e832-41a7-842b-3363686f3075;61329440797
7e693dd7-57c4-47a6-a128-4b0cf2b9b2ef;False;61f55640-0fac-464a-ac31-dfd4e1fd0eea;97648329752
61d4182b-d9c1-4fbf-abc9-be4c92f4c7a6;True;f79e6044-d1c1-47d4-b7d2-5ec9b61079e5;42830882983
462bd3bb-233d-4ed0-b13c-d746d8d4112b;True;bcc2b339-a1af-4670-9fb8-ae0f8f1075f1;49350772796
8a57facc-822d-458e-8d72-a38e36fa6720;False;a7530d6f-146f-421b-a497-f637909589ac;35951842270
e3699d7e-f1ed-428d-93e2-76acbb5c1efd;False;66b85d62-7c75-4e18-9d61-9fe5e91f9a47;81982127466
89a67cc5-465c-4577-8427-cb2c0f4f1bde;False;fba79283-6b05-4bca-a59f-d205897a64d1;20484743303
b133fed9-5cde-4060-9c5f-4b7df5a9ca1c;True;6b50f143-55c4-49b1-a5d2-525d7563e653;92260177975
10627a13-a77d-4d14-8db3-d9e3ea132f50;True;71dfc845-880b-43b5-a552-985fc1492858;24175156269
49ed4293-046f-49ad-8784-8cb16fe8c6d8;True;1cc5c6d1-1524-499c-804b-c258ec1dacc8;83984091692
39fd5798-9693-4a81-8742-8cdc8a17eecc;True;be813aad-a5a6-4136-8eb7-3ab33775a072;70448041466
725173ac-2bb9-4e11-be91-4c933f3f207c;False;546a29e5-8bbc-4c6e-8720-e11ef859a6d8;87417573720
34c9378c-01dc-489f-94c0-e99e555b3951;False;ba379ffd-6833-4473-b320-ef7be77da7ff;33874796534
5285f00a-9a99-44f5-b72d-1b48e90a4771;True;bf1d61a2-f375-4439-bcf7-a9b5ebd466e0;49759298258
82cc3ee6-2a77-44db-ad2d-12c9253090ef;False;4aa6f673-e9e4-4008-a8fe-5d345b473da6;42256122306
35548348-5447-49f9-892f-94b3af555364;False;ff6cb90e-1272-431e-8d8e-8f3d9444c678;17566105202
08d92cb4-83a1-4ad9-bedc-be113cacd104;False;6fd30522-bdf2-49f8-91bd-1808eeb1f029;98783362268
be760ffd-68a4-418d-879b-dc0d9cfbc8f9;True;e90e60e0-f96b-47da-a460-2234127ded53;95640124349
1b583760-74b6-4465-a129-09ea7873e506;True;8d970316-cb23-4bbf-81c6-656396a28072;98418562497
49956a85-eafe-4285-a56e-17f27fd5b493;False;74ffe041-e5a2-4142-a311-c05a93ebee8a;92181703147
0e619a10-4088-4a83-b29c-e55e72f732d8;True;2d0fc831-f768-4f73-82da-101a75fb2d60;87188480506
f4da6edb-c6af-42cf-ae1b-16a2ec2b38bf;False;efd3ec89-e1f1-4212-941b-ef59fac3797a;94981768670
2c701553-b017-4734-a6c4-0bf41607c0af;False;21b295df-4a5b-4acb-9c42-39252c3f6d08;72875269448
7d32bf46-b1b3-408f-bf1f-68d4dbae1ff3;False;5ef6e2ce-ff3b-45d9-8c27-a321e87bc311;26228377598
d0c8fd5e-1fec-481c-8997-f3079c233662;True;07e812a6-fc64-44cd-9cdc-e848634105ae;77297532133
3a56801a-f070-45a7-82bb-b43de8125ca5;False;f476ac50-b8cf-4958-bdff-97651fa8b34f;33518930475
98a52d2b-b09f-4321-8755-1e9e8975c332;False;a640939b-46ee-48b3-8754-fbdda2da50d7;89612915069
b693787c-9a38-42e8-b744-07936419a4f0;False;3a2603b4-c04b-4e68-9a27-441c45c1a7d6;38972504942
20af23e0-49ac-4ac2-87a3-8f6f1a32ab64;True;c9f341c1-046d-4e25-a825-e4522fa51acc;54830366050
48e41f67-00ae-4b74-a343-3f0f825bd2f1;False;b2b47425-2e6e-491d-b4b0-ca0203579e32;69832511776
17dafeeb-34a7-4ea4-a800-18146b3b01a9;True;038934b0-b6fb-4958-803c-a0f462c7c178;64238429129
f5df09e4-a9ed-4cf0-be4d-0d532d3385dd;False;cc5ead72-e25a-45c0-bc67-30e115dc25a0;18540421975
2ab970cf-b6c0-49ca-bb10-4fbf3e6bf8a4;False;40d2de33-b005-450a-be6f-d21ad2f0e407;89975126666
ceeaf80f-01fd-4136-be0e-2bae4faeaa9a;True;8485944f-8d97-4b05-b8a0-d7a2b492840a;11270911261
17d94fb8-a2cc-4e2c-a5fe-aa1595321015;True;a5c5ede8-1001-4e31-befb-9ed26882e0ab;54201446232
3e2fbb78-298b-4c58-b349-8759dba376ec;False;f743d36e-1702-431c-87ce-c21dd1157615;86620051959
b02f216a-500f-4b72-a2f6-c4e70500a5da;True;277c42fc-e500-4e3a-b314-1001a292fa32;10829352620
24936a60-f21c-4719-afb0-b135d0649555;False;47147031-e29c-42bc-8e15-b8d70997ef83;11270911261
992ab234-bc98-4411-949b-dc309d282d93;True;f98a6b46-bdd5-42f1-bcdf-6b78256fc8bb;76453874592
5e245f90-038d-413b-b5e2-759d78b2979a;True;544bcc38-c539-4ac4-a305-07e9531f94e5;24587955914
54982226-0465-48fd-bdf1-1151a34d49b9;False;2a904018-a603-4634-ae1b-21f256e1b841;31266325755
04ab5b41-ed4f-4a3c-b3b3-7898f6157acb;True;e56352e7-f5b1-43b7-8256-93a33945fb5c;48051912325
d2e68ae0-a1b6-424a-8b15-216956a05378;False;00926d89-bf2c-4caa-8458-c953afa3d870;50037766286
8f5b01de-a826-44e7-b2d7-2eb049272ee2;True;f46ef798-dfdb-4341-97b0-c7b90a92eb8b;88141475723
64740246-3e9f-4899-8778-c3705727fea8;False;6047c3b4-6705-44a8-9391-baa6d5c32e21;37950888015
48f73cc5-baa3-493f-8484-757c6820310e;False;8b7b49b4-dd61-4e81-82ce-35725ea9e5ad;60116582586
dd433be8-331b-4216-a679-9e22a9588ffa;True;a572e85d-dfec-4ac0-98db-4daf4b262047;36513587416
85477678-1d03-49eb-94d1-ba4a7fe4ced0;True;dbc8fffc-b4c8-4687-a3dc-fa32921a5983;76453874592
8b7d4ff6-ce05-4ce4-b26f-25e2293cbb0c;False;a84a087b-48e7-467c-a694-67dd06d8c4ea;69822123935
1b5386c0-5938-4970-8483-385f6c700102;False;d35a71c3-d076-4ae6-a483-483c6677c4a4;76874372819
15bf5d8f-41b9-4222-b939-0b9f185a4608;False;557ba398-f0c9-4a3a-a6dc-a76cbcbe2753;82520130268
2a31e034-c45a-400a-9328-a314c6eaecd5;False;1eee4b8c-3381-49dc-abfd-8d886133eec8;75798875394
5d0229a5-ee43-4937-8f82-550669e4410b;True;e5f079fd-8138-468c-ab59-26b687023ec5;42609738214
ef266ab9-df21-44e7-8ceb-331a3578233f;False;70548ee5-4991-4e37-999f-dbafddb9eafd;48629251812
4cdc70eb-e48c-4c83-8ace-1ab033850cf2;True;2b63b136-6e5c-4e1e-86ac-5f6d4cbefc40;61530602444
834323d0-0436-4992-94fd-393252713534;True;b09b0494-30e4-4e62-b6ac-00c90c4bc1d7;12694061462
1244f61a-e5f8-42eb-8f02-c9c699f7b62f;False;2694e5f3-630f-4981-8c22-45f63059995a;32331566730
295c6a06-4e0b-47e3-af0f-6d0bfee7dc20;False;891ffc1b-355f-46a9-a410-dba9b0a7a52b;92418079639
5c38a185-feab-4f1f-8e3c-831b3186d4e5;True;2679d3ca-0692-4948-8abd-9fad4723a184;40987458292
ce424bdd-e16e-48f3-8485-3353dcef3659;True;80c9ab75-3ecd-4ddb-b7c7-420d4a29e63d;78249342503
db28fb62-c33f-4e76-8704-ff397aad9b7c;False;cea8d346-2ce4-4902-b487-08bcfe28b494;23782518358
1c157cc7-3df2-4f37-b1f5-7e902c8875f4;True;0e598fb3-c561-4a42-bc53-8adad4c04c33;59145929050
baaef93a-c9fd-4aa1-9aeb-65c64be49dc2;False;f2057d55-ba89-41c2-80b1-65d03b5e9b26;13631098693
6c9e61e4-de25-4495-be56-56cc8d01d376;False;87803682-07dd-46d0-bd5a-9149c56e09b5;30856305458
f455dcb0-75dd-43e3-9abe-35ac73d8cc13;True;a9d915d2-b6ae-4b05-a26b-dddb9e9021c8;75879248610
6ad84b7e-1f6c-4a72-a4f4-db5a63130ca3;False;ccdd941c-1dcf-4721-8d50-fc56266239fb;69217177701
c119e4c0-4b2c-4c3d-8ef0-77c78a33ca9f;False;0efe0bcb-24bc-4535-a1ab-691b15c71b17;34374030966
6b0a4088-0a47-47ac-a4be-dd3cdd02c6da;False;160f7bd7-fab5-4bb6-99fe-bc31067dbf88;17503144119
c4a20027-dce4-48e9-a264-b830f91d757c;True;7fc81b75-5d68-42d0-b373-0d526618b6ab;16770180516
c04e981c-dfba-4f0d-aa8b-839005ce87e9;True;74c9eb6e-9690-4149-b0c6-c39d7b12d2c4;13254781295
f665d9e2-eb66-46d6-84df-743e3c71b8d2;True;a952218d-3c66-49d6-b5cb-9fe1b36a6564;93469703880
af13a9ac-0972-491c-9e7e-29a16820850a;False;aeee446c-8d28-456d-929d-3ba4a920dd0d;72448532155
4bb715e8-d0b9-44ac-8a94-76ef5fc0f1e7;True;ac9e0080-a3fe-4e41-ba52-804bb2ac1155;14124241224
dc554f68-07f4-43ef-8a18-5b84d5e06d86;True;a7df6669-447b-4c7d-bf14-1075ddad2261;60696994030
a25260b6-cafc-4df8-8c4a-d6a1f64a71e4;True;8e4ba904-219f-4706-a515-6877a620c859;75983433634
c1ae1a93-a87c-4a2d-8b77-01d671d491d6;False;063e051e-9f36-4aac-b555-425d3bc0150c;65394187662
4fe0a853-fb7c-4e15-9c4b-7eab0a524815;True;40da7410-3b8e-4c30-8203-8f50b33a9f86;22209369739
bb96d86f-6d6b-494f-9c33-480bef3d22b9;True;b6efbc19-d609-4d37-814f-5a084947a516;82406224893
9f76a788-fb32-486e-9ce9-d55a12e4b1b9;False;64c78bfe-70f6-4c34-b698-0c26c8298142;40212185460
463737e5-9f2d-4982-afe6-4c60bcaa909b;True;8e6a70e4-3af0-4f54-b885-656edf48a813;54475715306
9d82431d-add2-47e0-96af-7dfdb36a362b;True;5ecfe913-9e95-41c5-b44a-619a62892508;77493905854
7ce16fd2-c417-4c86-acd7-af14701be76f;True;7473294d-503c-45a9-89b3-bd171667ef60;19057744440
cfdfb8ed-b0fc-4d26-8460-7b456717371d;True;88c87dfe-b5fb-4fd5-ab0e-4c958c391c04;71065757001
b89b35c1-9d2e-4edb-9d1b-db904315e5ef;True;df9ecca0-9376-44f7-b0e2-9af62fd0b608;16135796158
9cab152d-adf2-463e-87fc-d939ffea30b2;False;31ff965e-9951-4f4a-84b2-b567632153c7;83046888699
b6d969a9-8f22-4d85-9616-5b6a0df8a49a;True;b37a5e90-85b9-4d98-bf85-4e3601d5d699;68108725221
6f7e94c2-9002-42ae-adc2-7dda7d0b11df;True;c1f70b6d-a06a-484d-a940-ed62f9025afa;84309719035
8dc80fba-9932-4354-a19d-d06778b38fc5;False;3e50d982-d4e9-460c-bbc2-507da0908cbf;14151543708
0c2078c1-b89b-4401-85c3-c8e4593b521e;True;2bbb564c-f5bd-48eb-bfc6-1aa8b3fb70eb;43751542309
43a2b583-62bd-49a3-bbd5-73f732a60820;True;b96da9d0-e3ab-4131-aaa3-bbbc6d7544af;86620051959
4b930e99-2eb8-4fe4-831a-70f9bc305e18;False;78f42e2c-2281-4c16-96dd-91ae98f4bc2f;76103742463
8ea7bccc-4904-47b3-828a-6befc53b27db;True;d936718d-d79f-4c9b-b38f-383ad38288c2;27698802767
ae8e9152-4c36-4ee7-b3ad-bcc78e9ac984;True;8c3b2179-9fc5-4be7-9635-6d05ac5ebd05;14749580866
1d55b9ef-0d2f-4cc6-a0f6-6ac81ba85939;True;73649c87-c7ab-4300-a766-8ac20a25f8c2;85673768772
5359cf01-2526-483c-92a3-9aecc20f7d50;True;8a3431c0-d819-4024-96a6-55ea34fa64f1;83243524239
b1dfd931-0e27-4759-9461-8a5f161abb1d;True;dfb4db95-f01a-4749-b6d9-30566e936c2e;18876850228
a8ec10d7-838a-40b8-9071-f4e8a85c0a85;False;f3dcaf86-8038-4181-ba48-2cfd0f482207;41114723907
f98804c4-27d7-443d-9b3a-880d2646f067;False;f2f32e03-321c-40bb-841c-4366536c5e84;65218192447
09e1022a-c758-4084-8f40-7aa210733d3c;False;06e8df17-7013-4e60-ac30-87073760efad;56678565994
deeddfa3-6d37-4060-900c-4b2f024324d0;False;431f6962-0ab8-4abf-99bb-4a57f6d091f7;98783362268
7cbc3f8f-0ec7-41b3-932c-0b28dab45a6d;False;602750f6-4ac2-4513-b119-4199ad2ace4b;97273870836
d6673e03-ba8c-48e1-a8ba-9b9865e19d5e;True;6cdc8eda-6f11-4378-93b9-8f1c00bce8cc;93119586969
9ebc3d91-fc41-44b4-977a-d31f90879a71;False;0e35ae31-5262-42aa-99ba-e6300d9bf2c9;46700187536
cc5238b9-bd48-4d0c-8d63-e68815196160;True;aae7d445-bbb0-4748-b79f-ef7a1f20f2a1;91102331832
9ad7b85e-3d09-411a-abc8-15ad238ad5b8;False;76d8fa94-e7d0-4adb-ab72-af9a195f0d09;82299263882
ae7bf94c-d340-4081-8611-af968f5f373f;False;53d3cf7f-b5ac-4115-8eb6-6e8ccd92b0dc;14151543708
818671a4-4b09-438e-8c49-168b487b5b3b;False;beb6a4f0-7db8-4379-9fb9-8374b0636a2a;14151543708
2813d6b1-6527-48e9-8443-527fa3924ea3;True;be8f68b3-e8b5-4fc7-bf5f-cf56e2893c21;81982127466
e760e2f6-28f4-406f-be5a-05da1e42c292;True;9ccd3cc7-39f4-428e-ae43-d5d830ccacc6;91259356459
5c35104c-fff5-4f3b-af8e-1b58016fe59d;False;a5e32256-ee8e-4b9c-82eb-3a669afab6de;48886496470
82d70970-219f-4a2c-b90c-ceff16468798;True;1c4df812-6c85-4793-ac96-385d4b558099;78952473742
32677f19-ba73-4947-a261-ae6a5282b8cd;False;765b5425-be25-47bb-a951-90e4d4eca4cb;91958969704
be36d595-d68c-412a-9916-37b73b5bbecd;False;1ddbfa92-76e6-483a-8e36-f458e3b8dcb7;36785340546
768d841c-cc0e-46b8-9000-4e33f291c384;True;dae095bf-3d07-4309-8b73-087d5e02ecb4;24587955914
c424ab61-76cf-4836-ae3e-e272734e68b2;True;20511265-f23a-49a2-9fcd-a1f4cf8b8420;14704463518
9099a5dd-9778-4d87-a039-efaff8e76fcb;True;c0448618-a374-436a-bb17-3861fcbdff29;31237099034
6f135ab7-5224-4f01-af82-c710a9d46ca1;True;f0790c30-9090-4434-a65a-e04ad05a6c59;75319533010
8ae76eb3-b05b-4bcc-8afb-5df1d582a2c6;True;9013a25a-ff0b-4388-ab22-2df60c93aefb;83984091692
e5a77f34-111b-4dcb-af48-3494ab2d3c10;False;cbd972ff-8d22-4536-acf3-d3a0dc0a18d5;71152154811
e2f631de-2780-49a6-931a-37f379444bfc;False;5723b3ee-2175-45ae-9daa-7e84f255d16b;80836496538
0731364b-2de1-4bfe-8281-fb06e3958a87;True;f4516378-5bc0-45d6-a627-3fdf10efdd9a;56705977584
7eab6854-46f9-4b1e-bb15-a27813e1dc2b;True;4497b20a-a361-4040-9890-ccd649b5a938;16822099765
9e8c29db-8272-4f0d-b60d-c483e9db8216;True;d8d1afea-ac8a-4ea4-b8f1-942db0630020;82864866651
e6e19ee6-d8c5-4339-959e-8885b2ee2f59;True;2ab4c454-8588-4f5c-93c2-276f5e5c8960;10222970347
efba4438-9cff-4dbd-ad92-6330874b59a1;True;2e2dc45a-65ef-4cfb-b951-5909a893c2ff;59691886275
1e8dbccd-b9a7-4258-91d4-6f230183347c;False;b254a7c6-d62f-48b3-adfd-524ea8bd28ac;10429295002
b7995a27-7a0f-46ec-a1a2-5178a6b8e7e3;True;87bdc1ed-c3d7-4614-a8b6-5d7aa42d62ed;14801106989
6bd4b3fd-76bf-44d0-b9fe-316a4c4489f6;True;1320472f-0aca-47f5-9714-fd91ef18c592;17566105202
a1d529eb-c3e2-4d05-87fc-2117c441ed73;False;bb61c2f7-3ecc-4851-bf09-f2befab1c5bc;37095480504
d06e4ca7-9bf8-4b7f-a969-aff7064d386b;False;9ccd7766-9c0b-42ce-b72f-17b62b2cda43;13417791413
9080a8f0-bfe3-434b-851a-5153c29d2ea4;True;da4962ef-ff4f-4528-b98b-1035690fe2e7;41273863793
cfaabc6d-3157-4535-ae83-d05c7d2471aa;False;ff774b72-21da-458a-a641-585c5cd5194e;43714207101
34bf5062-6849-49c1-896b-bbed3c001060;False;24c2d4be-9381-4915-a17c-dbfd9377d74c;25317315040
49de92ed-1266-43ef-98c2-2f1809344f76;True;0c3012b6-4155-4f28-8c02-0c1d45432d5c;65287471873
b3069c72-f375-4f79-9eba-33e57fd76430;False;035146a1-3b29-432e-8125-2b620f1f2488;98653202869
3bfb4ecc-e97e-4fbd-8a24-b024394c3403;True;06779b76-7b22-4b2d-b68e-635f4417f06b;30160057881
d1c9aba4-46a4-417e-a0f0-12e43749f548;False;45999014-d5ab-410e-bddb-99aa6c4a20ba;12015884200
6e578229-28b1-4478-b3b9-2b621010c9b8;True;8e9bb68d-aa28-4514-8cf1-b6c44b95c965;50203939482
98efbc7b-3053-4927-9f92-ef6045ce4965;True;02eaef76-90d6-4ad6-8434-80367c433544;67672047514
bc5fbd8a-a27b-4e8f-85ff-3596cc261193;False;ee83fab4-b47d-47cd-a28e-59b7250185b9;34848762378
7fb9d6de-685b-440f-9e10-d5cb4fad4a24;False;90ef3604-0928-4fed-9597-b40224381b8a;46038260914
fd0792c2-1648-4626-9e52-4a1adee3de33;False;3e6cbae8-52c0-4d69-ae96-03a41dd117d2;93469703880
f96739e4-286e-453d-921b-f2a7bbcee7b7;False;2a7c20af-cc1a-4cd4-af4b-910d562c4678;62008879094
b208a325-7f78-45a1-9425-5f10fe9eb9df;True;f274a5ab-bfe9-479e-83c1-499641997a60;46038260914
cbae4d3c-686f-4668-9aaa-3e2cdb82ec95;True;7e4e50b5-053c-44b0-abbb-d9e250902f3a;53993804089
3fcb49c5-1422-44aa-8d55-66e0e04dd3fc;True;2a619c97-0e78-4214-ae3e-d549ec03a509;13547249633
e36e35fe-fbc2-4b09-98c8-b64e6aa89054;True;004b58f8-e25e-43ea-a755-302cdbcfa641;26411386465
cbbddac2-c237-41b5-a720-40b0426d7343;True;71e75a9e-5e49-45b0-8a21-ad0defaa560b;53718332602
f7135f92-f5ce-487c-84ac-0823143f4315;False;1eb481cd-8f58-420f-abde-648df1935bb4;80882358884
dbf252d2-1bfb-4f9b-a729-daa02bfe36d2;False;299a43c2-4c16-496d-8ef5-f841823a79d8;16194771922
0ef61a4e-62b5-4f81-b208-8bcc9dd18443;True;8d92be65-3ed2-4acc-a9cc-0b531239a702;57483316979
4f384266-0f5d-489d-9a95-a79e2f8dcfb3;True;046753c4-474a-4341-b3ec-f3f363495205;60969795272
596b92be-c9c6-4c25-9378-3c29cc23be16;True;0528da3b-3bee-4984-a4fd-9a7891f4d943;14743899190
86d25073-1e97-48d1-bfea-e6607cfcb564;True;8dee5624-f391-4619-b432-f21348bf7b61;64730666581
7cd1a36a-e8d9-4a0a-abf1-a748d7bce468;False;68276e1f-fa80-4822-a052-70b3fc58892b;91132521457
ba794fe7-3576-440e-9a66-35bbb200b0e9;True;c9e10f73-b205-4be0-ac1c-d15ceb42cabc;95410043020
acd2b094-1115-40ce-bf20-422342ec8ed0;True;4b9a61f9-5bc9-4d10-8b82-934f38a883b6;28091245070
82ffb1d4-5091-44e2-a040-c6f957e9523a;False;d642e145-0ae9-4c5b-aecb-97bb974a0a1f;49826889609
7c3f2219-825f-4beb-ac3f-606a780b486b;True;b1bfac3f-0888-48cc-adf4-d398c2ae0410;49119312724
281caba7-1192-464b-8925-526bfacec5b6;True;d11ee95c-d806-46bd-b402-6b355df842bb;93038542671
1af31e3a-3e48-491a-a1f8-2cab230ea1fa;False;d28634bf-4925-4992-8e31-d5c17b6df679;42871506927
a7fc4518-0372-45e5-bd37-fea75033e230;True;1618eb3c-ff57-401e-b086-ba1b1ae2fee4;76932556278
46d2feaa-2b03-4e44-af6e-adfa92a176e8;False;420bd5f1-07e5-4538-aad1-ba32d23d4866;61764546477
10b948ca-9d82-4aaf-969b-ca81c7bcbac3;True;2e48e37a-77e7-464a-9e5b-3e6f0737936b;76671732933
0acce1a0-9077-4224-9676-13d1d4d65794;True;b3887e97-1ab5-4dd4-abd8-55ae9dfba44f;22060476280
d9ce05d1-d9be-4d35-9083-eae0a929e7e7;False;f8a11741-200c-4393-985e-a0c246843a47;14124241224
4da89f33-feb8-4ddc-9d2f-415f328c139e;False;c2e826c9-09c9-4012-8aa6-b292c7beb09b;66180665722
5d63d9bf-93e9-46a3-a706-3435249ee089;False;0923aa22-f6f4-42e9-9938-b6dfa555e322;84894169456
7210fec6-5aeb-40ac-8b18-94204cd51f59;False;1bacfac0-9af0-4d80-a5e8-8c5e2fe4b296;59145929050
6bdc348f-992c-46c6-bd13-2b6d13e0be8b;False;f90695f8-a850-46a3-a196-dd0c8d2ab741;77177376914
fadafacf-1763-4344-8ff6-28e53eecb9c9;True;e0f6130c-2bca-4b97-8cba-2e26a67d382c;43363038044
b5da3a53-3726-40a6-a7e1-af406ea2f860;True;e0e3c586-91bd-42e1-bd47-82364a1c9cad;44748230299
507af4e9-a118-4b35-939e-55e65806c0f3;False;2decc076-39be-4a12-84a3-9489f1bc8583;71884678155
054d2ff8-9937-4a47-8e75-ccc7fc0ab08e;True;3300af26-4ef6-4a6b-a588-ff1feccd8ee1;59691886275
e2aca243-ef3e-429e-8d05-8576d8c044e6;False;c72ca453-b80a-4964-9955-79044b32e233;93537759863
e833149a-8547-437c-a392-a9f4f25524c7;False;0b43c31a-a37a-46a1-9991-3a7bf367c3a2;28329507774
e3254631-b943-4ebe-ac71-43033dddc9b7;False;94fd18c7-3356-41b2-99d3-17f46dddee11;38276793067
6a1b6942-b872-4c64-b327-64fd6e98dadb;True;3ada405e-9361-4574-bca3-ece1d79938a1;79065738593
171d3862-8c57-4f45-a854-816db56e8184;False;ffd786bd-9db7-4bc7-b633-cb4e50aa42fe;30806034891
5537c69a-29fd-4482-a3e6-1c9088d1d134;False;b35dd0cf-a24f-4c12-84ae-3fcc15eefd3f;36424006495
b9f26d1f-26be-4347-b358-f7edc6ad0478;False;378b231d-248d-4ac6-aead-b02ec3d5ca7e;20427265835
a75894bd-b352-4585-98b9-b4b11c0b89df;True;999203d7-06df-42cc-a3b3-ada777f8731a;95419027394
a5e3444e-cc0a-4824-aba4-7d929fb37696;False;a3a5f4b5-8255-43c0-8c69-49db498cac14;24039613364
b7c799e2-bfeb-439e-af4a-b80ecc4277a1;True;b832b544-4df4-44a5-b45a-62d7768ce680;95419027394
43850c71-36fe-44db-a1e4-885bd57b1981;False;e53650a1-60f7-4d99-84b8-3ec0f615a3c0;77535759694
9c03ea8b-fee0-4d09-b452-7886a7271a47;True;fcfd201a-5fe7-4134-8a61-c9172adce191;72944326823
79151607-8fbb-46d5-b722-d8cfb56484fe;True;d6e923fe-4f9d-4728-85bb-feff9868954a;26228377598
f17b31eb-1f14-40d5-85f2-1303110cd536;False;b3f40bcf-be05-481d-af11-ab125b4b076d;49689761264
3f693042-49f4-488a-9bd4-0c61d6d04f7c;True;b30dfd23-9cd4-48d9-951e-3d0224e15b19;94981768670
d8aec0b5-a45d-4cc0-90a7-9f1ec6626e30;False;a532fcdf-4d8a-4007-bc24-eadbcfff4863;58124004062
869ffb60-4c69-4727-b9fa-6ace4c42e644;True;d4b56c35-cc0f-436b-ac51-3c3db266ad67;91101865124
5a0f8f57-79dd-487d-b46c-e122e55c9819;True;c16b39b5-9279-4c65-bfb1-a892102dfbca;51353490445
15cd2906-0f7e-4d1d-afef-d5e1b2a9f4aa;True;6675daee-e52b-4aef-b135-111db84e9738;28062662840
fc3d36d6-f711-42b0-8cdd-abaf55b183d1;False;711681cd-4bf8-4e66-865a-6ea5ad8131b7;38972504942
4c40625d-ab2f-44c8-8fba-bde1389475eb;False;c7295ca3-caf9-4b90-af99-4def80adf398;52336818856
c3472f37-24fb-4332-a906-26d776d0c802;False;876d0237-9343-48b3-a96a-50d0bb48e3d4;91101865124
c8fe99d7-3a13-4799-aad5-9c1f758b7a94;False;a6456527-f6ab-4782-b8e6-7063a313ec71;70908910633
41003bea-e32e-440e-b635-cae3335461a0;True;b9fb5293-7049-43fe-b96d-7f8db8fc74e0;80701795428
7c209590-fb5d-4d71-8a68-65fd317e444e;True;8bbd7213-a790-4630-93ad-83734664502d;83351571556
e7af3263-5fdd-4407-af8e-5a3238e1705b;False;4f0f36c8-db2d-498b-8860-ff9ecea1350b;83554616936
fc46642e-43fb-437d-9cea-fb5a8ad0007a;False;98df54e1-90d9-46bb-8b87-4f943e454455;71618746236
99f8f647-14fc-44dd-97eb-3f82b27ade3f;True;56747b83-05d0-42b7-a701-266440d028c2;91151817406
f572b776-ab4b-43f0-9231-2e46fb7cedb4;True;532764b2-d035-40e4-9c17-35d6a3773195;19502584524
c91cacb7-8145-4ea0-8106-4f6464cf3b70;True;2df361a4-d005-4d63-bb28-5d54468ba033;56895721692
f6487307-5996-45d5-8726-be03bf165b08;True;d1d2f664-1d89-416f-b142-0e55e3d39393;56705977584
d891facf-9280-46b5-8f82-41b9ca3ae2f9;False;e333bc98-d05c-4713-9e3a-683bb2b3f36e;33048396556
2ed06abd-1b87-46bf-a216-f9c643913526;True;2d7e2e8b-3fd3-48c5-9c7a-22d4e2a95dd7;68687396968
3529b823-93e8-4455-9bb2-7107f8566a7d;True;8bc2d7d9-9fa8-4ad3-b091-9e06efef9631;84780885262
bd125863-4e8d-4170-8802-a490e3224e49;True;7376632c-9e2d-4c31-bb9e-a53595234ef8;12015884200
1cf5dce6-116c-4407-b390-1fae9712706a;False;724555ff-03e3-4b4a-afbc-a45dd182f84d;16770180516
15b42c3e-5499-400f-bd4e-97be72c024a2;False;a357de05-ef1c-41c0-9f54-12c77b99f9c5;74664687315
dd80a2e9-f76f-454c-95a2-2992200bf7b9;False;98978647-84c7-44ce-bf63-9e88494c1f95;89975126666
bd9cd1c9-d39c-4952-babd-9776fe838d48;False;e73b0917-50de-4569-947a-7e92fd581902;34342072207
0da909e8-bd78-4096-8817-49b798980de0;False;c51f1806-9fc3-4c85-83b5-08d952356971;84520879282
152b5e5b-31a3-4686-ab51-4f08a6dc4f5d;False;db91b924-1320-4a87-9caf-dc3cbcbb4be2;57546878564
7ad5729b-6702-4cf9-a240-cbb86d39e592;False;034e7cbe-b2ea-478b-8c64-63209b408339;45923746659
3625ae5b-6582-4614-9b3c-42b5c1a90334;True;4f8a678d-2832-46c8-a73d-e6fc9372480b;29147761052
be2027a0-7693-4843-bb41-50bdf1ac55c1;False;974e694d-e156-4b27-97c0-fe6dbd88e9ec;32363125749
0e54a44e-1d37-4422-9864-5786e948c24f;True;fa8582f1-f5f2-44ff-b205-f78618c15209;90694989592
1ed628e2-0ef0-444a-aa14-0a8f015c13d3;True;03bcae90-a94c-432b-8b61-0814d485b448;82133028745
131100df-2f15-4bfa-97cc-c73f628b438d;True;dc7f8a00-4fc4-4928-8a1f-4c37a0291e24;52162966739
f3d62191-c288-4b55-a8d3-0a99676d7764;False;4182d3f8-3bbe-400f-999b-3315500ca858;90323072290
4f5ec5ee-039c-4dcf-a677-283c94bffd12;True;bd8a4fda-b233-4f19-9610-db04f5e76819;98410397369
2b5e2a24-de68-432f-8706-3c6d0003f594;True;92f8cc80-6c86-4ffc-a6c4-444cdd2cb475;16273275403
0ee66818-ae74-4974-b322-7030a6aba903;False;8b6b95ea-153a-4725-bcfe-3a47eb1f3ec0;54904228671
2e811bb4-f75b-4f1a-9a43-e97ee124fbff;True;e813e37e-73aa-4c69-adfa-91e9102106e0;67085271771
530178fa-1482-45a5-8bf3-b0ffb1fcfa92;False;0374ec99-b26d-45cd-961b-9b1cd71db576;79065738593
8b2f97c8-e2f3-45f1-a858-112abd0626c6;False;03465c07-3a40-44d1-9b41-8991434c5a87;49119312724
520606c5-0b0f-426d-a7a5-010eb8fb8223;True;fdfc3a58-d10d-4bdd-b9c5-21640c00bc7c;52959461483
88f89609-43c0-4430-9729-36797f5fef9e;True;71e87e18-bcef-46e1-a660-ce8485b306ee;48796765586
42606c5f-57be-47d5-a69d-3e870e130f8e;False;3a5e113a-1c2a-4dd5-819a-2b45f55e0c93;24515644230
e6ce04e1-11cd-47e7-9cf3-bfbdbc66686b;True;087cf8a5-4106-4a3d-9797-b76de0a5aacf;76375898659
9893e496-6389-4361-a099-d2eef309654e;True;4b882628-b44b-49e8-8188-addd167e4d59;57753128355
a2552621-ceb9-43da-855b-8df25faba9b6;False;fdd6bc5e-cabb-48ad-ae2d-7d6f31a8fd72;68669223378
6c2a7104-fe15-492b-b794-69052ff46fb0;True;1b6b12e4-d614-4af1-8456-c5d2461fafa6;12047413472
d8cad40a-f686-4b30-96c3-3684918435dc;False;ea29c1ea-1528-4db5-bd02-4dee56cdea61;41147931305
0c02b327-30ec-45db-841c-e1f900f168b7;True;78c65279-0992-4ed8-b7f7-c63f7014d1bb;23782518358
b83603bc-92ea-472c-92f8-cd1e32831dcb;False;21857f58-ea5c-4c7e-b445-e08b2d8fc903;50984158243
8649c2fd-b151-4032-8d00-16dd8611763c;True;dced17ab-f690-4986-8337-6296e3a46640;49350772796
0d3d105a-78da-427a-a21b-a36862ee842b;True;5b28c452-c45d-492d-8bf6-fa6d5f9d1f83;57753128355
b79e2bca-4fdc-4a6e-94d8-0f734a6009ee;False;83fb07ab-451e-4cdf-b72a-c71ffa4a149e;81861945377
f792592d-d9ac-4d34-bbdc-d9f57b8b453e;False;61500b67-88d9-4c9f-9762-d75b20fabf89;26178994520
74bd243c-649c-432b-9fa7-cac6b35b6a91;True;8ef53e53-a410-431f-a6e3-92fd6fb140f4;69793040290
610d7f1e-4754-4aba-b69e-b6100949ce1c;False;3b2901c8-33b0-47a8-a339-580bf2b551b5;90731462952
1f237f04-6bc6-4fa9-8a8a-69616c0b75fe;False;fb344729-9bc2-4e26-8a33-215a3df43187;33655685840
60673a3b-47d7-4151-80b3-f35d8a6cfe0e;False;01daa2d1-a0bf-4898-bab8-9ff287e00d03;61281227045
bc7a5440-b3f0-491c-a871-2d6e587855bf;True;60417d46-bda8-4e19-9b1b-a57e30c91dbe;89907679013
417c19c9-ad7f-476a-a120-df45ec3c0359;False;698bf6f7-518e-4f39-83ef-3990a26e79ee;37607644782
2e947dc5-e751-4471-ac34-0372ef9326cb;False;d5548f87-1314-43d2-824f-ef57bec16c3e;99451588821
22d7b968-6aae-404a-8cf5-ee3010b61344;True;140bc705-c625-4b32-bf6a-1cec18fde442;72224065853
57c0e0fa-eace-4b41-bea8-986df8b08ddf;True;8adf903a-293f-4d94-9c86-f2ebe929c088;57483316979
2b82eb9f-4fc9-4cd5-891f-8f652866ef3c;False;65eb7255-97ee-4407-9f7b-2e46a52295c0;36788311146
6af8a97a-ee9d-457e-acda-d597dd3bd6a2;False;b85944f5-5000-4018-931c-8e4b7dacc89e;81927029445
c6e7885c-2f49-44e9-baf5-a40dca1516c7;True;50db80d0-1e1c-4105-bd7d-be93445fb15f;19291037445
1e4018e8-e123-4202-9c69-82bfbcc39067;False;143d14b3-c63a-4dd8-89ae-f43b65daf797;70188351776
11997c65-de60-4d0c-ac5d-dc6789eaeec2;False;985a7775-a607-4a7c-9122-f09c3a85698d;48886496470
14de3923-7e56-4904-b7c9-7aca6ce5e090;False;3622c897-d6d5-4e3a-93d8-2084c769ce70;99831606388
0400edc0-4a14-4dbe-81c5-50538afd3ecd;False;6b1bc2b8-b247-46f4-b1db-95cf887e7cfc;42697030630
eda95392-697e-4fb0-ab60-02a132599887;True;623d8676-c95a-460d-9c91-080c129553a1;43363038044
316bc17d-f5f8-4bc2-8a25-fa4d880cb621;False;c3187b0e-d35d-441e-92bc-33f715459c0c;37839453829
7609db3b-4dbd-4a2a-b368-cc4e542af509;True;50f0af56-38cc-48a4-8dae-2aad29d1af90;30760098320
711bd4aa-bbb1-4d90-be1a-ba5edfd786ff;False;96c9d796-f4d5-4de0-a17c-d0fc165b381c;14704463518
b80edc6b-b7eb-48b3-883d-f1bc7a155f19;False;a2fbb59c-381e-462d-ad91-33346f30ee78;21605354973
e9109964-43d9-47ac-b42b-e0cdebfe23cb;True;a085f151-1d8e-400d-9a78-22649df50619;68037013930
105cf1f5-66e2-48c6-85ec-907d5e1c544a;False;904b0ad3-da32-4657-84ac-62cedb5ce580;41373368499
8c8117ca-848f-40ad-ba26-75b96921a045;False;9585896e-13bb-4179-a9d8-913b0f42059c;93604331843
5d3a402a-fd35-4134-a1dc-ec871b848dbc;True;33ef41e8-56d1-45b5-8f0a-64a9153605b3;59248329465
265a0ae0-7327-4c5a-92d3-2bf964227e1c;True;a9127d7b-0aba-4090-b679-8cd19c354505;82928197318
0466d128-65b2-40a0-9a11-bc17144a98d8;True;68055d1b-45ec-46d2-a4e5-d20c9ab90643;60980759206
26b7201b-0d0a-49ba-8557-eafda7fb89fe;False;824282a2-9cd3-4df8-b7b7-0128f50af586;63045165460
6143aac3-9806-4cfe-9301-cdc30a00b5c5;True;347fa738-0626-44b2-b4cf-730de8f5c080;49826889609
62f6f00b-6223-4fa4-94b6-6ae6315dda1b;False;842a233a-01fc-444f-b946-22017c7c88d2;17137280212
e12efc0f-8f0f-46dd-a51a-d1bbb407a451;False;21184b68-5cee-43ff-9e20-ad90dce67a60;68669223378
fa56c892-f68c-48f4-945b-5d0f8c1d7c53;False;6aa2dcb9-c1f6-4bbf-83ed-39cb697374dc;36831346856
1f4c4911-a8e1-4137-a21a-9dae37a625a7;False;ba2cc8a6-8181-4e4a-8e05-73083a406f77;68713331924
f5feef4a-ff6a-4139-8c9e-09eb61e3e074;False;e68b6869-2ec3-4330-ac26-db4010e13abf;95207447679
b22d8f0d-a32f-4d9f-9651-dba14e1797dc;True;70000866-de48-4a4d-9964-fd7c16508330;90323072290
842a8b85-b73e-4ae2-bfc4-47d743d6d46e;True;29207b54-138f-40ec-9b2c-737d2fc44052;99205519711
a4308840-4909-4153-ac17-f37ad5786c3a;False;ee7fbec9-0ec0-4a8a-8180-6e29b9183ce5;59248329465
b8ff8e1b-71d4-492a-ab41-683536620a48;True;e22422c6-5036-4f50-9972-2954794d8aa7;30633355448
2bef155c-3b64-4441-b64a-51af34cfe4fc;True;ff862c0a-18f2-49a6-80d6-a66c74770988;61114163215
285b9fc6-9c54-4dca-aa21-d2395d9f3bb4;True;66348392-41df-44e7-b825-ae3785d08a87;25522416169
1b9d84b9-117d-4feb-8baf-add0a39b52c9;False;8a0c945c-8362-4d2d-b37f-d2388818590a;83420688170
e8db3009-9fc1-4f4e-8602-207a13040941;False;24ba3f6e-dc42-40b9-b587-99c2d56b4e07;37950888015
a47cb0b7-79b0-4e20-bbbd-481c4996192d;True;924bc006-9a3f-43d2-b3ec-491da59e5f50;91047092622
5e434818-9d01-4113-bbc1-40de028f7e9b;True;be7053d4-351f-42f4-b16f-ed60bd771edd;41185294028
0c64f5eb-1fa6-41b6-89c7-3c2857b6d65d;False;a30f8ce5-27e2-415e-895b-a1c596e4470f;10357824055
b1f3e9f7-e8e1-45b5-b1b7-a2e7135b8308;False;9b3990a5-79a2-4d59-872f-afc38f151c37;34423751614
02d51364-011a-42f2-ab02-a934318125fa;False;efbfb154-bbb1-404f-88ba-a952abfd6bc7;25522416169
96f37742-78a0-4857-a1c0-d881f072b240;False;bee64b5f-5f28-4d84-b850-0e1f68ee9672;82406224893
65547430-e41a-432b-8a2a-122c97497eda;True;b18f4e35-6d1c-4c1d-b54c-103dc823f0e6;99393655057
eaf12685-8994-41bb-a152-4c8bcc8f3fd5;True;4a66393c-2a66-4e77-b9b0-88902146df35;91958969704
6cfe786a-25ee-4461-9e81-e49a7412e215;True;29b607cc-04f3-4fcd-81d4-e5c757e2c579;14246256746
52b32c4c-6229-4c3a-8114-1ec67266c3e8;True;9035333d-fd4d-48f8-bccb-a12af58745d1;29208166677
c0618724-6ce3-4ba9-a207-354e36baa94c;False;dd58e0f8-5eb7-432e-bc0f-156b29aaede1;82917660416
92dc9049-207c-4237-a8c0-f11e7bc06c10;False;43c56cb8-06a0-4345-a0a0-71ca88796fb4;10796300160
19c3a903-7f48-4116-a4fe-2b76aeed05fb;True;21aeb4aa-888c-4959-99ee-2b1003d1c1b9;61530602444
ccdf5d49-0f40-46b5-a6c5-bcf23f8dafa8;False;ae45de18-b309-4a1f-b593-9b4b28b79923;48796765586
06b818d5-951b-4a58-ad40-ee1c5ae6c7a2;True;0b52256e-a0d4-42c6-bb4a-d2fd56f4049e;16770180516
fb2fa2ff-666d-4bd2-bbe0-e9428cbb574d;False;9b3e7e39-a2c1-431c-a460-fd0a44ea46e1;77374909606
ed7ef994-9cba-4f11-9302-e01f4438bf7a;True;13563e2b-f04f-445b-8dc6-8f364aa752a4;37699524706
e5679d33-0603-4797-b388-6ca2e9826370;False;d06f673d-662b-4936-94cc-303a57da3dde;22424435979
8962a415-dfdc-4f4e-b11d-671641657b5f;True;d3879777-2861-447b-bd38-ac91e251bcfa;21792122721
b2ffb364-8087-4629-a67f-80e3df68955d;False;7b0b55a8-2f60-4e19-802b-acd04de3b446;94278264818
1f68f8ea-a828-4737-b171-732ef6eb7b7a;True;1a6db279-94be-4604-96c5-6820cc58f066;43751542309
e62b92b8-f223-4436-a3a0-05f6ccd08a7e;False;d7befd4e-4156-44e0-b321-43925740fafe;61764546477
f24a7949-4b4a-4336-b5dd-ad009498d20c;True;d6d4538d-5511-4b38-a087-46c512371d81;17205374473
560fa6e0-69eb-4aed-8c1a-0fd16501f793;False;1441553f-8da1-4ff5-91b0-1e1af4926775;14749580866
08a45761-8fae-49e6-b9a5-236489cc9eea;True;7cfe7ce8-cd8c-4467-b776-fca6200e451f;67057761010
809a2d67-21f7-47d3-a5de-c05dfd7e24fa;True;be8cb668-039d-4fce-ae22-e4cab937e95c;86233210829
adf9e25d-ece8-4970-a48f-a64f5285c882;False;42c17412-512c-436e-9a32-cabafcb4ff7f;80971085039
4d717d58-e470-4a98-a9e1-9d121a0d377e;False;d216b80d-dbe7-4f66-89cf-c7a55a8e1588;74443908690
7d313705-58fd-4ea5-8e82-ebb12f2847c6;True;f63a0d75-d0a5-43e6-97a4-52a5c12f1ddf;14217276839
57ef4fb4-6f59-47b7-b4d0-cf0f79fb3672;False;cef9333d-6dbb-4f0f-9bb3-960118fcb0b2;88748143009
1d0a5ad8-6e47-4913-a084-ffa405599586;True;bd8925b3-7c18-4d43-9674-2684f61163aa;86805857539
b6358173-3a28-4beb-9cf9-cf4f54a2a5c0;True;1b7271d7-5e0c-4362-b636-f1432ed6606c;12695703833
e7862ffc-4176-45f0-a9ec-cf830a63003f;True;ec13891a-5c67-4b80-9a0b-644337ff6839;59460490476
4c971b0f-f584-446b-b198-0bffdda48ac1;False;8cb2ae43-7651-4258-8c43-c1d6dce6bdd6;36788311146
c677a9de-7c85-45c2-9226-89feda15e00d;False;29c9829c-16ec-4c50-9ca4-8db8bc5a4386;99896015451
a4b2dc41-fd71-4246-b17e-4378ba937344;False;c9a3a9a8-11a5-4c4f-adf3-8cf6e1ec29e8;31981569180
94041c13-4112-462d-9d76-f75bb50617e9;False;d851ff93-0326-4726-813e-8bed554acb5a;76698045407
d570ed8f-9343-4063-8d7c-3645a62f57ed;True;03e27caf-6b0a-46b5-a0fa-d2fd8d70007b;39793582782
60088e08-266b-4f1c-afaf-3fdced2cf671;False;c8ea80c4-abf8-428e-b99b-1fe715b2639c;65887202971
5943ee72-a850-43c3-bfe5-ccec6ee894b0;False;c0d9508f-ed9e-4d23-8dd7-a997d5f84f1c;56588318685
305b256c-8b22-401f-b608-86d373919413;True;4509c425-7d0a-43ea-926e-fb156b2fb81f;39081651320
577e272f-628e-43ae-bf0d-07097d9feae9;True;30f6bd5e-72cb-47c5-96e2-ce017e07a87b;29815980829
e24e5b7b-d076-43d7-9b1e-2271d722b7ec;False;d6388e1e-a5b6-413a-9646-8b8c88d729cb;31237099034
a8057efd-8d3f-430e-a046-cd9927e537a6;False;594fbc54-e560-4026-81fa-3dd78155edcc;10429295002
3891a1b2-e689-49e6-be5c-308bb06ec659;True;0ffb108a-48d9-43bc-8506-24e8b3dc2732;37839453829
70104fbb-2aea-416b-bae9-6068c5566a85;True;9e78b815-85c8-42aa-a8e0-5d5a4d124eb2;13254781295
d6ca8555-101a-4775-a38d-455ce1334bc7;True;24e2c942-607c-4c43-8701-a728afd1e6a7;84625322998
e40d126f-f4a2-4121-ace3-b861d97f87ff;False;0c00e842-7082-4c57-9516-f357ec6fe4ed;56705977584
bce163d6-c74a-409b-b622-b29c6e7e55d5;True;7b1caa2f-a6be-4197-beb4-919a966dc4de;56868882259
d8aeb11f-dd16-4968-9e25-52a8a5c2bb16;False;7d96bcb0-3f91-4b84-9eaa-36d8caa73a97;43363038044
05bf34c2-cf18-4b92-adbb-f66b1ec0462a;True;c5f0b38c-62bd-415e-9c86-61fc249d2aed;84526190168
2250c16d-e376-45ba-80c0-611fa57cf354;True;47a80bfc-38f9-43ac-828a-3a40b102def3;81861945377
1cdae99e-0ac6-4be4-bd19-ef6d6014bef4;True;c07da63d-4707-40a4-ab03-a7b4f7775248;84056844351
2d92d38a-b4a6-41b2-a9cc-ed4a0b53aa66;True;0921db0a-0bf7-4519-a4bd-55a9bd8a83d8;40212185460
2b918b9a-d37d-4a14-ad25-f8cc7b28644f;False;b01a2694-bfd6-4d35-9fda-6c5772f13f98;61764546477
fd5eb178-9d8a-4bf5-8913-5ec2b397bf30;True;7d60b568-9a17-40a9-ae51-cf4688321247;84780885262
5e6b31dc-992f-463c-b215-718951078063;False;117a5e44-3548-4cc2-90e1-620612b3c60b;19644645493
f6765eb6-3030-46e8-ae63-ab85b3700c66;True;a95511b3-063a-4ae4-8cdc-765ccf367d82;76453874592
1c820423-d41c-4b67-89b7-972ae026a82d;True;4623e8ff-c47a-494b-ab5e-1755cffc30d2;55189729232
10865bd2-d776-48b5-a710-f81398eb1c9c;True;32b92d8a-1fcc-4ae0-b8ed-9781742ffede;50365821801
1885bd26-7aee-45b5-8474-a62b08f579b4;False;583bbde3-3234-4ed2-9bc7-1a18c1f87e60;64873944835
887956a1-1ed0-4fe3-9ad6-fe6381ae03c4;True;16e5afa3-0ec0-471b-af80-fb5e2e83c87b;41846269258
a919a520-a7f0-42e8-8389-11c3c191c6cd;False;7373a279-5108-4fc1-b7c7-d73d601d3a8f;29843055803
be761a22-f2c4-483e-ae3b-1f6fcbad8558;True;cff4ab72-cbde-4362-997a-9178c551497f;10098607037
4dc72a7e-089f-402d-b066-856f1b538186;True;436f62b3-2a50-4fe5-a840-dea8d07f6a43;77934660010
cd47a047-9159-42e6-97ee-af122b6eece4;False;f80dd325-1ad8-496c-827e-b10da04bcbeb;62424366696
fb979d5c-979a-44e0-a55c-3a26c23270c8;True;d4c19a6b-e3f6-4c68-bc1a-bf893debb0a6;42882951386
5d777e8f-73a6-48ef-aa35-261a4e7b359a;True;7939f089-bddb-44f7-9ea8-add806aace8b;59036537711
a9d79a86-adae-4728-8fd2-581271f20487;True;4ea908d4-8945-4427-b30e-18856b2ad329;60772270598
59236302-0739-43e8-bcf3-bb93059da919;True;6def8b8b-89d4-4cf7-b32c-faf9553226ea;88802514898
39438df3-a0d9-4704-9197-b153a5b8de5e;False;68b38448-f66d-4dfc-b506-93581c2fc630;32276104632
c8aa66ae-06dd-4d08-85d1-a3927f338e28;False;c485b9c8-a63d-4171-a3e5-6fab1e4ee5de;56678565994
b902246d-1c5c-4e35-97e7-c3f8b22f9d01;True;9e107f6b-28f9-4e7a-b031-769cbf99c98f;19670687396
7e5457f0-e4a6-4fbe-bbb4-8ea3ea71677f;True;f78b8e78-6c22-4588-9cc9-0cac347fa306;14141007936
a4d2e3d3-493c-4bb0-a864-281fe2e2fd1d;False;9c7f468d-2769-4e22-a542-aa80452f1feb;31128926644
8652a835-35f2-4849-8368-635b83151546;False;554a8c2a-47cd-4f01-9ca7-9f8e72bd877b;19556893713
f184fa13-58ec-4bea-bf57-414c303e8216;True;faa900ab-3b94-4936-a1e3-011ab0ae3b47;64078043762
63f7969f-47ed-4537-87f2-65c2d3a39bbf;True;35f99758-135f-489e-98a1-e968e9cd1881;89523504648
5ab406fa-584b-4de4-af1d-7ed615dcfd41;True;230d17cf-7786-45fb-b9a0-d202c66db507;58920447666
de28e259-b579-4f38-ad70-766655f4f63f;True;2ccfa107-cd7c-45f8-85ca-03696f660864;60304450830
1d3b2dc9-0ed0-47cd-97e9-90c48e109552;False;7d220844-3f9b-4b36-adf3-e9ffb68900f9;60696994030
5d501478-7f88-4387-bbb2-9c86292d5663;False;68605ea4-0fe5-4037-8934-e47be617dab5;77934660010
90c99e45-e81e-472f-9a34-3ebe30f29020;True;3e3fa9ef-4a73-437b-b235-742ebd3b52b6;21279071229
8e432650-7431-4eab-9b98-a5277ea89a3b;False;22e48907-f243-4e37-916d-a65fd8953fab;19171290470
94170d6a-18fc-4eec-9136-091adb26c446;True;8a904187-c589-472d-b6ff-d7448d467d55;63313390729
3af52d44-6897-47ad-90c4-76068c6f0a53;False;f654ebac-0750-487a-b86b-f17a02970ad3;24434727833
71ca42cc-eaf4-493a-bd43-5fc6d2553140;False;5e6b9579-5848-4f7b-872a-052fb20b8ad4;20752561747
9333580b-ef3b-49c3-9af5-3faaec0b105a;False;3f34f611-e9a6-4bde-ac7d-a4d5505247bd;24039613364
1fdf5905-a0ec-44e5-97d9-5f64ad33e580;True;38c24ffa-79b2-4139-8a68-e624774749aa;32971850227
ddb806c1-c003-4f40-96ee-13258ad89471;False;d3959877-bf8a-44e2-ba05-8c2eb6897544;54201446232
3b8ab0a8-d766-4f97-bb49-eae6f348b30d;False;e833a24e-fb04-4969-b672-3aa9b65b2c56;95610624087
391d97f0-015c-4f36-9588-b9fac364bd2b;True;550451d7-c98e-4730-b55a-2af07216c4ca;75230464266
59cf9644-54f1-43d5-9831-0380869116e5;False;269faacd-287e-4fc9-8eda-51317e4f0320;42697030630
f9d7814d-d564-4bf9-af86-48fa9a2192d1;True;7c3ba72f-2571-42b4-9bc9-fff0b1dccbe4;22723392845
bb37a974-367b-4211-8518-1e28ad781b9d;True;88096de5-e8ad-44be-b2e3-77fc18403c65;36355403179
2c354c13-8cdc-4ccd-a9f5-b6a87f974404;False;e707eab4-2fb7-4af4-a7d1-59895c65fca2;50203939482
18d157d1-608a-4d90-93cd-7159cad2ebdd;True;991b602b-f8b5-4d3e-b43a-22415592449c;70015521409
85e77388-671e-4db7-af26-f9783f75efb2;False;3ed95241-e32f-49ec-b411-20796885ed05;34563841097
07d5139b-dc37-4a29-a056-b21a820ce988;False;ba32b4d6-3992-41c8-bc10-b18c648f4f21;99831606388
1db01f34-f0b6-40cd-a103-5525d5355965;True;d4b202d9-4699-4daa-9d3c-d8043e46dab8;77789396571
8f6901fc-0e8f-4f7d-aad6-966a3968bb28;True;80753e67-e20b-460a-a19c-50769381aefb;84675069827
fc0a371e-6498-416b-8179-0a7a27a4dbec;False;bc969ae6-80a0-48bd-a7c0-804e109ad2c1;11009017591
6c43c2eb-825b-4c8a-87f1-47b028afbf69;False;e79c0c94-9ea0-4aa2-89e1-35c710b2b6b3;54582904598
80d85c50-5763-4f16-b3e1-03412276b922;False;f5a25e66-6105-4ebd-aa12-f44748a31449;46700187536
f99b6f4b-961f-467b-8693-c5e5b4ad7316;True;3bbf5483-098e-4291-b9d5-8b726bd679b5;33105534955
32319d8c-d363-4725-b42b-8979878384ef;True;0524853f-9c33-4d26-9be7-f6d9a08b5e1f;95419027394
e0273c0d-0eff-4545-8afa-f30d5658a78e;False;c8b95fd2-a3c2-481f-832b-7cd760ce30b8;43363038044
bd7e41d1-18f1-4bc4-add7-fc29aec8f764;True;cce6f233-4b04-4ba3-b51b-562718745e41;71865444434
ea12b949-d63f-48ec-adad-afb53a14f71c;True;1f792ae6-908d-4de7-a15e-8e5e40de4e76;71786228376
95e09f5f-c2f8-41c7-b77e-c0c111f035ce;False;d9b1440c-a5f6-4669-ad60-828d939a3a61;36831346856
3256c911-4bdf-426e-bd4d-447b9661ad2f;False;2e711e32-ee9d-4db3-9a0f-b059691916a3;64078043762
a9e0e996-308d-44de-ad8b-528f8cfb7ccc;True;2f73049d-8fcf-4508-b69a-515cfcfe3e33;39599213739
c6657d55-5c97-4615-8972-46476afbb713;True;91cb3d2c-6bc8-4c83-9f0c-97cd9588cced;86426688011
a4149b5c-e012-4c66-9e8e-9fbb9614aec1;True;e0b5391c-48f1-42e7-a82b-90882516bae2;86033621233
eef15c3f-a27e-43fd-b1ea-2fd15a5329de;False;9fcfdd6a-193a-464f-8d3c-e88180ff6b4e;40159395927
6841aac8-e696-4901-a842-c54e9ca0473d;False;8cbd76dc-2d5c-435b-897e-43230eeab460;85843364296
9fd43776-ddbc-45fa-acae-cda69d387ef1;False;fb3afd6b-9041-4f00-b41f-409232f5e3d3;80882358884
273596bb-0de1-44a7-8a8c-10ff481ef580;True;4a59ca71-60aa-4f25-96a1-6a59f99e8b1f;70093573501
8b57089e-b49b-41b6-bd00-dde7cc3de1a9;True;941fef1c-39e5-42b9-849e-dc9c492450a2;84454286641
9cbf77cb-934f-4fb7-8157-0552f8a7f887;False;d1d4d2e0-df26-4507-9a24-9266d473a38c;26166173007
850700ae-b82c-4884-a247-038c577610c3;True;573f327e-48c6-4b60-b276-e1a983d4e80b;83420688170
6572fa5a-46be-4047-9ffd-9d8c03a0e311;True;8e913a34-d485-4a84-b0d2-33b85cee1a2c;16947281130
3da054fe-3740-418a-81e2-62b1d2fb9c74;False;d6a17c1c-f50c-47e3-acd2-7bc08fcc30b6;65573200054
bbf85445-a124-43c6-bbba-64f273ae54c2;True;4ec268cf-ab41-419b-adc7-77b1f2b27732;84553426909
15b09f36-0c1a-4236-bf69-9db90dc250f7;True;4265667c-3cd6-4c33-a65c-b4b77d87b8e5;68852657906
109cd37b-2a27-4fc8-b4e3-376fa0217fff;True;c946d3f3-9907-46d8-b383-c2f6f9ff3950;73522849965
095c6a72-2805-4cf7-99e5-b4b32059c262;False;8f489e81-af18-464c-94ab-797985b65435;92418079639
345b2966-2ccd-4451-a851-c8251c12d0c3;True;31b91104-0a4c-41ec-90e4-0bdb0093a6a0;90731462952
eb1719f6-584a-499c-9cfd-49c185b6b15e;True;5bf56aca-d4ef-4203-9ac8-963ba682eba0;73639948561
a5619af3-7e00-43cd-8010-527b2cc298e9;False;b9db6fdd-c059-4225-bb6f-88973e0341fa;96774831585
21848f55-4eae-43b2-826f-38728c856e5a;False;12de2dd8-1597-47e7-9d2a-2ace949f1bb0;46700187536
c9778256-a713-4939-a0cd-af920575f639;True;16f59022-fd1e-4a88-92f0-085952eda9d2;55118171551
9baae5bf-be4a-492f-a92f-0a9c60d126ff;False;799f60c6-d51e-49eb-b411-a74bdcf85aca;45387577050
721ba356-c182-4b64-aa11-33ebe959af6a;True;78a07500-002f-4511-8f3e-0a26581a8b3c;94282372477
d0ac8d87-ed40-4406-a9a8-444240b0d90b;True;19b0f51b-224a-4c85-b30c-56539d55a1c4;64409646919
14c396d4-0014-49c2-ac64-fa8b2c4c0c68;False;ac43ee66-50d1-40c1-be8f-75d45436e9ea;26866269084
70bb56be-614e-4ff1-8372-d2ccce70aaec;False;1456e804-ae64-4497-b702-f770560b1cc8;71589722038
0bd06e32-3094-411e-92e1-0ccf4af30353;False;03f3d8e3-acba-40f2-be80-d865c448d9b3;40159395927
bc76c58b-cd5c-42c9-8a0c-6d9a1e50e386;True;da27125c-97de-41e2-a3fc-2278fad16c9c;50984158243
e2c8560f-83b6-43e8-9c59-b6b799593dca;False;b5fdeda7-04c5-4ae0-a317-108aa3d1a39a;71844866992
28ecfdfd-4bd4-436d-b453-a3555b41a1d1;True;be4eafb2-5aed-48df-889c-afed5787f804;54904228671
91c9f291-3bb3-4fd8-88e7-63969e80526a;True;bf7dab74-5b13-4fd7-aded-d5b8b2a7d21b;32971850227
7c5d35ad-3c0f-443a-87c4-218f8a26ccff;False;32a23864-7182-439e-90c0-0192003f0523;92662286838
e6315735-22e9-4a96-ac54-1204ca75d867;False;1a5f5942-0688-4f62-9336-08900c439f11;25856280476
2fbdeac0-7c1d-40e2-9469-3018f678a0fe;True;aa211c4e-bfe7-4e3c-b64a-0267f64bb4bc;25695116650
ea5f5cbe-291d-4e76-8c68-4de621e50fee;False;3811914b-82ca-4ebf-9334-d11480fbc0f5;53491143125
89025099-36eb-4ebd-8aa7-ece78e433f9a;True;4cd0f8dc-3834-42e5-a75d-f6e4ea1dca9d;59992098362
94448bc6-00d8-4a26-a139-cdb122bdd8fd;True;06abbd8e-a3ae-4efe-808f-58ed4a948a1a;93469703880
cb39b64b-e1cd-44ce-a77e-9914cd18b0cd;True;45a272fe-b2a5-4dd3-9d52-c568aa15f085;62918683729
1b86c70a-fb8e-4f1a-9360-15ae0180287f;False;46f2de3c-d5f0-42b2-9649-2f023a978962;14702208159
1cfd4014-0eee-4d25-bd53-39758c6289fc;False;f7028d6d-d3cf-40d0-8042-b39b47067220;92905896880
1223fa4e-0476-4aff-b4e4-a5d9f8164c10;True;91daf595-f5bd-406f-9135-1d16441f6858;82928197318
0a648c10-5b29-47c7-b0df-a7c8e2c85a70;True;3ea4fb58-4142-49e7-b95d-094b383760fd;69278122301
f07348a4-2260-4795-abc7-b7ecf35c4c2c;False;ade4c8ae-c260-491d-a46a-5a59b86512f6;95814223187
bfb48026-c04c-464d-ad38-faadc50f78af;True;ab7bbe9c-1362-4df2-8e1f-3e9ca14b8f37;57273958656
e6ebd57f-9ff0-4804-b32f-0579c63c3ab4;True;99cc03e7-a761-4e73-a0d8-26cbc620ea8d;65287471873
5b26c5ee-d203-4d45-977f-20193fa9fd36;False;93b62309-e41d-4d5a-aed1-8531ca95149f;64730666581
976c2f4f-a875-42b6-a6fc-4fc1176d1f93;False;a8618c9d-cc6e-45d5-93c1-c71ce12dd505;94819840359
08d70118-697c-45ba-8b31-6927229b5ca7;True;7c0a1231-95ba-4090-970f-05bc4ca529e3;21796872782
40c851c0-fbfd-4048-9a28-cc106cf8a2b7;True;b45010df-bfd4-46f6-bcc4-17d9ae580573;93406054312
1633099f-9601-4107-a3fc-4b22a06afe10;True;69d4cad0-a8fa-456d-87db-ff3563230656;78941694885
283d4284-290f-4f91-91a5-9c231cf84a0e;False;1ba61ed8-910b-493d-bda4-b324c381569d;47008363496
aee82259-d807-4dba-b3e5-1b52b758753f;False;eb0facb5-eb86-4a90-9ec5-b3c952432cdc;60969795272
ad6fec45-7dde-4c66-8cd7-dce995391e1b;True;e8347f5c-71e8-431d-a2ea-557afff470c9;92135342025
171e3aef-ae84-41c5-bfe8-800fd3eb6ebb;False;90302770-aae4-4b91-9a4e-22d3136bde26;95813212196
64ea9730-d2f9-4303-9fb8-719c2fd27de2;False;d8037413-2b54-460c-a7fb-c3130f7161b0;95814223187
3fa9862d-346a-44ea-9282-7c982701feb0;True;ab0b5d95-5b32-410a-8877-419d094b872a;14504489833
cd8febb1-fb6d-4ca0-90d3-31b927565eea;True;00b36a5e-f975-4502-b63d-663e03102684;75216079315
49d28a75-6a60-4746-a295-637387645150;True;13ac528b-dfd4-4859-8226-8685bc4a13b1;13433494950
db83b1e9-23dd-4e84-b13e-068d2d60f522;False;eef1ad47-2add-4f2d-b583-8b89103e479a;32849366744
f05954e4-0b1e-40e3-aed7-1091b1884a95;False;52b1604e-0bd6-42fe-bb5d-e2d3ae47e42f;36355403179
030cffa5-6d5e-4a87-9768-5fdc7b5e3a21;False;15271328-25a1-4321-a260-b2b21fd9c44e;96553905246
e2f0dcc2-7eb1-4b98-b824-6f720816b2f4;False;c37af980-8172-4b52-a612-b9f469e0cecc;21796872782
80f733b9-0518-4e39-bccf-d6244572dff1;True;467cb95d-4829-4f04-88c2-b5035e318420;46833833207
535f43bb-be3d-429f-a301-8f038404cab5;False;f59387a0-dea1-457f-a9df-4ecb4b77ad00;77374909606
19725392-79ee-4f1d-bc70-f08899906d7d;False;c9ac1091-c4e5-4af2-911e-fe41e5c80ace;62424366696
477c18e4-be35-4cf1-ad6c-3be118b9d810;False;fd4743fe-94e2-4494-b321-7accec831a0b;45857906880
b694fd49-276b-4465-93e2-f3a8454f8408;False;22c2e5d7-57b3-42db-a6de-883e7a61eef6;14749580866
d9baa844-5f3c-47ad-939a-5cfc38665191;True;9a4b8af0-97b6-48c9-9bac-af7223e85a75;47703015042
b84e3c36-8bc0-4d5e-a5df-35ef8697ad8e;False;24cd47bc-0e73-49ad-8d17-158ba7f70320;19060073463
11d61360-41b2-4073-a368-5f13c67b9c44;True;280c1f16-2644-4464-abf6-a0f1ce1df96e;64632908478
d909a764-7a67-4223-818d-7a4d0c7c8d69;False;fdd42da6-9fb5-4a63-b5d3-453e2522785d;89866591362
1d7a0894-999d-4823-a39c-f14a79907fcc;False;a90e8453-9869-4daf-8be7-cfb90d559f5f;27134613086
67023c48-22f7-469a-ac34-053964eae58c;False;053625b6-aba3-4b32-a600-9e2462aaee97;17744656063
e3c03dc5-0ed1-43a0-bf72-153a30b69e54;True;805c10a9-9053-4b32-ac2c-36f9392d714d;61114163215
a07245ad-f3bc-4672-884b-46a547f902dd;False;c5bf8894-1ebd-4a4d-ad00-a8f29a23afc8;70193879498
c9d3ca32-cd0a-4aa4-90eb-89b6374b752f;True;7d171f70-86f0-4749-a3df-66ee5a5a3e6d;39784219503
7c3ab5b0-ebc9-4639-811d-0fe713a21930;False;d7b1ea2f-a3fd-482e-a895-b06c7fdc27ff;14905098530
b71125db-44b6-4a21-91be-624d823789d0;False;514d2527-6040-4c04-ae01-2a809570553f;32796709436
7ccc9402-84b4-4ba4-876d-862a2ec774ea;False;83abaee5-eae4-4cef-ac3c-d7195e0bea6f;71470216272
f05b23c1-f14d-4a2b-850d-3abf0bfd10eb;True;94a39801-9168-44aa-b07d-c28d6777ccae;65287471873
ef7d09f0-c9cb-4d61-b9a6-0332e34bcde0;False;dfdec9f4-541d-49ed-ba9f-c5347230d2e3;82299263882
352be7c0-8818-4ca2-9bb2-991653b969b6;True;cef805f1-5733-4dd1-9be7-19822fd29dd7;35954059575
3584e3da-4355-42ec-96b4-c9df81175911;False;1865c098-f126-48db-8e78-01ff3d9d04b7;14905098530
5b46f5c6-bebc-48ec-b140-c3a8367c477a;False;89eb21ae-0725-4d54-85ea-523a9668d60e;58864526215
434107be-5925-484e-ba3b-6e3bf2d3e767;True;b58530b9-f6d2-4cc3-8212-fd4ae7bc8798;29208166677
73d0e5fb-4823-4488-80d2-179a626ba8d3;True;407dcc93-8413-43ea-aa80-14cb88f9ceb7;31509984876
73b02134-46ef-4305-8b30-6f92dea7350d;True;9547cb8e-6d7a-4420-b642-7c958bf612e7;21605354973
f214ad55-d446-4a06-a160-82094602a2bd;False;267b404f-cb0a-48e0-849c-6e4cd24e17d0;69822123935
10b88b75-dce5-4fb4-9da7-2179af6f3961;True;62b3564c-dc23-4d1a-8930-e4d0ec319b58;92662286838
d6ea247b-c126-4cbb-89bc-6961407d6380;True;19dd491e-d5cf-4341-b16e-e937d95593e2;61530602444
fe8cc131-b0c0-4900-92de-62fa04e44a9b;False;101ec1af-21b3-482e-90cd-033868694479;56678565994
096cae81-bd6c-4d88-b173-f05d884e72b9;False;a8a7d5cc-e652-4732-b265-48edf2bb3df8;41185294028
9e50c063-a098-4300-9610-a8c707626a7a;True;b6059499-b41d-49b3-9c5f-6443d8ff309a;60987225416
7d8f1912-6ac0-4ed9-8ef5-a149c71823fa;True;b825d796-638f-4b43-92d8-7615178f5d39;53709291732
bd844333-04c3-4b2f-86f5-9b56affbacac;False;0435cca0-083d-4187-a648-d69d168b28f4;69832511776
65212b20-a3f8-4a83-a3ba-8d745216a231;True;0c4e3baf-d2f2-4d1b-9b9b-ea8290323c00;47178243061
59182b6b-b1c3-43e7-b919-32e2d27a5be8;True;fe2da1a6-2cb9-4e17-a59f-fe4b2cd1a2a1;94251116524
50205b5a-fe53-4b4f-9f2d-408aef9f969b;True;2ccbc948-dc1f-432c-8ce5-0e69ffbe9794;14504489833
796487e9-1466-4e67-b03b-1ac7601d9424;False;1038f02b-e398-4708-b867-f053fccf5161;75144588070
6149cd14-8cd6-4ab2-98a4-5e815244210e;True;e32a6ab8-67bb-4cd6-89cf-e87718ba6c84;56588318685
eb5ff37d-ee77-4fc8-bbe1-4664aa5244b4;False;0bb3b772-92a7-4997-9189-f310f1deaa8d;82928197318
ab6de4da-2188-434d-ae05-5ccb2ba13995;True;1293d489-eecf-416d-921c-39ef06247695;15442892385
62df43ed-4add-48c5-8918-a7f19ffbe776;True;195140f9-f422-4266-84d6-cfe5293e75e5;83456169779
9b8a1379-c76a-4f46-b6e6-d76b7f492786;False;3de70950-ee17-4001-a28a-9c9393008f00;52001185768
13b840e3-94fd-4062-b345-35809eec597b;False;647e5a07-6052-455c-83e6-2944198ab817;32331566730
dc54b908-e6f1-440d-a979-80ee79e837b2;False;b7047938-9b7e-4d4b-9db5-16ec3adb1902;22286399374
b520936c-f1e5-42bc-be89-d787c8c7cd4e;False;c3e5eb35-c716-40f4-a784-a8b5950b4811;93734982215
abcae502-ab4d-4922-93e8-b9a248e6afea;False;ac31cbdf-029d-4f13-8118-b22ef4b17a57;97610836195
d8eb4f0f-65a1-42dd-89ab-871f7658a80d;False;7596b2b0-5242-48a6-973e-112efdeae008;61881013230
c8b136b2-4ac8-4da2-a349-fa466403dfe7;False;d25ef297-cbf1-4da2-b1d0-6a5dac3e98bd;20701224856
925263a0-becf-49d9-bc0c-ba3f579dcf26;True;aaad74cc-9beb-496b-9cd8-58a1374c6441;78344844352
e02a8831-21a5-4bff-a5e5-57c752021f0a;False;6c1bc2a0-2c1d-4cea-8076-23fd22da257d;76874372819
d54172d2-5d6b-4bbd-8a50-b0e7c16036a2;False;2d427774-a6b9-4685-8e58-3c09dffb0ba1;73522849965
b85a4269-a437-402f-b778-9944184eb2a4;True;364fa473-fc8c-4490-91a7-e8b0d0f91b14;92021030000
c380f902-1293-4680-bf8d-52ae61b26d64;False;5ff58f30-0955-4254-8736-12d5dcba9bca;35698256241
8c172149-9b7d-4d8e-80ff-1d553010b9dd;False;1a06f25c-12dd-44c9-bf29-3b951b3ec27a;22222477750
a40660fb-ae32-4d75-952f-04f02a66c94e;False;75f2adad-a4af-4cef-b016-e677af1e0b6a;35205049004
045447d5-1d16-4475-933a-390f9533ac0a;False;d98712fd-a541-4e32-a918-bb2419371f77;98783362268
fc050f77-2946-4614-9b2f-7474e19f28bb;False;48d7d4dd-fd08-400d-8169-a8a5d3c8ee44;11395010717
faee0f0e-8d4d-4c64-b84e-ed1a0b2b1e17;True;b94c32d5-8537-41c5-b35f-72773fb1c4d3;14801106989
8039085b-33fc-4703-8e61-f952e2122b8e;False;d493d6c1-c507-4a59-a8fa-e122fffe1e47;82520130268
169f79f2-b8cc-4444-b39e-97293c6d7383;False;4a81039d-9a2a-4b31-9471-1f3b38664fde;56493495466
c3ded437-ec6d-4d91-85c2-b96a19d7ec19;True;b3f7442d-35c5-4eb0-8725-66edc3b182d8;58124004062
897b89be-6804-424f-8016-188881f7dcac;True;4bdce214-51a0-4fea-8004-dca539ec7cce;95419027394
af551c5c-9cfa-473d-a956-0fcd637412da;False;6435b8e3-5daa-4ab8-b2fb-54ed7c3e5cba;28916805985
bf60f15f-17a7-4606-9bb4-2f3fe9d964b8;True;092e4471-a89f-4151-a3cc-466cee1b15cf;95498359836
c0aaf552-72e0-4672-ab5d-75ba1959182a;False;92c49a56-380a-403a-a1d5-10b0879cebe9;81736099747
76c07a90-fa85-4a35-8d65-643ea0c96ac5;False;172e6a6f-4f8c-4b18-b53c-a64dffbc0c4f;44715504107
83a0a4d9-b2eb-4190-81dc-36205c58df1b;False;86eb677d-07d0-4bb9-9ccd-86ae3fcea1f3;20292395377
c103669d-2ad2-42cb-ace7-ddb742785dc1;True;b3b869e8-4c6f-4264-bab4-4006dede3034;71589722038
7f690e1a-e401-44c0-8b08-34121e5531a8;True;ed4840a0-773e-480d-9d3f-d1187413f00f;59460490476
1f576bcd-b6ef-479c-9f18-b0118207c9fd;True;e09aa0d0-9987-4578-8df8-51e1a2bc2085;67592228990
89b0e9d2-792e-4ce7-9fa9-cb03f95987d8;False;152935dd-5d37-48e9-af9e-ac56aba95f56;54077098385
fd8d09d4-51a4-4867-9a67-f4f4a3085be2;True;f9738c1a-755a-41bc-839c-e81351e341e3;91644658169
fb2c53bf-22ac-41a3-a79a-0003ba3c5e62;True;54c6f238-4d36-41df-9adc-982c42675947;68328247927
bc86d205-5f74-4600-a4f4-ff132e6ba638;False;b114c055-52f8-40a2-abaa-2e4772e06a00;40226876209
3c8cc4b8-e20d-4306-bb6e-021affdf7647;True;eca62ec6-a03b-4572-b330-4cb70d11cd8d;53885972389
e1027e3d-946f-4aef-9224-55e7be100450;False;6e6e66a1-2610-4e4b-a8e7-aae8bb0218c7;14151543708
2d5cafeb-366e-448d-861f-e53a482a2df4;True;2d53b32c-65b5-4f73-a929-94140f788ad7;95410043020
df9a5dfa-d893-4703-bca3-a316e2e47fb5;True;399712b5-5cb2-4886-aef8-53440c10d0d7;80994861382
41870a0f-3b01-4bd8-bd2b-863d03bd1c3d;False;f4498730-d19f-42d1-833f-cfe9e91b0a8e;13631098693
3fb07652-0987-41f4-a123-dd5f01b5b28d;False;e198a7f7-060d-4825-89c8-00eeb8e2c9a2;26902717690
2cc30dd1-5408-4c7c-b808-c6ba58dd7481;True;bd83d1e5-9f32-41d2-9dc9-95a6c932abf1;88203680620
491dca27-d28c-4c85-a6f8-e9db1c77ebcd;True;731188ef-f7a9-4265-9a22-062668c733b4;54379115955
b920ef82-0e55-4f20-b2af-9dccc86a7fb9;False;f51adbaa-97bc-4ea8-9c09-8410e624f916;96209851417
fe19d112-f5d2-4ff5-9245-cff349037fff;True;222e4e65-57fd-4d2a-a835-9dc6d54bc4da;70084840111
3553ccd7-56ff-4039-ab49-8b46b60bd29e;False;26930cb5-87cd-4651-b850-37738a4a658b;73607703705
c92fa2b7-367b-4331-bb72-00e244a0080a;True;d70efe2d-5acd-46f7-b061-17a7f26b541a;10733391781
4833fbf0-4a53-49fd-be89-c4df26ad3636;True;e8228d8c-c0d2-4fc9-a19e-42d3be138be2;70448041466
13b770df-6b8b-498a-a1bd-62fe1d6eb531;True;d26cba59-42f2-450f-8518-87cb07581a0a;32437767007
a16c274c-82bf-4e5e-9e43-f20ece8ba2e6;True;5a42c61d-3880-4c59-b91c-3ca882a58c17;59506107920
20a2303e-081e-4d57-9158-31b4efc3484b;False;6982c7aa-bc0d-4b97-90e8-e84fde01875c;49119312724
dcf1b58f-5ee2-465e-bf01-4a086f73f5a1;True;dab69042-e358-4f0b-9f59-a34aa1a61038;77177376914
cd13ea61-9198-49ed-ae16-ba63270d2fc1;False;cad58f17-9de1-4a80-8176-600329c5d994;16822099765
2a624f20-7d34-4185-bc2b-272d0b656e97;True;5a842c04-f5a8-4b62-818f-d30526d04235;35698256241
d748067d-15c6-4f03-99a2-8453c78feabe;True;03481367-6497-4230-8f9c-f587a2c9e79f;40987458292
f7accc5d-caf8-4f8f-bf08-d232fc455f46;False;475762bf-0deb-4583-a36f-4abc5e58da38;56077753376
b61fdf11-ebd1-4171-bfa0-ef25da9450f4;True;b9239d80-08c6-4584-82ae-8cf3edca7bdd;82585390349
44101ea9-47cc-47d7-9b49-b74c9c73ed13;False;a0bad71b-1fa7-4b03-a7d4-269086b29297;39267964803
518bec35-9348-49c0-a500-96030292294f;False;2fcb1775-8bda-47cb-90de-b4fe792420ca;89237722985
8a90e832-aeb6-425a-9f07-7d460c38cbf3;True;5024cdf2-851f-4809-8811-a67f741e2a40;73160723276
f2362746-61a5-41ac-b936-c71a2b8371b7;False;c7d691e4-21a3-4919-a921-2696515794d1;83046888699
d70fdf26-df3e-4ea0-abc3-8c270c329d92;False;10229a24-447e-4a16-bcd4-e7611c351ec5;80971085039
0ce3a175-5fc6-4979-b81e-fa8a82509022;False;4f28794e-8dd3-4660-8509-46389fb9b173;14151543708
95b902b3-14a3-4ee3-9069-c359889a643d;True;851a3e73-3664-451b-9647-c7dce07ea765;23929090511
84c7ca6a-ec81-4b22-adde-9a45b380a412;False;5c6ef4a2-748b-4e0e-8262-19322b788b68;84056844351
c6a5dac4-686e-4bcf-b7a0-5f45e45ec733;True;4572a2d2-75b8-4daf-85cb-060497f6baf6;12732215536
3a5f0949-6de5-4406-a139-64891fd256a5;True;6fb4d47f-de99-4993-8382-abbaff3d3480;37839831251
4fefa84b-65a0-48ce-a0d3-b2ec5230bf75;True;eeb615d6-66f3-455e-b6cf-1814effcccb6;14801106989
662b5b06-6d60-403e-a9fa-ca01e19c63e5;True;032fbfa0-5f40-4ba6-a1f2-8853b9276dbb;69793040290
baa1a39a-8a21-4059-ac2b-dd810241c9a8;False;65d7bc10-6be7-4522-8953-0f572a6754bd;72927736370
90c0abca-f1ba-4d97-ad7b-32c81327b861;False;bb14ac95-c9ac-46b1-9a2d-b23ac4ff6e1c;40212185460
55d66732-3e21-46b5-b359-10b6d4fbd50c;True;676ccb70-d7f2-45b3-8ad1-3547c720e338;69975245283
904965b1-42c6-415b-8e63-066f18a17025;True;974872bd-4266-4eb0-9860-fdbb349da609;37066830289
1a9bcc07-c133-42d0-be1d-ebd172e0e0cf;True;fa8ffaa1-64b9-4ebc-9bc2-b02cb9b78de3;56077753376
d6375eab-89e2-4c94-a022-9548f3b2f267;True;141d34e5-bdf5-40b4-a95a-ab665fdc2001;99684896216
101098ab-40a5-4959-8549-ab5b7bb7a33d;False;e98f8135-7350-41b7-bc56-c22a749ae53d;57153019935
c77b1f91-cfd6-4a03-89fb-92d54f136ca5;False;3140a509-8ca3-4dd6-a385-1beeb3558892;93879834297
ceecd484-9c0c-40be-8111-a3f8e0cd6e8a;True;e19b18a5-e4a6-470a-a81b-4b404f42c87d;45857906880
2d8d88cf-5493-4432-bdba-dbcf119b5e21;False;8b914b35-1ce9-4ab7-bf3d-0afee988e4c8;71125963411
ff622567-ab83-41f2-aefa-a39ae7600d1c;False;282c97af-c84f-48f8-abcd-0ec538104235;80994861382
9fd67d45-16ae-436a-9f95-84b7dacc8b6a;False;b2ad0ef4-cceb-48e0-92d7-0863f8bfbce0;59248329465
e29a851a-d574-4970-bca3-2e9a790c6b23;False;efd7cde6-8732-42cd-998e-7345daca41a5;60987225416
b4cd5243-7ec1-4f4a-aa2b-ed0ffd5d3bf6;False;9fca45cd-b4c7-4e0e-ad14-82679921a747;84780885262
4bc0613d-999b-4b58-aa58-23895fd6054b;False;188d21fb-dd0d-4aed-a79a-254e06605893;93781767757
94cff740-e297-46f7-a525-a0afb4d83948;True;6a60438a-d0c3-4acd-a0d2-205d64529a68;86291986866
f12eb584-e920-4a6d-81be-1d8ac6fad36e;False;00c01e0d-98f6-4b8d-b449-f8eb62901ce9;98653202869
88ecd7f3-b4a6-407d-9598-f17aae30c5aa;False;63214e8e-4290-464d-b6d9-4d47f8c1106b;36785340546
bd47806f-dee6-45f4-9e3d-98f78fbb39b8;False;852dd8f1-ba80-403a-a9e1-044d2c22c8a7;49254786705
6a007ae2-5c90-4084-819c-b9309f42c471;True;a5b42eb5-f568-4f26-a9a3-c5ffe1086ccc;58864526215
6bd7e49d-042a-4ce9-b8a1-993792e311e2;True;f239c5ba-60fc-4a00-a879-eeb46abf067d;49689761264
e0496919-7e11-4fdc-9538-e40567ad1be0;False;cf892364-e1df-481a-a199-842b94718450;47178243061
aa136231-f4eb-42b5-9426-6ddc5b3d4fde;True;c345be54-4e96-479a-9765-de93645a2bfb;78941694885
348f1738-cb11-4a5d-8ff4-9b66388ea70e;True;969118b4-2bd7-4e67-bdcd-e76bdf1473d8;82864866651
b717ab00-8619-4fce-970c-b68b1746f4cd;False;12da6101-73a2-4569-99e6-a4b62926d44a;47614349771
39f58072-836a-4f33-8059-e686842e46e6;False;bea0ebc1-01bb-4702-afae-408b39ca3ab9;89841430554
a0b1351f-9540-41af-8aed-aba49e5c2290;False;ea45b7f4-7d40-4b69-ad4a-1ea07065bbe5;61764546477
16f846aa-05b7-4c07-8b33-435bce8b02ea;False;a6a525be-1346-4947-84c3-7f212e292214;29528077081
57f9aabe-5c2d-48e9-8a03-f29a5de884ea;True;7dba1ddd-aa6a-4729-96c7-7f7fc3640d63;56493495466
dc37b280-bcc4-4bbc-92dc-2e2feaccfa3a;True;0f032ee9-86db-4f82-9fce-4667d2bfb1da;71618746236
6a244e0d-6dfb-443c-97cd-f3606f911bd8;True;fdf7b564-6530-4d95-a151-cdc1c6260998;61301806828
9fbfd774-dfc5-4321-b858-2248b8e9643e;True;1bc6688a-d8d9-4037-afcd-4e337fec29c5;81726614128
89518241-0b0f-4954-ac82-7d34f5f12de8;False;19d45d05-8648-403f-b77b-48d77ed8347a;78344844352
5ad61313-03a1-49bd-9a7a-adaa1c34a6e5;True;09be34e1-23b9-45e7-8a29-413c7b682e6c;29783168907
cdf7b22c-9327-484c-81c2-a4447e287079;True;83e00a69-436a-4374-b33f-fcee247794a6;94278264818
b404f5f3-c4f4-4a08-8f22-132207d5536f;True;b8be890f-5d08-40b6-864b-90d5281c714d;93469703880
0f1da6b7-fa4c-4b6d-ac57-8b5d7e9a44db;True;cfebfcf9-5e60-4457-91d6-256102484b41;61532810859
46408ac1-1f72-44fa-a5cd-bbd6954ed691;True;0d389507-11d4-4541-a48a-e30cc2870023;89203527022
f59b9b32-6c7f-404f-9975-94c5b62b6fcf;False;73182af4-0782-443f-a394-2b167fe0a80a;82242433342
82a6ed69-c663-41f6-b13c-14d22df26c0e;True;f59a82d5-0553-400e-b65e-298153f30da1;28062662840
6ad1d142-ed84-45c1-a95e-0c0b35969b3a;False;8cc40045-5fa6-4e68-8939-87b24672e281;61530602444
b6e9b0b8-f062-49ca-a810-317dfb63fbaa;False;9e443dbc-acab-480b-b201-47b740171a4b;38345807260
9b58abcc-3b49-4594-ba04-590ea2fd8c4b;False;5561ef11-1cfa-4e9b-bf90-7a2df87bdc6b;67332441367
4a5a177a-fa68-4625-a100-0b57c8250f92;False;f5377e3d-0a49-491d-a6f3-49e2cb9ae746;49826889609
c6c2d504-c4f9-4525-b95b-6a2ab5c5e85d;True;fecce630-8de2-4388-8094-e3409654c13c;41147931305
3cc80922-d5c5-476c-93fa-3ac896a158a4;False;a5310328-8c7c-402b-b0e0-54270215e167;92021030000
dfbfbb2a-1ce9-4c17-9243-256a6fe7a839;False;3cf594a6-dcce-46b6-9d7d-3db087c8869d;79816695450
9fa932ab-c002-4060-93e3-5a1563c6d342;True;eeea727e-5511-42f6-9275-8d65984a458b;94282372477
e23fbecb-d1fc-4776-8d7e-e0e5bf29ba9f;False;211e6066-47a9-483b-8dac-fab1b3bded27;71516021397
fc9ece5d-6aae-47b1-8689-bf0c2c0306f6;False;714578e8-c6b6-4ea8-99a1-aec1ca7f704b;44877859647
6e266a44-fbbb-47c4-aa4f-20614bb601e3;False;cbe63d55-e5f5-41e6-9a3a-670fd75c9052;58993800848
abd31c6b-fbce-443a-bfa4-789c64a3f2b6;True;abb451a1-7970-43e8-aea8-bc335d1ec492;93406054312
355869ff-6d1b-4422-85c3-7a6d7a046552;False;de8e1561-5d3f-4f9f-9e7f-977cc6dfbb28;69664954259
df63885c-5605-4c30-9aa0-ffcd7c2c8862;False;ecc521f8-60ca-48d2-bd59-b7df029d078a;12732215536
6b4cc60e-31e9-4bf6-b8e9-aa5b4aff217d;True;ad89a93e-fcda-4347-bf0e-747abb60bb65;77935813008
f9c53f48-b299-49dc-bc33-5e2cb2c83887;True;f2e47c4f-3ca0-4492-a976-8c03b6eded99;66363675184
eb3e7e6a-acce-48ac-b30a-d830c8f0a39d;False;33649a6a-a1f8-49ae-8ef5-1c91e4c275a7;42802766352
06023bba-2079-4700-b25b-4d2c06610fcc;False;f807fe97-ffe3-4241-a38f-4922b54563a9;66180665722
bc836f27-e46e-416c-9ebd-15cc0df1c5b9;False;7b47210e-0565-47f4-94c1-8791e02550c9;28069691802
8d0db41f-d42b-4897-91f3-7d023184f9bb;False;6cadab23-ffda-4b22-a802-bbaeac0f6453;55118171551
bdfa7237-bdce-4448-8cb0-a781ee2474ac;True;d931f890-c362-471a-aa64-ac3278231569;64078043762
06ddb5d0-7981-4962-8475-26f28c649dc0;False;708779af-6b47-44b6-b354-7b3b85b20c96;65313874553
dd1b2b78-b6f5-4e44-aa74-a2d45c9655b5;False;61a2b866-e5ab-4a47-8f4b-b9b2459ab766;65797460832
4321718d-0dc7-4e11-a9f2-52c37a468709;True;d7265f43-bf4b-4fda-b09c-a09653817ee7;36898494191
0ca90cd0-35b4-4fb3-a411-68bf5bdeecad;False;f254983d-5221-4096-8dae-401caa369762;84390074233
765d2480-192e-4b5f-8619-f44e94a87e68;True;da1d1734-fe98-4b57-a797-a76a07a6f798;76969918379
063d0aae-046a-4261-a327-efdfa8bfa4e3;False;610f73b8-5466-4e2b-b4c4-88cde3b00369;84309719035
5047952b-6b35-45b7-bcb4-126dd5fdae26;False;8e423b14-031e-4832-a57f-e87bd4fe0528;92135342025
7e0156d2-b2d5-48d1-ad10-38d93226002b;True;d762902f-f88b-4a76-a226-80e8be92987c;11019291887
bde292f0-64d4-40c2-97e5-bffc8492f623;True;2b4f8ab2-aa7f-4daa-a708-46ef6ae29c71;66180665722
3f5bf50c-96bb-4da0-9408-fb3b1f83657f;False;938a192c-a753-4c55-98cd-e107f4e78f97;90464676637
b6a544cc-e2dc-4374-9b85-6dd60bc869ba;False;8a66ddd1-a7bc-4e1a-b0cb-644e2e02d59a;53993804089
f4d13e73-9921-4ed7-912d-5ec6647d069f;False;01d00b85-e0b4-4e1a-80cd-9e673630849f;21279071229
bd7364a7-8baf-4285-8d63-ac7f52a7956d;True;bf2d2a8e-54f2-4ac4-b9f2-771b9bede2f9;97273870836
eb6f09cb-68c6-4c94-87e7-d9ab54cf6627;True;4a58ade9-7530-4fdd-b8b6-37765ee5a081;84309719035
51cd6fca-040d-43d4-b0b3-7c985f2f39fd;False;ab9881ec-e3f3-4837-b5d5-a599d5d2fa1e;84056844351
00243586-1b00-4d6b-8e43-4fe1a87aa92f;False;40348990-845d-4cf2-b22e-4efebb8d3e8f;27855652487
e561b34b-50a8-4de6-b757-38d6b32db8dd;True;baa3911f-13f9-40d2-8523-081d1eaa4c84;49644692580
39bc5360-e5ab-4313-a999-e364fb42d9fa;True;5691cb8c-f780-49ea-a523-39fdc2850ba1;33655685840
2d08e00f-25d7-4bf1-82ab-d5515249903d;True;61ae483e-6bea-4297-90da-e4ce93db2315;33874796534
db4f64dc-4684-4c5a-a510-245b27c46cdf;False;f58adf7e-93d9-40a2-b1b5-477eebeae9b5;49642881478
cec43e67-c487-46d0-8af0-688aef9a43aa;True;381a6df3-b717-4bcb-bf15-cc9565f81d6b;66363675184
34a356d8-3b62-4701-a274-8d7f8be6533b;True;8374b81b-b5ef-48a0-93d8-b2f9e9dbf3d4;53491143125
7af7c124-8d60-480b-8502-ee5b62ec9f0d;True;e60b85d3-d359-4430-9055-e6ce9693ed75;17279975423
6230015a-b2cb-4a37-a47b-644be48ecb90;False;69346f60-f9f9-431e-bf6d-9fb9874c6170;51080861545
307ff386-b1bb-4d44-a695-c344657be510;False;b39022c7-f073-416e-86de-6c29812e1cff;88748143009
e3cb0979-62cd-4422-926a-5f7d2f9c5578;True;e9ffac8d-8690-49f7-aa56-02ed2bc25622;99565087861
e494b365-872f-4746-974c-3ec63a9f1311;False;cf8b8fee-9fbb-4b5b-86f3-e545f164ebbe;11371326383
d95aafe8-c10e-49f5-a4cd-c45a029933e3;True;92e3425c-3214-4e25-9a0e-bcd9357bda7e;61152711933
b9f755bc-7f78-41c6-9cb2-93bc19a8ccde;False;6280dd3c-d854-4a42-821a-f8d67e1cdad6;71065757001
9a79f8c0-7a94-4d0c-b9e2-80c363518641;True;039887a2-9349-4cec-9ba1-0e301bd0d390;54342644034
7ace1b1f-0a75-44cb-9b49-58cf0effa39a;True;40503daf-0fc9-4301-939f-ad809f93b992;34848762378
7e2f4edf-1920-4de1-a835-c71a834dd56b;True;ceef5070-29b7-41ea-8050-18360e708d52;92418079639
7bb92668-5be9-4d3b-ba51-239b978d9f07;False;4c4d6fa9-f24f-490b-9669-5bed35363e7a;49689761264
4afbaa48-f92d-4189-a23a-167b9f3ac7d8;True;7f33a879-5a50-4a38-b104-4eebdbdf0ea0;38972504942
70b95335-3c21-4bda-a025-70d1fcdc49e5;False;0aabe6e0-2752-4f38-bb11-1bea325160b0;33503487454
2c65f803-518d-4270-a743-574283171fc6;True;a0c6a0a9-c49c-4029-9d5e-610da3193934;64586937469
52afee24-29af-4009-b2b4-9b0f125c755d;True;356d1696-4503-4f37-9316-43569d8d779d;21849986497
dd801146-6c29-4549-951c-c726fb446051;False;27195883-af3f-46bc-9179-2eafbe953ac2;30537226860
876c66c4-bf2d-4c67-a53f-9b51aae423fb;True;c2a33b0b-fea3-4370-88b7-387fc5dd83a9;23605931988
1cc1ccb0-c4d8-48ab-abb0-e24103cdec02;False;12c323dd-6651-419e-a78c-1c8cb3ce8cf4;73639948561
86d0bdda-8c40-4782-99fe-eec5e8e6b070;False;b8f40c21-9a18-40e0-9780-8a59dac1684c;45387577050
f602ce2a-c725-4fa4-9158-01770189ca49;False;2a8e9211-82bd-4c12-a355-a1cebcd4b174;39096778351
b72b8e5e-04b5-4e88-a1de-06c250ebbe29;True;ba1e1099-b3ad-4045-b93b-cbf037e23695;35698256241
5a84cd93-26e6-4943-bea5-ade29e89ddd0;False;ada4f30a-0290-45d8-ab67-d6060262492b;40159395927
7eca5b41-cc72-458b-838a-ecf999f1dc02;False;63999789-35f9-4a41-a4e4-ad674c2b9fea;78745515160
30395005-7d9d-4f77-b4e8-6597296cbc59;True;5cf4343e-11ba-49be-bc84-69ddb41bfd53;66169080186
6ff31c54-77e6-475e-8f15-375d025b3603;False;100ab49c-d87b-47a0-ab6b-4b9ce3e5414e;96418614047
6e698a61-59b4-4292-99b0-5760a1a31790;True;5dbce05d-77ec-4f36-8ddf-4fe43d2fa3ee;69246165109
e3525e37-6ae8-46aa-a4c5-aebb24fc8a6d;True;1bc1d9e9-5805-4832-b3f0-74625d1eaedf;83815919736
dcef4f57-5c76-4654-8280-39d0cab78504;False;9ec543a9-57ec-45fb-a58e-b4b4dc34802b;27855652487
e263be93-a3a7-4ab7-92c3-e30bcb4de6db;False;9b58e1d0-6f64-4f33-bf82-7be695336640;31627876672
f876c64e-a22c-470e-bd2c-5a9d9e015d1f;True;7c6bbf7b-a6b2-4760-919b-3ff2f0858244;48679785606
14f99b65-40d1-4a48-b406-dc9d1ef1193d;True;41d170f4-1634-464a-a90a-ad8f643a943b;58687052220
7e155f66-b979-4f75-97f6-bcf603e877ab;True;43f0cdb5-25e6-44bc-82e8-1dc3b9d4946e;36785340546
e4bb7aaa-55b7-4b44-9367-a0189e07ff25;False;5a193907-c654-4b45-a5d7-abb6cfff21e5;21385762382
e40f0ad1-5a89-491e-9d19-e43b5ed4acea;True;d3c45986-f847-4dfb-87e2-e7d99a738eb7;92662286838
e20cee54-39cf-4136-86d5-2b14357987d8;False;aa8b51be-a2fa-4f5b-9c52-230f21187d24;57559446236
f7020ec0-a642-45a8-ab18-a0db1724315b;False;19d5c147-4670-473f-a226-6b449c4b2b0d;19502584524
2569b1f4-bab8-440b-b9cb-af4545e64146;False;10c5d5c3-ff41-457d-ad30-a9e6c4ee5c58;16947281130
1bae97a9-3237-433b-9314-9068f103dc04;False;9ca2da40-d2d4-426b-9713-d009d70d38b4;46286987383
677e5f0c-54ce-4812-8cbc-6916a685f7c4;False;40254a11-bd42-4f64-a1c6-19e41a4dbae0;35954059575
c488df04-b3d2-41a7-b084-30fe1d0cd4ab;False;7f985888-aeaf-49a8-89d6-0eff9ead50a3;68687396968
0517f863-15ae-457d-8845-76d9b8649038;True;5e656b5f-9561-491e-9447-2b10acd07d76;77297532133
59daad1b-48f4-4c59-9add-80c69f26fd97;False;0a7c5024-5f48-4ec5-9438-42a9320b7f5a;89108584278
9b324b22-33cc-40e6-9aca-eecca3392d85;True;8e21faa8-7cbc-47f3-aafd-2d37eb4c3f61;42882951386
f4d66b93-2a7d-46e9-9e58-78ed6a8709df;False;9a7eed7d-a784-4b4c-ae81-654be5b7e36a;58124004062
fcc3c8a3-4ae4-493c-abd5-8e7120e3a403;True;e27ae237-76c0-4dd4-8d1f-2d5a9aab2adc;17137280212
82572834-50f3-4320-9a28-493f098f2108;False;30b4276d-d640-4a51-81b3-aec8f4c7c55b;65797460832
4360ff0d-70fa-4e00-94a3-5d6d42701363;True;d4fb3333-e9b4-41ea-8d96-dfb86ffdafbd;86863709330
622645cb-7634-435a-9ab2-d5d8af5ad8cb;True;a681b989-c083-4145-b876-2b86cacb23ff;78756896019
c40a70f3-1d6c-4601-b820-6ce48eb74ece;False;45c262d2-7f31-4406-b443-333b75132977;36831346856
15f71714-0523-4fb9-9cb3-a6b88502d43e;False;654ec071-9828-4970-9221-ae0f0b663d60;43493633353
e5c3a2a1-82b9-4516-90c6-910d693d54a1;True;a991d345-474e-4e26-8dc3-3b256bbf387f;42256122306
dd8a44b4-e5f7-4a90-b1ac-1d1a9a34bb70;True;2d4baaf4-9ac8-46d3-9b29-d36b794d2c18;40612829723
d9a52b64-ebb3-417a-a7d6-2238e1eead38;False;20e8b03d-9d29-43e9-918a-72be87922a2d;67173781154
9546602b-f37e-4090-8091-3cd1f04f56a7;False;8cca40c4-0897-4d65-8020-59d56234f0eb;96340530815
66137eff-3c46-41dc-8ca2-3832a5c46e1f;False;79095078-d6f7-419c-ae89-247a9a11db45;20967616304
9328c689-5e67-429f-9b37-004f68cf4fa8;False;bd0f4701-7b40-41ec-b718-2e4b8769defe;17874924457
e6051990-6381-46c2-b753-67417a397f56;True;45fad310-7617-4360-a2cb-0b7ea288a9f0;10856024683
78e67464-de6a-46df-b6f8-e189f4cc57fb;True;8c8bb19f-bbb1-4ccc-ba22-626d2da22d0a;67085271771
9c1c5ea2-dc62-4b90-a2c6-ef8d5bc1d331;True;7eacdbcd-4a4e-455c-b80e-5a5808a9ad8f;57559446236
ab45a66f-9873-4997-897e-1ce41817de1c;False;1c39758c-8f19-4cbb-9c6f-043e97d9b0aa;41734500804
cad23e8c-8d9e-4b6e-b22e-5498cca339e9;False;b3642f34-03c8-4bd1-845e-1e8b364b129b;54475715306
cfa599d0-4a20-4317-9547-8487d3b58ab7;False;a1880196-b103-47f0-a7cc-c408032c353a;70084840111
6b3c7c0c-a270-48c9-a3f4-4b42d937c445;True;df2ac165-6d3d-4d97-b613-4ccc373bc2e6;10098607037
c75f6729-fff8-44f4-bc6b-1570c95df70d;False;c3097d59-ab5b-4624-be7e-4a4065f72bfe;57153019935
d831fce6-2617-4fb7-8ed2-98f65f9e8837;True;59fea552-c8ca-4ac9-ab34-f70f92051f06;88030905185
8c38a36d-6b45-4606-9c01-1c217afa6341;True;5d684fe3-5dc5-4094-9cea-247ef8a0ae53;19709021705
789b7646-6def-4a49-99d6-cfd112a38ab9;False;74f2e1e9-291a-4094-89be-92a45a456dbe;14728216458
5fa48f06-4048-4e3a-93e5-3f541c0d996d;True;98b1ef66-e4aa-465b-bcdf-b9a94ad23d6a;34374030966
404810d2-55e1-49aa-8505-66021da6d0cc;False;21e0cc29-9a4a-4fb9-9392-9822f9f545a2;52073535364
a47a4af5-24c0-4add-b99b-df5e36cc457d;False;f0241fe1-aa37-4dcd-8c3a-65d28b455e9f;19389872333
75d5b04a-59bf-431a-a4bf-600a023b1cf6;True;2f51e8d1-baf2-4e14-a7bf-0cfdf6b13187;20110775875
efe02839-e751-47ca-97b1-93949cd4bcb2;False;55bfda79-38e0-48ca-a875-e0b2dab0ebc3;76540618518
4bfab320-97ab-46c3-b1e2-5e0820049f9f;True;563f02ac-b0ab-455a-b07c-a7137a383f36;68354545025
d3cc2e56-45c5-493e-b601-f3043efa6625;False;d3663cc3-e95d-4b4d-9d6f-3a577f276a29;14151543708
f6f89e27-0268-452e-83a1-45c9826dec34;False;b2b99551-85a5-4def-9d10-8920f25e1ab3;75595484168
ac4fae37-aff2-4f71-a557-8c19b95878dc;False;f5201ec7-749b-400e-bd44-60ff995f8151;35336840297
146b39bb-30c9-42c0-94a6-2331881b2d55;True;68b0fe3f-9ad9-4476-a471-ee1b8bb06c9f;12047413472
9d1d6ff9-056b-4a97-8d06-dde327a5d0f7;True;625bd10f-0044-4737-b2c2-b7ed21de95af;80350998356
14b455bb-31d3-4e1c-9c33-74c973894540;False;2d41748f-227a-4409-8969-3714058023f8;77681512792
bf675e2b-dc16-4128-ae81-60c68783f5f6;True;d9eb9501-b0f0-48c7-8c5c-92b057c84d10;13905583630
1c9643e5-bfc8-4057-902e-8829814a6d23;True;4ff06bc4-d63f-4fd5-9e7d-aab0b47c91b1;92021030000
b0ad8f30-a6e8-404d-99fd-ca46aa1f4f88;False;6edffee8-4c02-45a5-9533-6869aab97065;84520879282
917d8c6f-3621-41ec-8308-c93649f53161;False;de48fa9f-c526-4696-a042-083125d77157;57559446236
84df9c32-1a04-40fd-a470-394c881bc09e;False;06d2d354-6583-4961-b537-ab8bfa61e881;86249372615
44dba78e-3b35-42b0-86a9-cbc36a2e96d2;True;8ab82a64-2bda-472b-8399-c05d96a1b71c;24015345384
db181300-afb1-4e39-a099-4067a4f1cf97;False;67828a62-dd0a-4f59-a1c8-6baac26e8340;82520130268
f3e706a7-460e-4a68-8028-a372a8a8f57e;True;8b064030-3384-41b2-9b6a-2f6ea2151ffe;34374030966
be5e9a30-bcb7-4c99-8254-ccbf2fea5e60;True;f119a071-1da6-4ecd-bf22-2a82fefe9d50;53993804089
a9feb7b3-b996-4b7f-b84b-b9d955372935;False;f615b4f1-d5f6-4c40-84a5-44e77ae488b4;43091170562
2c281b8f-5d70-44b6-87b1-3bdebd8c3159;True;568f66b4-892e-4570-a91a-f89eb30c0812;52162966739
43fcd79b-1071-4d2a-8ada-d3e96ae08ecb;False;5b343143-409c-434a-9d46-512137c5f6c7;65797460832
d88aee69-0140-4c98-8e2d-fca8787a4a4a;False;a2b00424-6dc7-4737-9587-5402f7044e19;95419027394
47c45aaa-1052-4fa5-808d-628267a9b29c;True;e3e9e610-fea3-45e0-8c1c-b43d08d18da7;95316315826
fa1aaa4e-9130-4bd6-b3f0-5d21ba79e4af;True;4bacc19b-d103-44dd-9817-74ea36e81d04;61881013230
791d08ea-0ec2-4ab7-9223-5f12d877779c;True;a8b945d3-972b-404b-a3b0-950cda5c7d08;47703015042
2cf0e502-0d5f-49d7-8278-53b83a87a0fb;False;3379afa6-7a4f-4dd2-8c03-9a71b142c1d6;62210494204
a5ed7f9d-5d19-40ad-bee3-b7ae7e304bde;True;14e9d9f9-6f37-4749-b758-3f6fd39e0ce5;27158780700
3988be8a-0315-4bc1-b82f-8470c9e35714;True;67d57298-f0ee-4461-87ca-565597519fc2;23346874035
1f4661d9-eac4-4252-b9f3-bfac2cfd7206;False;1a979a1f-dc2d-4cc9-b685-64d4ccfcf65a;93608764276
2842d1ca-2834-45ba-82b6-164ed454b96d;True;ef07168e-75ff-4645-98b1-32c36c26da06;16506995792
2c038af3-6520-4e2d-abe3-e5f2d33ca6bf;True;7a9da2f9-0e4e-4aa4-9e23-e6349da4f734;86867384636
106e923d-a21d-40b4-80b8-04daf72865c3;True;dec7cb37-9160-44ab-98a1-73b45a64ab62;75144588070
34b583cc-5ccd-4c14-a217-b1d6caefb10b;False;2804dc95-f495-4981-b255-f3825e78447f;78745515160
34355a12-0fcc-422d-b3c5-f1eed88e4ca6;True;976ee4d2-4a7d-4cdb-9f81-4ddab5d76a8e;21849986497
747add37-632d-4904-90e2-248752d9d46d;False;137203fa-73ca-42c5-bd15-3f77c81bceea;10856024683
43971826-5e97-431e-9093-f83cfef4635b;True;288da814-ac89-47e7-8257-39085a18e131;16796469337
8bc8d26c-5b65-4fe3-a7ec-e6e088299304;True;6da240b8-2919-42e2-926e-3907b106cef4;43729596862
4db2035c-7c84-4018-b126-2bba1c1d0068;False;cec0304c-c74d-46b6-a529-cfc05a076263;79179691940
2224cd34-89ce-415c-9d1d-a9395d52c399;False;455152f3-e681-400c-9c1a-75ff977d9349;31757848994
4b20711d-b907-4df4-bce8-9bd3fdc229d0;True;4ffeeb35-648c-4a73-b940-c8e8d9f9bc65;78756896019
dac734f4-f5cf-44a8-a289-d1b76fe92254;False;b8a9fe8b-0b86-4658-ace1-d715aeaf161e;74443908690
a075c7f6-d87b-474f-a6e7-56dc8c0cc555;True;a654b192-a78e-42e3-a67a-e0bdadaa7bfc;12307946641
1690cfda-3af9-4a1d-9808-5ffa0411c3c1;False;9680f333-6f14-4b1f-a0ad-f1b29ed9bc86;11395010717
9f16267d-10bd-490c-8151-992609eeab89;True;ce6feff3-029f-42f2-99a8-2123351d0b3e;66363675184
89aa08d1-12f0-40e0-88a7-c50540e68df2;True;5bc4086b-a6a5-4af3-883c-3fe95bdb5e94;69849723660
3bfcd9a2-a1d6-43dd-a6b5-0106d5bda854;False;fbcfa451-1c41-48bf-a396-c9e97173063b;18540421975
4ee767a7-a3d9-4fbe-b330-3ad82f34ac74;False;8e9349f6-5820-4a49-9d9f-760b55eb176b;77824752942
9c69b38f-f136-4f2f-ba9e-d0631b893486;True;f0fd3f40-4c39-4c8c-bf41-ad9ab35668aa;83844651197
c95469bd-ff52-47ac-a0c7-a5e0c97d9112;True;b307f2fe-fe84-4ee1-9ae9-9292c10ce432;71618746236
8c68cf59-a0f7-4c95-a288-4168ad29bc88;False;1fc889ae-a679-48bc-912f-0f99b4184768;59460490476
10a0f15b-5a04-4fd6-8f69-18e02929a616;True;dc44e8c8-1f64-47ab-8983-c4539a63f8b6;84894169456
d10cb2c7-e28f-406b-a6c1-5646b2a9aab5;True;000cc54b-d7c7-49a5-b568-076e168d4602;83351571556
95b9e378-4283-44fe-9173-dfcf631ecd31;True;f03b33b5-1f6d-404e-b153-70617c14a76b;47411023422
44931f05-ed31-4a8a-905f-e4799e908ab0;True;c6b43130-e977-48ca-bb6f-19a33627969d;79196475616
7a457554-fd37-4c64-b025-af0523a5b8f7;False;b1bc3474-e9f4-4575-8903-e43075f7845f;66280919548
187da86c-794b-41cf-ac68-cc337ffc4d3b;False;852aa0b8-6756-4232-8e38-0faa2c87af7d;85271175924
42b4e5b4-5acf-4ed3-9b63-e0e44de0d7b2;False;ab08ce39-c573-4e6b-a27f-ec82c6036268;47703015042
11a5b8b4-db64-40c8-ae7a-ec2d6cf3a869;True;7084574c-1974-4e2a-bf3e-fb1c5ddcfe87;61301806828
9eeb65fd-a31e-47da-8761-19fbf1385aa6;False;f32ed913-c303-42c8-a46f-081b80050396;25695116650
e2c5c300-7bd4-4439-8f8e-918cfc3cd6cf;False;b784c44c-ad28-4c20-bee6-377344232d2c;17501766917
2213e340-649c-4756-a9be-c02f7ec03569;True;bed89367-4d83-4b8c-acd5-a3fba6f9bcd0;16796469337
fb49b37c-02e7-47aa-9c1f-ee013d382ed7;True;1d4cd2d3-158c-461c-bae9-6a69d52aa895;88938785792
490a53c3-c4e4-4ab3-8ddf-b93de179742d;False;23ccd10c-ac11-4aaa-b078-1e2ff026b335;16135796158
e491ab16-d88b-412e-ad67-71bf81f77d73;False;79b7da11-ac64-44e8-a4d6-f9e39f36c1b6;44393639722
20f1819f-0d02-480d-95eb-7db65fcaf62e;True;adabc3d0-7727-44e2-ab14-02f2f558e73f;91102331832
25a120fb-4069-465a-ba1a-ec1b08a4c8c1;False;295c9d4e-9215-4a78-81ca-e3773cba7b34;51932205382
ef5b1f0a-5069-4143-aa77-3a00608f42da;True;f9231e87-5e7b-4bcc-86db-c3b3b773971e;29783168907
678ed484-a0bc-4792-93c0-82f30d5a7b69;True;5cbbbe99-ab8f-4842-8c79-40e06b64a7f9;78344844352
8231f5f6-4b43-4dc9-ba6f-a9afcd66a0cd;True;6d478486-da93-42d4-81e6-a9b62c983197;44952723964
274487ec-7671-487c-81c8-a96b47666626;False;8e45eaa4-e69f-4ce1-b0cd-37f4b6776d2a;72020806049
e1c79af9-e287-4cf0-ac7f-3317a2bfb316;False;f6f96ef3-c9db-4ccc-90bc-2dbe9accdc44;20110775875
aec61210-3e1a-4c5e-9df9-9d78070cbf24;True;cf804e7d-da18-4a33-8f61-f218b7552ac2;77374909606
2c9460fe-51e4-4a32-bd9c-b3898fc742bb;False;eb81e07f-9441-4a44-b9b8-51f2b4624f2a;67085271771
8814123b-4013-46fe-af17-78e0f402c524;True;ae047052-294a-4781-a7a9-6ed6319ea3b1;70093573501
3da40998-d70f-4d96-ad93-25f111d90807;False;e022493e-6b38-4eba-b7cb-c5a1fa455d52;62008879094
97d15f65-6bc7-475e-93de-bd2bed79cdda;False;30f7dd5a-9d4f-4729-8145-c617dedcf34f;26411386465
918599d1-8e67-4a21-8876-08404c6c5233;True;447b6c68-f23d-4460-88b7-72b9e87eb075;55163834104
a7b5326b-b350-4371-8d14-852867d73803;False;d0a70d26-1542-4191-a947-f9d56c78443f;42945673642
8520a7e6-cd52-4a83-9623-fdeb6a4e95a3;False;ecc838ed-9901-4817-8620-574469ab3933;70908910633
24820c9a-79b7-4e31-9f2f-8c26d2b5313d;False;07e83936-aa43-4570-823f-9b497ac9403c;77986772161
b4b982f3-2143-4818-974f-0fafdb8b8d7e;True;5522d190-18ee-4ce8-9d61-bf3841118b7b;53308521491
2875ba99-1088-4dc8-bea1-8fd343021a12;True;06236c30-8313-48bf-acc9-0afae24bcd01;84894169456
7914e449-c85f-48cf-960d-8f4162f9cda5;True;cfb81ff2-b6b0-4482-ad61-4c479760972b;62403020211
9022b90b-488b-4c03-a592-91fba434ca54;True;b2b036fc-92db-4d73-ae86-4077d664df70;86885201952
1eee36e3-4a0a-4448-98fa-f282fc08ade2;True;769ed5c3-67a6-44a8-92ca-dbc364c6775e;45497856768
067fa3bc-eeb9-4c5e-87eb-91b5e1919bc5;False;16e9df14-ef93-4316-802d-b412909a4ed5;95610624087
2ca7ecc0-a4af-497d-a565-4ace90d1199a;False;63ce9db9-cdbd-431c-a159-69b32769641d;76932556278
4166a7f7-646c-4183-8a5b-cab8a6c6e018;False;166f962f-531e-4f25-a07b-eb3425cd8228;86103238308
e0c14446-77c7-405b-8d30-cb6a817724d0;True;7e377f62-6124-4a20-97a6-92be01116080;14905098530
b53eb491-d627-4624-bbb5-6fc27ad1ebd4;True;f9ba07c5-96d4-49b2-992f-069884e0f441;98134525675
c913cf34-f0ca-4b44-8eea-8062d2eb6c26;True;b42c0c32-9ed3-4309-b22c-39b889c2c7d6;68108725221
712f08f7-8297-449a-b155-c4c111317f4e;True;b1ae6762-0a7c-4857-826a-928a4c9fad08;37839453829
3c8e7427-a9de-4f14-ab15-d572bcc9782b;False;ef0701cf-3e78-4385-96a3-618c96e4bd1d;75144588070
c2d3ce89-088b-4813-823f-78213bd3aa72;False;08c9eb3d-85ad-49be-a8f5-0522319fa2c3;85843364296
24f04b2d-106c-4ffd-9664-7142481a7af2;False;6ad6519e-e3fd-40d8-bfa4-63b9db4ac1ce;10429295002
e01fcad5-e2ae-40bc-9bf3-950ef36831ef;False;7bef5bd2-78c2-44b8-b889-7a21d6c6ce46;57546878564
bc816305-6f87-45f7-a7c9-7fe76f04bd26;False;d4bd80da-43a4-499f-b530-bb8b6dad2c0b;50963428403
6506f0fe-c0fa-46c9-b503-0bfa36ac2bcd;True;061ed17d-b840-44f8-91da-3e9377312bb9;66363675184
eb480756-2c67-47bf-b0b8-86dfb3d3cbfd;False;c7bb6ca2-f7b5-4011-a7e7-5a73e3b328fa;79281846688
b0a8cdbd-d241-46aa-b7e4-a3da6cd00c4c;True;fb4af336-b751-487a-8f2b-f4c3658b3bed;50261268165
95f962bc-810d-4835-ae27-1e5279c4491b;False;02369365-ffd7-4d67-8f0f-ff1a13a7bb4d;82235385754
7c85d63b-a923-4a60-bda6-44d4079662f0;True;c04936ce-44ef-4d54-a3f3-50a9b168a83e;80350998356
78cc53b2-dc07-4613-a6f6-778af6cfc997;False;38d37875-d448-4d6d-89b5-e10ae5e6d22d;62572354182
4cd7817c-cf12-4753-a392-b6227464ab52;True;e3c5b72d-4bea-4aae-9947-cdb8b29681a4;48657157088
99d348ec-476a-42f8-af7a-46751f30449c;True;a95f4c06-d71a-4007-849a-93678903ae1e;10098607037
e2358bcf-610a-47b6-81c3-fe7e3e7bf09f;True;16c6da4f-1fcb-4169-be49-85c3b6d4bb14;43493633353
098c9acf-d5ff-48bf-a839-2d7d7cc86ce2;True;3b1aa909-3a96-40e5-be12-f2e0b1445101;14728216458
382e68ab-3503-4c63-87a3-0c4266dc2621;False;60f14472-7187-419f-b918-316fc9c9c8c2;68182568420
545f4e29-8a02-4ff4-b8c4-e53b99e23343;False;44613893-9f32-4ddb-b373-c9598914e96f;76103742463
6f8ffdb4-59ef-4ea8-af59-0380df34d148;True;e22d6356-4ce2-4d60-8709-89ce3bd5769b;73639948561
41c24392-94da-40c3-8e11-76d15f7eb4b4;False;28ab1cf5-bd01-4fb2-9d5d-ef635716399a;31981569180
ea71a838-5aaa-4c1b-9790-c172cbe4f873;False;7c0b1e99-2001-4d2c-aa77-73ca6057c74c;37699524706
94337252-41bb-40e5-9f39-f25bf05a507a;True;203d302e-d997-4640-b0e0-7d3af18c2320;98783362268
f3fab0e6-6f50-4bfb-864c-01176dba70a3;True;8f3e8e12-127d-4c32-bad1-8dbf25597c13;53709291732
48d0191a-f164-4341-8a5a-18280a508773;True;dc5c5adc-7836-4e2f-88bc-41954d291509;19421368374
b0664ad9-98a1-49cf-b4b4-59fb0005b200;False;9a57572e-c55d-4467-84ff-36eadae142c2;88955712442
5d38727f-8850-4701-9f83-5512a59f6b8f;False;0ac3f6bc-83d4-4170-a9e8-55f985092d9a;23346874035
b2b0c867-9269-47ef-8d50-6570eb280986;False;0b6b092b-0166-4787-bdb6-301a3319d8e8;88440516915
45f3a029-512a-4c6f-b596-3d22e2bbe6c1;False;cc7e2206-ddec-4fee-a26d-f9ff8f47c0d5;23346874035
a68f4527-326e-453a-8387-c1b5cae9e147;True;26f56b40-928b-41ee-a2f7-aa8402868d72;71470216272
f3b336b0-1ec2-4b29-9850-c2b38e27cc7f;True;f3ba7f78-00aa-4b99-bf4e-f85c76a9d0c1;16957627207
289ac511-31f8-4c5d-808d-d972a6580914;False;aa0d5feb-be08-4d86-952d-64e8f840eca6;56588318685
48b7a9f6-47d9-48fb-b2a9-b3b17e0a5844;True;19f39f31-9d2a-478f-b0a0-dfa75131d9de;69702080310
c23b9ec3-cb6c-4e26-afb5-ecef51f44ff6;False;fd491739-7f22-4566-89ee-428398626d28;69832511776
577f42f6-7352-4353-9cee-631fa0988f79;False;5b479a39-b5e7-4d02-ac90-df8801d4bf3e;15030983176
7df1ca9a-0399-4e46-83d3-48cd27dd5825;True;d3897b75-1066-4ef0-b2fe-20c0546ae48f;69278122301
ce4405ce-e3ab-468d-ad53-2b3f53ca178f;False;27f7bcf7-ae5b-4016-847e-1a39224085fd;34423751614
875fb81c-0506-4276-86ce-a3d0d42dda7b;True;37a3bf4e-dd09-4005-bf7b-d1142fab82ea;36788311146
5441a065-85b4-47bb-8154-258ef06bc7a3;True;44358a82-b8c3-48a9-81bd-c5e8a87def80;60669648471
461ac636-831e-49cf-84ad-1cdbce611142;True;0cde2a4a-27e0-4bbf-b9cb-9faf43833791;33491922661
0f513399-303e-4671-8d6a-2122f3e4bc9e;False;2cb62feb-773d-4073-bb16-f3d482728de6;62008879094
5bbb691c-7e25-4568-be64-540b57279c8f;True;2470a049-f70f-4af0-831e-37427d9f4926;76671732933
b06c71fd-457e-4964-b2e0-98c1c604353f;True;6282af8d-7753-47c0-b7b2-9cf09679970b;20002838973
d646da16-e0db-4eee-95a5-4b33599a0081;False;7232a07a-550f-4809-b648-50666406a879;25783030627
df329fc3-6f0c-4cfd-a705-27000eb250fe;True;26e73af3-0881-472d-9622-0da3aa930592;96098260792
ab48b1b5-534b-4308-a8fa-6d985878befe;True;ba07a833-77b0-40d2-8123-1459aaa3c4ba;61152711933
d30949a9-fbed-42e9-b348-1f1b1f7e4ee5;True;2c5898ad-3f17-425a-92b8-95f0d7b06247;85271175924
0a053232-420e-467c-838e-8d54f6128e49;True;63be3dc9-aaef-4222-be67-4b33a991459b;13769351114
feeea7b3-67b4-46af-8a96-eb0404e9e5e7;False;779f50e1-5374-4179-bd01-43bdf9c4a741;61855695857
221844a1-a5fc-4807-86b4-21dbd9f5e2cc;True;77e7c100-d31c-4565-a847-980c9d459454;85881166149
0004a9a5-e870-4d2b-9d2b-a74df99a1abd;True;2f5f57ac-1095-47c8-9a95-641b8bf89121;28604355077
833692c9-3b85-4b11-ac67-33993a068cb5;True;9dba1a7a-1d27-4b58-a892-d580e600bc55;17137280212
470afc41-44fe-421d-b49c-880f65fd013a;True;253aa0fc-a2c3-41db-a142-181f4353796c;75444907496
49a9bc2a-adcc-49bd-b32b-557ea9e9df7f;False;ac21a5f3-f2a2-4d45-b1a3-a35a7459406f;93038542671
5cdadbf7-1fc4-4084-b250-7f014d1a10bf;True;1ced03ca-e2d4-45b4-b6a7-69d590c08327;47411023422
7bb5abe4-cea3-4148-951c-e7e86a61c923;False;8cf55c9e-5fe1-43b9-a69b-1efb80c743f5;60772270598
44c8574a-40d9-43f4-9972-b9b5346c64fd;False;4f5b969b-975e-4f42-91d1-74f7004c2eab;47525227700
e31abac0-67f7-4dd1-a4bf-b356239c3e54;True;a7bf61b2-6750-430d-989c-1c35aaeaa989;92021030000
8a8c16de-47c9-46ef-9baa-0fbf844d48d1;False;8e245584-bd18-44a4-81f5-e3d11abaebbe;16796469337
aa82b5ce-07cc-4c08-ae68-a3fcebe260fa;False;b0592073-bd9e-4cab-a3ff-69cae4a218ae;70406965447
05900aaf-e089-4bea-885c-9fbffabc7b20;True;a848c206-7124-4862-9708-8108cba1ec45;64873944835
798ff01e-900b-4bab-a5a1-d92553769dd6;True;46149349-3248-4a1c-a6fa-5276ef693700;55828922425
d4fe9026-b357-477e-9722-5c8f9f0c6caa;True;efab4d39-bb52-40e9-9753-8fee61874fb0;66758658742
9dee238f-348f-41f8-8591-98662518a3c5;True;cbdbb0eb-06c4-44a5-b435-e4b8147e7e96;11966421686
494935f5-4f12-4a1b-87d3-10a370560c87;False;3da5249e-d70d-49ac-9fe9-f21df2f6ee9f;54830366050
1bd456f8-b612-4c7c-bb89-cfbb19c1081d;True;3d2ad2f3-ac1a-4b9e-b20e-c71e2afa575e;43344477778
95ed7e12-0da2-4ce9-af9c-b36e3338773f;True;e475b1c3-74a6-4e56-a3eb-a5ce7821f5dc;26052053705
9d5ebf44-b6be-4684-a2c2-ea492adbc851;True;613b1cd8-9a28-4e25-a78d-243e5cd9eda9;67057761010
914ca07a-b8a5-425c-a7e1-3d4dbf5cac1b;False;3e4aad9c-1ea2-41b9-87e5-cb4a0a4b9b3f;56038114211
a40970de-1301-4d53-9b21-df74d4fd8d4a;False;bad3cb7f-ed66-4441-90d3-8d8bc17a44e0;36355403179
96f46d28-6438-4b82-a413-4249eedd9ae8;False;a7a3ee06-03e4-4b46-837a-8ab6f1ba9f06;39629662622
53a01880-84c2-4173-a98d-670e51ef073f;False;bb8bf9e0-a590-4bd8-b358-04bab9c4d71a;22222477750
