NZ3V8Y039371H2YPY;1976;105848;B;2023-05-30;032b8efd-27a9-4fcb-b161-00668d4e6591
AKFAW8BJ5KRLCZPWF;1985;984130;B;2023-04-02;947ebe7c-a6aa-4967-99c8-83d863eda4b5
CNGVP1T7X7FPLSERK;1982;357847;B;2023-05-30;84ce3114-4977-4bee-8126-08891aeef507
SZZAD5SN747U49RLF;1990;361962;B;2023-06-04;a7f9da22-d5a3-4d55-abfe-9e738e4f2175
FT8GYYSN2MH9VF6NC;1987;985349;B;2023-01-14;2400da21-4879-4db9-9a5b-3ef26ed9db77
GA3YCFFV8LA1FNWGV;1998;165911;B;2023-05-30;d57e6fb9-62ea-4464-af85-5c71f1955ca7
SX9B97Y09JKHVUP31;1979;612297;B;2023-03-07;283f66d3-514a-4c04-80f2-911d9acd8fa2
1BUJYX493VR8PZRFB;1995;643590;B;2023-06-04;c71cadfa-7368-41e3-a1a6-1db8fe6ebc8f
RW8PJUL13SMX6ES4F;1975;925212;B;2023-03-20;c0e70e68-18e9-4e8e-9d60-82d3e41bec52
42AVSNLC14VU84VA0;1999;556263;B;2023-06-14;0e85b37e-ad15-4e31-9dca-9d96b95499d6
WUMU2TTP34CARHC7G;1988;706736;B;2023-09-19;7e0d8403-0bf7-4187-b8ad-d8f8e45c5be3
P3FLYC9HX1SFCK5PP;1996;566777;B;2023-07-05;2e4bc94e-521a-4d61-b8c4-236102c33818
TP2DV8LGX1XXP9YWR;1989;793940;B;2023-09-27;f1269ea0-40c9-46a1-a0b9-84cc505f251b
Y0KJM74U7MBC7FR23;2021;676634;B;2023-02-26;9dbe76a3-7be6-4d50-93b7-5a042074a478
UA2CM11L7CEUWN8X0;2009;743476;B;2023-06-20;2e4bc94e-521a-4d61-b8c4-236102c33818
WRS720W06XYZ94HBE;1989;490770;B;2023-04-05;3b6bd11e-d04d-453d-9722-aaf090fcf3cc
YJZND0Z27ZG3EE2WS;2010;421829;B;2023-09-03;7231173d-942e-40a1-9f1e-25f0679eda23
W08B1GE87AUR30X5L;2019;173263;B;2023-04-24;889178b0-7fae-42fa-950d-1cf45f18c8a4
79P14BRH241GG1TXY;2014;506472;B;2023-05-02;30ebc27f-252e-4999-93fa-eaf067c4deca
HD6HD3V290Y1GPH6T;2008;19890;B;2023-03-12;71776fd8-e76e-47d3-a08c-29c15c532123
BF2L6XP55A1R45UBW;2019;201834;B;2023-03-14;f95a790f-8775-43bf-ae4a-d324c74efaf4
A5YDL7E23FG5ZZ2RF;2010;495169;B;2023-05-08;618132ef-b92e-4850-8070-16359c98aabb
MNWYUFC912BBMDCFA;1970;140977;B;2023-05-18;3300903f-fd90-49d9-9e5a-aa4d086bb75b
MP84Y3TG18AGKJVY9;1973;154109;B;2023-05-26;7181e330-304e-4034-8a86-0c802ffd87ea
HSXDZG6BXWKE0XVTM;1993;830527;B;2023-08-04;ea35a20a-5be6-4195-a426-28c6f2430247
J6TCF0Z38394HFD1X;1975;910648;B;2023-04-15;23c76f46-02bc-404d-8d7a-87c0cb9e3c27
RTA5N3ZF8SXYE3L4R;1980;931039;B;2023-02-14;deae9af4-fdec-49a5-8a73-8cf9a0fadd38
0D3PNRF44VEGT5SM6;1973;734346;B;2023-03-31;93731c5c-64fd-4731-a3bb-dd2ec8ef18ca
RY3JJ88V9BNM3B5U7;1993;166237;B;2023-08-06;434a2b66-9dcb-400b-aff6-76d749596e33
L8C8NANP14FGZ105K;1984;452000;B;2023-08-11;e7824fda-cbb9-42e1-a45d-edbdb392468e
1A3TC23G7BJJP5Y3V;1973;4244;B;2023-07-22;5ce2c0a3-7237-47bd-b06a-b5c3b9b406f6
3C37YH634PA6CARS2;2019;957490;B;2023-02-22;4cea087d-be1e-47bc-9c0e-98cb8c75eb63
B91THAU35GBV1VPB8;1970;824207;B;2023-09-15;4597348c-3880-41fc-a34e-3cb6da9aaaf2
X72LGRAP4717MUBFT;1999;700742;B;2023-09-09;c0d51ab7-81a4-43e3-98b4-480ba10981f3
U1S6CGL45CZ814JLG;1981;424022;B;2023-03-22;7181e330-304e-4034-8a86-0c802ffd87ea
9674AVTRXTC373JZ5;1973;335616;B;2023-01-02;67b2b292-b733-43f0-bb14-d864e9372969
5M5RX5CE3ZW3MHMC3;1975;20756;B;2023-07-16;12904a8c-888f-410c-88f8-60c60910d384
P3143F2DXMYRA1NM6;1989;554050;B;2023-09-17;fc35c745-062e-43a6-9558-c8417ea0e380
Z8273DWD5HE5KKN4S;1976;431245;B;2023-07-18;2efd2d6c-b483-4f4a-b0e2-fc0ff3ea9eba
MVWUPJ0W5S2WSU3PJ;1989;233479;B;2023-07-23;f072cac7-2bad-427f-86ff-8167b0c5a74b
DVRYS4JA8UUL8UYZ3;1979;777958;B;2023-02-21;50e4a7d5-ece6-4860-9743-1d52edbce481
9LDFZBAW50VDBMJKR;2001;308646;B;2023-06-05;7de5c56e-7fe4-42b2-a0ca-6e14a43adaf5
SB35UX2X7E51ETMPW;1995;801259;B;2023-05-08;1e154dfa-ac35-43d4-95b8-be66043b641b
TN90GU0Y6AA5DJFKP;2018;17584;B;2023-05-26;0773b53e-55d8-4a55-b918-6cf2ef63a811
53KSZJ8M855WJG20L;2011;273174;B;2023-03-25;0e83a0c0-0f2e-49d8-bca0-e0d93844a4f8
BXW2TZP53B5S31R84;1970;758826;B;2023-04-27;941004c3-4d69-4796-9d7b-317b44a0e39f
ECZRGP8JXLE2BKNTT;1985;550401;B;2023-04-29;cd34d49d-6f49-4a67-af2d-026ed76ea1d0
0PNS5SEM2GG0AP7WH;2021;277378;B;2023-03-30;f41460f4-9069-41da-9b83-0be5d1c78bd7
N6RDR6A9XNV390BAV;1971;476094;B;2023-03-06;26c26268-6d38-482c-bd0e-b07237a1ede3
NZ6E86567TLWV2FGR;2011;225828;B;2023-02-28;6618e277-6eb7-4e35-8af8-bc08ea0b1207
ZAUVFDZ504XF8AAWE;1982;616957;B;2023-03-23;b397e3e1-1cbd-4532-b4d9-b6caee176ad1
BAVKC7LB26JTCRF26;1987;365872;B;2023-09-13;3d422056-7bf3-4441-a661-6ef768f0cc9c
5NA1NZH952TH04VU6;2006;50018;B;2023-03-15;cb52420f-c71c-4205-b057-849795fd221f
159LSKJS5TJU8XRCR;2005;638932;B;2023-03-20;84ce3114-4977-4bee-8126-08891aeef507
8N415VY54VBY704JB;2002;899734;B;2023-09-11;6bb8d385-dc17-43ad-80de-ad2c468a1ef5
TVDE6405807GPHJTE;1994;261579;B;2023-05-26;0c2e5b31-abc8-411f-babf-64c17dead85c
U5RNX2V35D0NUAGMD;1979;344846;B;2023-04-27;8c50d786-5fa5-4315-8608-6dec26d5ffc0
0R8PX2DK6ECT1VCGR;1984;520500;B;2023-07-04;e2c9a865-7467-45c1-b7fb-6068640649b3
ND0ABZFN785ZN14XD;1999;130069;B;2023-03-31;8cb26230-e2f7-4b4d-bd84-0e7eb9b3247e
C74F0TSV3418MUGDG;2000;764319;B;2023-06-15;8c0e9e75-a0de-4ac1-99a9-cdfcabac3a98
CJH6B2BYX0E3ZZHP4;2020;117518;B;2023-03-14;56c217bb-f247-42a2-8be5-ac978dec5255
WUVXCJRTXLL5X0D24;2020;263479;B;2023-08-14;3b83e860-4d00-4d35-b18c-e590f9b4e981
PR62WR6E4VC3RAM6H;2001;772650;B;2023-09-27;c02bb686-4048-4c76-9a5c-8521d2d532ed
LUN7UTS50H2V43WKM;1987;266814;B;2023-04-27;f6874b46-bb8f-4835-865f-2f943d5ad29b
9TNLMRXP1WK98PXGV;2003;665328;B;2023-03-11;7dc84849-76a3-44dc-972e-ca65b589892d
81Y2XTRLX7YG9RC64;1975;658848;B;2023-03-22;33bc7d8c-6659-4f0f-b34f-6d4700b68821
2DECJFAJ7HEJJK61M;1970;206874;B;2023-07-02;b61eef98-895d-42d5-a24c-1076c5aff63b
307N2WUF8VLD3JMYK;1997;705170;B;2023-09-10;ee7eabd8-6f97-4af0-909d-ebc0b5f1ef10
XMG3HFK56FLAL7A6M;1988;73013;B;2023-01-06;851bbae1-9e82-4925-8e11-14c0d9a793f0
66DRZNJS7088U55UG;2017;936530;B;2023-01-23;b712ee37-0665-442d-94c7-fdd716d19eda
HJZP7T2N2WWCT51LF;2010;731260;B;2023-01-09;b5584f51-dfe0-471a-abde-84037ec4f57d
53N91ZDS61FZZ3DBZ;2006;586157;B;2023-03-06;fb91fd96-f160-4eb5-b66b-6a15c3593248
RRU8FUW77WSA28YDF;1995;660535;B;2023-01-14;8f546d44-d9e9-4090-99a3-bddc6ae03906
9NSK5RFR0GCWYRD7A;1988;444437;B;2023-08-30;a3925a4e-6d42-4252-adb3-3803efa87dde
U3C8BSCX3ANT6VXJG;1974;726548;B;2023-08-29;c2e2b3ba-fcf9-47df-a94e-b512794823d4
TDHMMKTU73WHV97X2;1971;851734;B;2023-05-17;fbc1ec36-f434-41f3-a52b-8cf77f19f499
CNZ3WHLG3S8W7FAWT;2022;101783;B;2023-01-10;0ea503ab-1273-47cc-8758-02224d2c2f82
W38L75S43LP8CFS26;2013;78548;B;2023-02-02;038be18c-b383-4e2c-9e94-9eb68bf68677
ACGS5RKB4X0GNL2U8;1971;122390;B;2023-06-28;c5c0dec1-3a73-4a9d-91c8-44834703f052
DKJSN0GD2ATGS0FWY;2014;644953;B;2023-03-17;f6d223a9-30a2-4717-b58c-24ed8cef9231
M0BLRPBP3K7VHENMC;1995;971373;B;2023-02-18;0146f28d-f3d9-42ca-8115-a65979e552da
UAJRLHM02KURZXLH2;1979;97078;B;2023-01-17;1ab54074-264f-4036-91c7-9e08b5c8c4a7
68RG7D7Y0DMBUP80L;1975;634063;B;2023-09-15;90c4707f-bb66-4f3c-920f-80aa1cb6bc0a
335U8RKF7V2T299AZ;1997;54338;B;2023-08-31;cf7aa1d5-cb7a-4c86-962c-a8d4df6c7448
EBH20J4L8ZKA549MY;1982;915984;B;2023-03-10;13a35883-c0eb-4ee3-9233-146ad91f142c
FV5RYPNW3MBN1GG4H;1994;63511;B;2023-03-13;0bfa9737-9018-4023-8586-5f5907ff28b1
HKUR7ZD22RHVH9M76;1972;9789;B;2023-05-09;252b8492-35f9-4074-90a1-c1acbfbf58ce
VXZDGA25X7M3DZ5J8;2008;940979;B;2023-04-07;f4468496-22e2-4b1d-99e0-be8ed90dc09b
CCJVYRSX6APXRBBBF;1976;380863;B;2023-07-20;8242e923-ba1c-4cb8-a913-efb614da4fe8
ULFSMCAE99CJ250XK;1977;995176;B;2023-08-25;94985698-a8d1-47b6-beb5-8a7537669439
MVPU0GDC4CMAH60W3;2015;194039;B;2023-09-16;84e5261e-329c-434e-bd9c-83e762021ac1
KXY0ZVMW9JU2A0JB7;1979;236593;B;2023-06-07;76e7df34-0357-4677-9ea6-ff7f0059cdc8
NUY78DJA35H1PPBZD;2013;486051;B;2023-04-28;e02eab2f-6883-4ada-8fa3-22552f9d2596
8PDZPC2J1V8MUE5LS;2001;911393;B;2023-05-12;23c76f46-02bc-404d-8d7a-87c0cb9e3c27
Z1CN0HTM791UBH59L;2016;953210;B;2023-07-05;0bfa9737-9018-4023-8586-5f5907ff28b1
XN03F5KN1NRYMMNAJ;2015;26199;B;2023-01-03;98801fce-0f26-4a60-9b89-cd8a7f16775d
4R4D3V2U02A9RC56W;2006;45311;B;2023-07-01;9f6df4e1-aaea-42b5-8cba-619237fe7ad5
LRX700H66R01YB92Z;1970;89614;B;2023-06-23;f8eb0fd8-02d2-49c4-bfff-efb090c44137
ELVMNTNG1YTGY1E41;1985;836979;B;2023-08-01;0bfa9737-9018-4023-8586-5f5907ff28b1
BFJHPSV55Z7VP1W9E;2001;937549;B;2023-07-07;e47057f3-2b05-4d2f-afbb-802705a5a2fe
VJUVP3250JTP5WE7B;1985;842398;B;2023-04-13;cb5fb1af-6683-4de9-b5fa-fe2c6e3cdef6
RV7JMJAG4ZSC1BEWH;2008;554713;B;2023-01-30;d5f41aea-5e51-4d87-abbc-958b837b3b78
CJ55X9DH921NVHRGV;1999;914947;B;2023-05-08;d8d95b7d-6915-47b3-b17c-46ef7812ccb0
ZC8DDV9A7B7PBG6K8;2002;361794;B;2023-03-27;bba70486-d106-4d7e-b527-9e28c21b490e
LGP2D5LW719YE6HML;1996;75926;B;2023-02-27;36c868d5-51d3-414c-8fd0-2c8fd4e4b06f
YBTPA7T01C3EK28AS;1990;683588;B;2023-08-02;8a53c8e2-1a13-4e02-ad9f-e76a3d78659e
4245N9WF4FCWYBWTM;1983;703171;B;2023-09-19;294285aa-2560-43d4-9fda-7d04018b0466
D3YW11KP3VL6U7FF4;1970;111929;B;2023-08-04;015c0f72-4fad-4630-94f7-040ceaa446fa
UEXADLMB9EXHJVKVH;1972;768620;B;2023-02-07;cef73b1d-2379-4213-a0fa-6a5272ae231c
4S2F5C9N446AKF6C8;1984;577593;B;2023-03-31;f398336c-2cf0-4aaa-abd9-a5776cf3cf85
UFHNPJTE1GEUF0ZGY;2007;240168;B;2023-03-03;e6a2a0dc-3d52-4764-8051-d0888e52d7e6
N07V593N18SY7KG9J;1992;819591;B;2023-09-23;9bb0221e-aac0-4899-b2b4-9f3d6b66c886
MUF8WV9Z6NEWP2F78;1992;259113;B;2023-03-29;bcb6f4d3-cd91-4dce-ae42-9de3b60a5a18
WPAVYPBT6LSX3V2T1;1994;647873;B;2023-07-15;3f53f0be-5b04-420e-bb8a-b519d4ed3b4e
6V9UGEPC15430AWPH;1997;416451;B;2023-02-28;b58e9f0d-3995-4ba0-8616-01441a6c8fec
AY5S3CSU99YLD5RZA;1992;388221;B;2023-07-14;b0ecd350-b750-46d2-8c8d-947753d738c9
CC0JDYAL3GY0D9PMD;1971;87182;B;2023-01-16;3ce521de-eb4f-41bf-8994-6761cb7cc46c
634MF1V91RPAYUT0V;1988;176537;B;2023-05-15;cb52420f-c71c-4205-b057-849795fd221f
CGHW8JNW5WU1T4U1L;1989;440689;B;2023-09-23;deae9af4-fdec-49a5-8a73-8cf9a0fadd38
4E21YFAW4U92MC0WG;2002;375795;B;2023-04-22;0da5f496-349e-4770-8a05-093c0cef81c6
BLTKCTSU0VJBRWVPD;1980;858383;B;2023-03-09;c2e2b3ba-fcf9-47df-a94e-b512794823d4
T849MEX42V6HXUKZC;1983;339251;B;2023-01-26;c54439dc-e076-4b97-974c-c064d9ae3bf7
M18LC4TN4H4AA4NDY;2014;355363;B;2023-03-09;869ea05f-9f3b-4c5a-a271-9dc9ca7b22d1
MDWSM9UJ1GPJ5A4Y9;2008;118025;B;2023-09-30;8168a971-ed14-4c50-8294-393b249d0a5b
478550RZ5BUZXDT5Y;2009;865846;B;2023-08-03;90dea48b-7fc3-4cba-9867-cb15ab0fb18e
ME4GECF701H5B7AZC;1975;541700;B;2023-08-19;104af045-07e3-400d-9f07-c4f9108956bc
E0R7SVKB3T45YMM2L;1973;334063;B;2023-05-09;15a956ee-9506-44a6-a609-4ce94c0f460d
2BFNA5XB094DVVMKW;2001;652432;B;2023-02-13;1cc13e05-227d-4650-beeb-9c1b9fafedd8
BGAS5LBU6039BKRTC;2015;271304;B;2023-07-31;328dc9c4-d12d-40be-8790-b0151e99c775
2VJWNETA6WTWM52TF;1992;746181;B;2023-03-29;915c17b3-dbad-4780-887b-fefbac8e9073
GFNGRDH7XCJE0C53C;1995;143607;B;2023-02-17;c8b7590b-3e8d-4813-a036-aa257f8082bb
C74JHG8R100EVH25U;1973;746732;B;2023-03-16;d6fc771e-f9af-4340-8b6f-2f4ae5f1e65d
HLUMCLNP8JCNVCUYV;1999;799849;B;2023-05-13;74168303-fb6e-499f-9b67-521c4fb3e538
5PDPYHNV3X0ADM94C;1992;831203;B;2023-06-21;14afb40b-69cb-4f41-ba0a-1afc6929fb21
1PVX7N0W1JBGUCNLM;2007;859684;B;2023-05-10;77fc6791-df43-4da1-81ea-1189ceaba464
GTV0LL5M1GNB1EKNK;2012;587666;B;2023-08-01;7893ce0a-7474-4e89-8435-025e9109905a
38USAE0F8GKYYJJZP;1986;34342;B;2023-03-10;e0c509be-ac08-4f0c-a9ed-b3c5d33455d4
33P1LG1ZXF19CTWEX;1996;623448;B;2023-07-08;cf96d024-f813-44d5-aed6-3ff9d0171908
4L42N77D9B85CUFME;1977;627267;B;2023-05-04;5de64a6b-3109-442c-b4a9-423c7eca0aca
ULH6JW3L8VGN2NGXB;1973;397933;B;2023-09-14;bc87bdb2-065a-4a24-8f43-d6c32d58e057
1CB61T844XW930WA4;2020;60244;B;2023-04-17;31fdce45-7eb5-48b1-9c7a-d76f5bc67659
9YDFTJ7U2KVRLRKL6;1983;977079;B;2023-01-13;69bf387b-0066-4425-b9da-afcc2aa6be12
BJMBG15348JWFA7P8;1998;668206;B;2023-06-14;f35cc0ab-c79a-4b2a-8e0d-fbedf1e68494
K6LZCAG04SLX9ZMLA;2001;485659;B;2023-02-13;df1c9b70-71df-4add-babd-8a8672ecc3bd
0M932SMW5DU81WFCZ;2018;948301;B;2023-03-06;290b04d8-7647-423c-bb3e-0f0e8011485f
VXATJ4YJ6YZ6WHDSV;2011;824064;B;2023-07-27;b6639dc1-f133-416f-b3f9-21e0e3bff66f
5ANE0Z6T05KJ7UEEY;2011;73357;B;2023-06-04;328dc9c4-d12d-40be-8790-b0151e99c775
VA2N4SV570HMDW58X;2015;604166;B;2023-06-24;06fbe8de-a11c-4a85-b103-30e59b8b17e6
MYGT9NA59MXSR1MNY;1993;78195;B;2023-01-13;98801fce-0f26-4a60-9b89-cd8a7f16775d
C0XHRL6365VETSL2E;1982;748759;B;2023-01-16;6985467b-6721-4bf2-8f32-183e08866043
52EZP0F7XUCXRP2C9;1971;367400;B;2023-01-17;c4507ef6-1037-49b4-b5f2-4fc861b7e093
XPVZBCV8XURFVAT67;1993;824103;B;2023-05-18;dda9a555-70bf-44d4-8f52-8fae75c5af49
NG3U0H7K9E6MKPU6Z;1998;694691;B;2023-01-27;2e4bc94e-521a-4d61-b8c4-236102c33818
422HJBLR09BVT722K;2007;143465;B;2023-09-20;b86079bc-8915-4c7a-a7e9-759f60e1b9ef
SKN08C665DLVXTL92;1980;580262;B;2023-02-21;1310e968-47ab-4fe6-9497-281ce8d2cbf9
N2KL51FB0XNFGGMZT;1986;630630;B;2023-07-31;0146f28d-f3d9-42ca-8115-a65979e552da
4HNSYTDL79WB0U9ZP;1983;620922;B;2023-07-13;df7f3f75-85ea-46fc-908c-35b8f1f2efbc
4RD9SLHE6ESACTHDE;2011;932248;B;2023-05-26;562a702f-b06d-4456-baf2-aceb3a97064d
ERESTWT17BU0WEX7E;2000;675193;B;2023-07-26;aaab168e-872f-4346-b444-9c61cb11ac52
NMGLAMKP8G1VXH8MW;2011;943362;B;2023-05-20;744e8a0e-33e4-441a-9598-3dec7d6e26b7
7JDR83YYX8JSEF4DE;1972;746615;B;2023-08-29;216a7598-ed21-4fac-9a8d-8b32eee6ec27
HKHT73WK8K9MSX47X;1973;325413;B;2023-05-29;d02f98ea-e9ee-4f2d-9387-0229f7e67661
N4C2V6A16UG85016W;2003;432162;B;2023-08-31;91bdb7a5-d522-4ea3-87dc-8aa20c71cacc
SZ0ZUAF62SV1FVHWR;1993;155169;B;2023-08-17;0ea503ab-1273-47cc-8758-02224d2c2f82
B8RF94G353L6TKARW;1978;293868;B;2023-04-18;7a509d7d-f660-4243-8d7a-68ed3ab35ae4
827653LE4FD8LPD7V;1991;876553;B;2023-04-14;99b54f6a-85d2-4d58-a32a-50df7310b371
JTV7XATA4STPLAPPD;1972;724554;B;2023-04-12;6242a92e-74c0-4901-9f2e-722d3603c978
JW1FZRDE0JB3UE7JD;1977;594219;B;2023-08-17;6c50a9b0-6391-422c-ad0b-65068ca50740
561E6J7A4PZ11AT4S;1977;435499;B;2023-04-14;dccfa69e-cf07-45e9-ab68-84fd95b9cd40
YNS14GSN4EWZWCPZ4;1996;200450;B;2023-02-14;036b8e4e-d5d7-462d-b4a9-236487950d1f
XNH71P3H6JAJHDGT5;2011;725364;B;2023-05-28;9bb0221e-aac0-4899-b2b4-9f3d6b66c886
VYG4GHKY2P0PMEGXS;2011;877940;B;2023-01-25;96425f3f-359d-482d-9630-2f8f005cf5ec
7XEARDAG0M9725APY;1997;65501;B;2023-06-08;a08a12ad-f8f1-485a-bcac-3e925f9f5533
V83F1CZ19FFT9R28N;1986;562279;B;2023-08-23;ca404a68-3884-4394-b0ce-7e087a65ba68
DZ10XB7AXGVR6EAXC;1970;738944;B;2023-05-18;59d4a4e2-4364-4660-bcfa-0a2296def503
G09G5PM675YAN63LZ;1977;381906;B;2023-04-28;dad7ef52-fbce-4957-bfe1-d41b2cc29cf0
RGRKV1VU87KZ4P95S;2022;512388;B;2023-07-16;5c9b82fe-7c43-4738-8495-74c00e488524
NVJ5YRJ42PD0FRBZA;2015;90135;B;2023-02-10;99e5f897-2909-420c-901c-1ef18298768a
HAN15A1C7NJVMAJ00;2008;886716;B;2023-07-18;618132ef-b92e-4850-8070-16359c98aabb
NY81Z6ZM74SM15UDX;2015;430133;B;2023-07-27;2482a83a-94ea-473b-ad05-f5ff04851812
MH5RVU3W5XV0JYH38;1974;665502;B;2023-06-23;183f45fc-2ac6-46c8-baee-38857542f3e3
B4K1YJ6A70STVW1RX;1997;812660;B;2023-09-05;64e5b9ae-553a-4f3e-b292-81dfa40fb386
ZYERHSJJX71B0UM70;2011;502951;B;2023-04-26;b397e3e1-1cbd-4532-b4d9-b6caee176ad1
TFKADDGN68SFMUJGL;1995;334540;B;2023-03-11;44f23c9c-c0f3-40b3-9a10-e8c60e5cf7de
THR575Y763BWRZZYJ;1991;235698;B;2023-05-14;427cdfe6-7f71-4be6-a874-ceda0213f79b
0P4L45BC7UV2E7B8D;1986;550866;B;2023-06-14;c0d17e0a-d765-4b3d-9abf-9f73a6d548d1
5TLXXRV8152F53JJY;1992;21436;B;2023-03-14;7547c3f3-de88-4cbc-bcd5-035d01f0df42
4KGBBWH85M8GC0167;2021;322107;B;2023-01-25;42e9d69e-23ab-4d44-a2e7-125677a4ff08
M5JX58JU24WLKN04C;2006;416509;B;2023-09-07;f47a3a34-48f0-4181-8437-b1c16b3f3f2b
VEPJ5U7R8NDSXX4RW;1993;11231;B;2023-02-11;ca404a68-3884-4394-b0ce-7e087a65ba68
JNPAWAY14N6TG6MT1;1971;986696;B;2023-04-27;7a509d7d-f660-4243-8d7a-68ed3ab35ae4
Y67UWLCS71028CF2Y;1989;682856;B;2023-04-05;98d9db14-7a63-4e95-af99-b2a661158957
PD7JHV5R7K6Y9ATC0;1974;984750;B;2023-02-10;a6427aa8-480e-4ac1-b61c-008c84035e9c
SXLZK82394X2KKKB7;1992;411840;B;2023-07-26;1483ff1a-cba4-404d-b49a-5fc95374e298
1SUHMWD21A3B1BF83;2020;344850;B;2023-09-21;5e3cbb05-b467-41de-9fa9-1b50feb1ab17
7HACD2KE3LA5SKT5Y;1998;393906;B;2023-05-29;f435f168-a308-41f1-a9bc-a2307811e792
795P34SG0868WZCWG;1997;560307;B;2023-07-21;0552fc27-ae0a-41ca-b145-119555ef64b4
V72521TW58FY9AKL6;1977;888972;B;2023-07-16;c3b4066b-2e3f-4b47-ad06-04b449cf54d8
ZH4424MB1GXT3BHX0;2009;243279;B;2023-01-17;40295d44-0f08-43c8-adb0-56d8839463af
431EZLBU0XGR7VAFR;1986;91169;B;2023-09-17;020b3189-7b8f-417a-bfcb-04562adcb419
E3BR8Y1742JGP43NF;2014;917180;B;2023-02-27;e8f96ee0-f716-4687-86e5-79eeeca47bda
6173K0233MYYGFF0S;2009;335511;B;2023-07-31;1797905f-47ec-4c64-a77d-4c8839623600
G190VHZ23Z07LTYBE;1991;856084;B;2023-04-18;f13d08aa-cbe4-466a-8478-cf5bc1bd407e
T3589UUX6HBKABV7J;2008;307032;B;2023-06-07;429f7e38-5f1c-498e-9f7f-df83d1f55ba0
H95NNXSNXVPLTWLFC;1970;826953;B;2023-07-29;a0266f7a-06a0-49c8-b57d-93695b313bbf
LRCT162J21RNRVENW;2010;60125;B;2023-01-26;1e154dfa-ac35-43d4-95b8-be66043b641b
G4K9H0ER6MAZG2CCS;2002;660993;B;2023-03-12;ada5950d-ad76-4c7f-8b9e-256ba2556b55
2E0C0BTY8T7Z9HL87;2015;58012;B;2023-04-19;5250c698-2dff-4ca5-8716-6a6f5f536224
LY471H3G8XAHGERZP;2009;823362;B;2023-02-12;3aa25bf8-6604-490d-802b-dfe6f48679e2
7PD3W92Z7F1474JBZ;2000;600357;B;2023-04-29;fa27e6c9-31a4-4fca-81b3-eb29adbe8f5b
VBBKTZ4B59LG2DAPX;2006;918951;B;2023-05-09;c41fb163-87b2-47aa-9cc2-f5ab675b95bd
EXPB18WP83486Y9XB;2014;924839;B;2023-07-07;49ce5042-b45f-4e98-8a86-8c717dadd686
AAGHW3X3620FTTSCD;1983;342329;B;2023-09-30;434a2b66-9dcb-400b-aff6-76d749596e33
DHRANTE87YFMWPMR9;2002;346448;B;2023-01-20;7d49dca9-e444-4e63-9447-cb7176ae54f6
BF6VTZE024400B254;1986;568267;B;2023-05-11;377bf0ce-34f2-410e-b9f1-35caa6aed1d7
04LR2BCV192A9WWXG;1983;338038;B;2023-03-06;ddc0434f-b9f3-4951-a164-bfa44a6072d6
WBVXZ1L36J34ACVLW;1995;206493;B;2023-08-07;2eecb35f-cdef-486c-afa8-f39556b8f503
T19DW8C89TL1KCP27;1972;164740;B;2023-05-29;882f3c25-d409-4d4d-b0ab-ab94b8195ced
7HTDV6CH1CU0FZEH8;2011;462182;B;2023-09-08;ada5950d-ad76-4c7f-8b9e-256ba2556b55
FELR39KG2WEP73DNZ;2018;719306;B;2023-05-17;db2ef6ab-78e3-4b75-a627-36bbab3b104f
WFV18SFP5WMK3FZHX;1976;958439;B;2023-07-17;30ebc27f-252e-4999-93fa-eaf067c4deca
7HUACTUB829C5KX1E;2007;360957;B;2023-06-02;2efd2d6c-b483-4f4a-b0e2-fc0ff3ea9eba
174KFRXA32MFMPPEC;2011;403304;B;2023-06-13;bb38db9a-d3cc-4e6c-9034-6a18f4667f66
DS7RXYM45AY0KGYV6;2016;411694;B;2023-04-01;51df745a-5093-41e1-8550-5a71699d6dc6
UAE9VCT66FB7ZZ2PW;2018;524385;B;2023-03-14;9663b073-3444-491e-84df-9a91100aec04
88DH3FFZ8SSEDB9TL;1983;99607;B;2023-08-09;43c46b65-cb32-4e55-9dc7-be602de8a8f6
JC90KPMN3NXLZ0EA4;2003;732525;B;2023-05-27;075c89f6-66bd-4b8b-b6a8-7b99f210cce4
X9KGD3L14R519UG0R;1987;129820;B;2023-09-12;a06e6dea-f686-45dd-8a41-c22267965d7a
GZDMD5T2XZ5PE1LL2;1979;463345;B;2023-09-28;78fcf3ea-6ad6-4f49-923b-318f0120786a
LBH1WF1X422UW0HVT;2021;198560;B;2023-01-13;9459345b-ef6c-453f-987f-5d75a6140749
FKXZVFAS64ZNLWG7U;2000;495958;B;2023-08-11;990a80a6-38fe-4954-8b11-e3579c26ab73
0LLAHBP068YPJVUMR;1986;337784;B;2023-05-21;1d42c4a5-ae2d-4db0-89dc-3e8cac3ec147
FD69R18Y8W6ZWW0JN;1983;662898;B;2023-01-06;042fd58e-55e9-4871-887d-5ec602839837
NKJUATXT993BM3CRH;1993;51288;B;2023-01-09;55cc577b-3a0a-4d32-b8e6-62f5ab5486a4
MLM42HT69SNBZGUF2;1975;656812;B;2023-09-06;46ed8526-1fd2-480a-bf51-f54554330f5c
JAUF5V2J0LMA4KVG8;1987;825629;B;2023-02-03;9b162a9b-8c1e-4b44-89cf-f07d02cba4ac
7V606PZV35CRWZK47;1971;204519;B;2023-03-27;1d3b3471-3f29-4d4e-ac1c-62cb9dd7b06b
NRABBAEY0Y35N66HP;1982;539206;B;2023-01-21;4f5553ce-c07a-4faa-9f6a-c5b5337ce21e
GCZ5V0BEX3XW6E2W4;1976;470280;B;2023-05-25;23a88b55-65e3-4773-bbfb-9f67dc418bed
L6EWKVLS5FRCKZ6BG;1985;408378;B;2023-01-22;9830c8e8-f5e6-4a73-9058-c81659404dc1
1Y7MWMEK4H9ARYKJR;1976;596222;B;2023-07-16;3ef32fdb-9459-4355-85e8-06ebcf7b73b5
RA5DKC9765AZB9373;2002;517339;B;2023-06-10;74168303-fb6e-499f-9b67-521c4fb3e538
A3L5UR955XC8JGZ61;2004;217261;B;2023-04-11;18affd4e-8d5d-4de8-bc06-abe6084d1634
VWTHDG4T2DNAL8T5K;1991;986749;B;2023-03-29;09f7ce35-036a-443e-9240-1d374ff7ed85
065FD3S02ZW5ERXXF;2008;883056;B;2023-07-16;ff7157fa-efc9-4544-9aa4-dd2e366e8546
UG7AE4CV2S0F80VP0;1981;669401;B;2023-03-18;507ac2ce-653b-4d0b-b811-75bb1810836e
WDZJUZ1025M3TKDA9;1976;230769;B;2023-03-15;30229946-a60c-48b1-bea6-c6493cfe67f4
0Y8DVH7B2N3LF0C10;2016;531441;B;2023-08-28;dac76d9d-3cd9-4976-889a-da9a61c17f95
R26TTB0V9L9RTJGNY;2022;505875;B;2023-07-31;429f7e38-5f1c-498e-9f7f-df83d1f55ba0
AMJPFZDTXXCYBSMDX;2004;513759;B;2023-09-30;f4468496-22e2-4b1d-99e0-be8ed90dc09b
RZ790AF698FD66PS7;1978;903649;B;2023-05-20;075c89f6-66bd-4b8b-b6a8-7b99f210cce4
FCM60AK20FHNYKH7S;1980;341107;B;2023-05-13;5ff25c91-fedd-4fbf-8d0e-0f768aad0ea0
4X34JZNV5UKZ7LJ3C;1983;776748;B;2023-02-24;ff868581-de53-428d-8e0a-9f69cf4ae0ed
38YNT0681N2FCFBVV;1975;600655;B;2023-06-23;e0cf1810-6d18-48ec-9db9-b1e0a2b93878
P3NHT5ZM86W0AUA12;2016;33822;B;2023-06-23;8a53c8e2-1a13-4e02-ad9f-e76a3d78659e
RNHDRZ5C925W62Y4X;2020;809487;B;2023-07-06;9adb3231-ae0d-45d3-99cc-7a054899d2d7
H5RJXG547V7FHR9LM;1984;591827;B;2023-06-21;32257c68-9b83-469c-b705-16509cb6c6db
B5P4CRRP5V19T89B0;1976;528023;B;2023-02-22;892db6cd-284e-4aea-8fdb-078c2a996490
4GR66WFCXVEJFMT04;2012;632643;B;2023-08-03;dfcdd714-07bb-4d95-a776-b73808d40fbc
YXHTUZS99R453S968;2008;764018;B;2023-06-20;216a7598-ed21-4fac-9a8d-8b32eee6ec27
G4NLKLXU8ALHL4YYV;1972;356960;B;2023-04-09;7028c346-b7bf-4231-9678-3e9bb3092b79
LY02ML4R1FR17ZYW1;1984;620407;B;2023-08-02;fba634af-446b-40a8-8c57-51e994e413ce
C2BT96N895V0PUR0A;2013;854848;B;2023-02-12;6230e995-0aa3-45ed-8258-0734e619ab23
AE6U1SRW4VU90RMH5;1979;775174;B;2023-06-05;7893ce0a-7474-4e89-8435-025e9109905a
3WZJPCJF5Z8NKZ6RN;2021;627975;B;2023-06-28;f8eb0fd8-02d2-49c4-bfff-efb090c44137
C54VK4DW60YHHNC0F;1992;590506;B;2023-06-20;427cdfe6-7f71-4be6-a874-ceda0213f79b
UKM9TR143GY4SYGFH;1980;553561;B;2023-07-02;e7371c87-a906-47b7-8759-24a5d98e0efb
4K67HFNU4E9C9WBYL;2002;79808;B;2023-03-31;78d99cfc-d4e2-4c3c-aa71-ab284487ee7c
U4NGMYSW9S5S5DNY5;2018;582092;B;2023-02-21;96f77d23-280c-4b9d-92e2-381aecce3edf
601YFDCY1X4UZG82U;1972;934221;B;2023-04-03;1310e968-47ab-4fe6-9497-281ce8d2cbf9
P0XAWUAZX3UHFUKUL;1997;676228;B;2023-07-13;e7e65568-6688-4b2b-a83e-58fd7ebbc4e8
D42KKWYS8NRKJS2W5;1993;877455;B;2023-03-04;6b82942c-80d1-4397-af6c-3cd357a8114c
BKGL2E6Y54LTS6SJ5;2023;330026;B;2023-08-27;74a89c63-c611-4872-94ac-38accec6983f
8ZF5EMPM17RUDU32U;1997;213499;B;2023-06-28;90cc7676-9980-433d-a0ab-f61c782845b6
9TB0AWYL684KWY4MR;1997;821212;B;2023-07-27;a28bc853-8f96-4bde-b45e-db8da4286c33
76F28NHF0WSBG3RAS;1970;477502;B;2023-06-06;8953692d-94e2-4690-83cb-2f85c9383b10
675V1MWB3JGE0V469;2012;285016;B;2023-09-12;7811475f-bcda-4c5e-b745-ff4788610ae5
XDHN96AE7M3RUU7V9;2001;968156;B;2023-06-27;0f82f9cd-6cd2-4058-bade-d80f8a9dca36
4RPPVFEB9ZCC653B2;1973;643906;B;2023-05-27;ff1b2525-aa5d-4077-878b-5b0c12751712
LPK8WR9S0SW0Z3N39;1982;944018;B;2023-03-23;64e5b9ae-553a-4f3e-b292-81dfa40fb386
PVC829Z30MH73HXAG;2008;981057;B;2023-05-29;5d08da07-23db-41f0-9e69-838d04a52cb6
FZKZUFT81ZUFR206S;1995;541842;B;2023-05-23;50539ea5-2c39-4895-bd55-2b45d9354ce5
ESSBDZA79MTK6JV77;2019;676292;B;2023-03-12;6985467b-6721-4bf2-8f32-183e08866043
GT6KAHPV853DJ441G;2022;759268;B;2023-01-07;1cc13e05-227d-4650-beeb-9c1b9fafedd8
1TJRM5FD11FPA1H5K;2007;751888;B;2023-03-19;b2f26e0e-af60-4236-a482-d110a1360c3f
KLGEECFE8LD89JLRZ;2016;782462;B;2023-06-02;974c9671-8cfe-45ad-ac36-e5e217e5d748
91ZSSUAYXDDY9X7TN;1984;944511;B;2023-09-02;0ff6199a-7175-47ce-823f-514aaf15ba3d
RNJUZRRX6CR0VWUW1;1998;582606;B;2023-05-13;cb52420f-c71c-4205-b057-849795fd221f
3T2CV92F7J068FKS0;1989;122016;B;2023-04-24;bcacee80-3be0-4327-9bfb-0806f72a3e02
AFSK70CY9KX1NXYV2;1973;782584;B;2023-04-01;0da5f496-349e-4770-8a05-093c0cef81c6
ZS979XYW304CYVSV4;1988;832704;B;2023-04-27;f090ab8a-11d5-4aa7-a5d7-5c920576e902
PV0DJ79G4BN5NZJXH;1977;519061;B;2023-04-11;0cebcef6-dc63-4c3a-a8c3-bd22d09d8043
ZACG26YP2D644KFX9;2017;76425;B;2023-06-18;dd5d5fb5-c832-482e-962c-7e4d8fca29d0
F1CF9XGN4HWDGK4RN;2017;320407;B;2023-02-28;9dbe76a3-7be6-4d50-93b7-5a042074a478
M5ENGDG54M63VJ5S4;1990;62053;B;2023-09-10;a68f6782-acbc-49c3-b1bf-ad4843358b9f
YRW97G2L0JWMXWX6W;1993;750675;B;2023-07-31;c02bb686-4048-4c76-9a5c-8521d2d532ed
GTYEE82T7924WBBY8;1983;880236;B;2023-04-23;8b64e905-f267-4509-badf-9ca0576b81db
TCM0BP09XLDD0TT8G;2002;111834;B;2023-02-01;e7e65568-6688-4b2b-a83e-58fd7ebbc4e8
JSXVAHRG1FPH70NC5;1982;646457;B;2023-01-04;03e2503f-05e9-43eb-96c8-114e9487c7c9
CPD4SSTE5APMDTL4X;2023;465855;B;2023-01-21;b356694d-5583-497f-b7f5-2e97c633ed3a
29FWSEVJ4GR39JAP8;1981;211209;B;2023-03-30;61488a1c-4866-460b-a084-0d3e8048472a
GNAKPEDBXZ8BFKU7M;1998;13006;B;2023-09-20;0ad6fa12-ae34-411b-9fc9-2c34a6318bf9
J7SE1A8T6K69V1ZFS;1975;653723;B;2023-08-07;1de833c1-4f64-4a49-89e1-af824ef39b6f
UNT8NL6R2Y8851LLK;1978;308919;B;2023-06-23;ff686322-e7bd-4b10-9d86-69ac466a5ee6
G5UM6ZZS1GXKT0F13;2009;455804;B;2023-04-11;0ad6fa12-ae34-411b-9fc9-2c34a6318bf9
L05M0MUV598N5LXMP;2010;346350;B;2023-03-27;66e1d723-c260-41c6-8eb0-dd19e88e3b60
PPMVB3SY9TXT1FSW3;1989;929614;B;2023-03-02;24f11bb9-69a3-49e6-bb98-3bd21ca15cde
PLV9TJ2W7EA25XP3X;1977;347725;B;2023-09-15;78fcf3ea-6ad6-4f49-923b-318f0120786a
9X88EDZ1XCFE6FLTC;2021;198031;B;2023-02-27;43c46b65-cb32-4e55-9dc7-be602de8a8f6
4RNSP3828V6UEE7EV;1978;351582;B;2023-03-11;18b8144f-6d8c-4ba7-ab1c-84204b146659
FGXE9HZF5J38W6YZL;2012;3052;B;2023-07-29;b99731dd-5ad6-4afd-93ef-b5b9b2a71a97
ZPP4DJAFXLK0S6L3G;1997;383140;B;2023-05-23;0552fc27-ae0a-41ca-b145-119555ef64b4
ZYU7TSXM8RZ2DP8JH;1995;188916;B;2023-06-08;c45a2035-471f-4f9e-9f98-f466ab53b5bb
Z66VSJSP4FALX8L4C;1998;170960;B;2023-07-21;069dac34-4f89-4617-871f-ab3e7783db26
GHM4ACXZ7BCU18W3X;1975;322629;B;2023-01-28;cd34d49d-6f49-4a67-af2d-026ed76ea1d0
RE9F6SCS79B8J07CS;1982;74894;B;2023-06-25;a4e6aec4-4d12-4612-873c-5a0c327e941c
EDZ6670W1K772C8AN;1973;993486;B;2023-05-18;ad9fb206-0725-4849-9bf7-194cfc565690
8TBFLUUY3CGTRSRE9;2011;395398;B;2023-04-26;2b9c3aff-c3bb-41bd-a397-b22912d8b07d
9P0LSAUK7R11T8PJN;1999;188464;B;2023-03-06;f27b1ce3-7666-4beb-ab9c-826024520981
HMEBURM68JWZTTS28;2018;370644;B;2023-02-01;0e03bb33-1e0f-4a01-ae65-030bce56c3f3
LTF9HU7C9DZKUUZZC;2006;787604;B;2023-01-22;fbc6867f-a3a0-44e9-a468-c089bdc902a5
NX4CZSSC4Z1P1KZEA;1994;854136;B;2023-09-22;2218e3e6-e542-451f-af46-bf3fbce6efd9
ALK4DKP4094B20MXC;1977;348539;B;2023-06-16;c8cace32-2283-407c-ac48-b1dd553467c7
7B5SZNEG6FN072Y3Z;1996;411474;B;2023-05-09;7c13fc52-61a4-47e8-bffd-fbad5d1125cd
35CMBHE4XE4G3BLGZ;1985;816836;B;2023-04-10;5ea1e82c-793c-4378-a563-c7c2e8ef0d89
Z4932FKL7TAGK8GKK;2004;837062;B;2023-08-19;d7ad6378-1f90-4a87-a8ff-45a645537471
TZ2C8BUH5EMKH94KV;1988;920530;B;2023-09-08;3c3613e5-22bd-48c6-b8e9-6d3f4451dd3b
Y5SU3A1DXRYGC12UX;1972;97339;B;2023-06-01;b58e9f0d-3995-4ba0-8616-01441a6c8fec
K7WXT62M3B8H3BNXB;2020;254640;B;2023-05-28;7231173d-942e-40a1-9f1e-25f0679eda23
MBKESVEN363WG0YPR;1995;44999;B;2023-02-22;8242e923-ba1c-4cb8-a913-efb614da4fe8
75JZM54G78KN7GVU4;1990;497867;B;2023-03-09;bedc5b91-d46b-49e3-b4b8-92cf3e723075
S6DBDUBS15XRF5U06;2009;630425;B;2023-01-07;71776fd8-e76e-47d3-a08c-29c15c532123
G650T8Y253253XW3S;1972;527885;B;2023-06-11;1446bf7b-9491-47c4-8e62-b441e7b2e7d8
TRNA8ZXN28MW1YE8H;1998;278917;B;2023-01-31;7e5402ed-27ab-4f0a-a140-8a5d0a3ec884
RM2MW92VXXTF32FZH;1974;706565;B;2023-09-22;9545e71a-fff6-4d48-86d8-cc16c1b8311f
ARDUWNK48HE8CS18S;2017;912682;B;2023-04-30;c08d2256-2735-4212-931e-718cb7642ddc
714VXCA66UZNVJUU9;2015;630386;B;2023-08-29;f72c0740-8096-4444-9e5c-79009d627a3e
C5NLT7LU58J9SKR34;2023;319371;B;2023-06-13;c2471e90-5268-4bc7-8d89-d638db015a3c
6D9039876PHSMXJV8;1998;189570;B;2023-02-17;443ee415-602c-4d44-9d3b-f23d8da9e14d
GP07H5HC5Y5KZSNAV;2019;376371;B;2023-07-17;6d093251-e632-4e2f-b6c4-6504250ae38d
2FETP36H32521SU2A;2011;620545;B;2023-02-26;5d01bcc4-9e41-45c4-ad07-6dd5fd223e88
LC02XFNPX4U1WS3WM;2001;762832;B;2023-03-23;6d8515d6-aff5-4c18-816b-3c3d6688b579
VXF5Y1BB3E9W45VVA;1984;129153;B;2023-07-27;b0ecd350-b750-46d2-8c8d-947753d738c9
CMYMUNCH3LP64VTB7;1991;32287;B;2023-08-14;33e12717-ccb0-4ec9-8d91-2ecdb606e260
CENMDMVC7BP50A1D4;2015;682034;B;2023-08-27;6d53a653-55d2-4406-b694-292d577e4549
U0A57M1Z5DF7L5FZW;2023;786283;B;2023-02-01;f8eb0fd8-02d2-49c4-bfff-efb090c44137
5X6S54MB0HLJHW772;2013;611272;B;2023-06-23;db3eaff9-e4c8-4899-a756-7a4ac41f3b95
6AL55WBD03J1KHS0S;2021;848988;B;2023-01-17;6ace1726-a2e3-44d3-afba-8772b7e3cace
6E6G8RG5XFRLNEJGF;1973;128078;B;2023-09-05;98fc2696-0577-4a63-ad4f-316cb61c948d
5EFVN0H73MRGE6UWY;2022;786530;B;2023-06-06;bc87bdb2-065a-4a24-8f43-d6c32d58e057
X98ZC2G82JB4402S8;2012;963998;B;2023-07-31;43fbfdbd-66c4-483d-95f8-2fe073417695
8NVFLKWZ6H9WS84NM;1973;163452;B;2023-03-18;8636a89c-43e5-4039-b848-633b765e2a68
4BEH6F9E18DGUE4B1;1981;831061;B;2023-07-12;1f42c912-8db6-4c1a-8c38-cb52ac2d78ca
GY4R0RAR89E08L1G8;1986;410396;B;2023-08-23;6ecd92e4-037d-4e75-93f1-1b3e94f639f4
K7A7G7J33XLDNUELZ;2011;336430;B;2023-07-12;4597348c-3880-41fc-a34e-3cb6da9aaaf2
UDYU9L7R7M7F1XWR5;2001;748273;B;2023-06-14;832aeb8c-3ffb-4e91-8fd4-25dc52ecac69
C6UHGGAT82MWYZDUA;1980;170665;B;2023-06-02;1165a3da-c0e1-4e97-9ee7-eab65a151137
HYFWVSVE32W9RMYZU;1972;943424;B;2023-01-06;c8b7590b-3e8d-4813-a036-aa257f8082bb
T929XERD503MJDPFE;1983;243410;B;2023-04-08;8f103a78-3ec3-479e-bf66-33a10e745d00
45DWRHDZ8GJ27SX3T;1990;143356;B;2023-09-19;1b4e9161-0963-48a5-9f19-7dc93b8b3569
3EJHT1062TFGBPGMZ;1995;282872;B;2023-04-05;3e8ebb5b-f910-4109-bd47-a0908eff5425
8K5UY3U00809B36A4;2015;163219;B;2023-05-28;26cf7c1b-bb7e-447f-9e66-3c20f78e03c7
GBRBD7HP91BYD3793;1972;182042;B;2023-03-28;6a611d7c-c09b-41f4-bc8b-face4b749bdf
C1GNNB11883LMR2YL;1981;793122;B;2023-02-27;e4839743-470c-4029-8368-5fda59a3af61
5199BERK4BPUZE7CD;2022;207628;B;2023-01-21;86649b99-2aaf-4df8-a7cc-7494c294dafe
J777Y3SM84SNBH0L2;2004;393918;B;2023-09-27;1ca54c26-e01d-46c9-a77f-7f7673815448
X7GBEUE360AMH7Y3A;2016;997043;B;2023-06-20;6b82942c-80d1-4397-af6c-3cd357a8114c
MGU8WMTJ1ADFBTUSA;2015;385078;B;2023-06-17;8061e56b-91bb-4725-899e-ed93250f46c8
Y00WJZKU4M4AZ8JT8;2019;610375;B;2023-09-08;0394df52-5eae-4c95-901a-ecbd0ae283ca
YFRBPH7X9EU374F2U;1991;965327;B;2023-08-09;cf7aa1d5-cb7a-4c86-962c-a8d4df6c7448
30XYG5475S2GM4UA3;1996;124155;B;2023-04-18;def30e0d-1b79-4f83-ae27-54be3bfe4714
VETCESJB2WZRU9BAC;1987;523879;B;2023-07-13;26cf7c1b-bb7e-447f-9e66-3c20f78e03c7
8B7JBCT284SRMLPKB;2002;42674;B;2023-05-02;7853b758-ae77-47a5-9bb8-f82dbda8ccff
9DKB7TM00DWZSA9DT;2015;330772;B;2023-05-07;b2f26e0e-af60-4236-a482-d110a1360c3f
8MP2DN1K9Y8GG44WB;1990;218718;B;2023-08-06;fbc1ec36-f434-41f3-a52b-8cf77f19f499
DF7242643F2TCPWL0;2005;63841;B;2023-03-30;ca116b61-4112-45e9-a3b7-28c2d914471d
7B18S2SL0A5MY1Y0B;2008;639291;B;2023-09-05;ccc0bdd7-fa7e-40f5-adfe-8926f1b10eda
2MW0EWS21SFM4FBKY;2023;816142;B;2023-04-21;3751d01e-3ecc-40bf-9abb-69fad5c319f5
E2T8KWXC4RDL13T4T;1991;252270;B;2023-09-25;0ea503ab-1273-47cc-8758-02224d2c2f82
UDYEHSZX4B2DGL6Z2;2017;221673;B;2023-04-02;088cc5b1-da2a-4036-8adb-6d66bc2635f2
RSYFY2TNXKDL33GBE;1999;569894;B;2023-05-25;ad9fb206-0725-4849-9bf7-194cfc565690
RH54K4YE6R117MNYA;2007;20524;B;2023-08-15;7b2b4a27-98ad-4eb7-b177-e328298a7b91
46TU0WT70A5XXFNWS;1990;605424;B;2023-07-01;5bb8e5b5-a3ef-4932-90f0-245526130e64
X11NZJHZ70ANGE1JG;1979;464577;B;2023-09-26;4ee24741-eb9c-4313-a1be-a97261c58395
Y8U3K239X6R0TJDDK;2023;553711;B;2023-07-24;34b5a5b7-204a-401d-9b9d-74b9afee9db4
XTK2PKZK3V2X8Z5R0;2013;268797;B;2023-05-23;93fa7440-79f1-432b-8024-291484e20fd1
X64UT0EL9P110R8GJ;1979;255036;B;2023-08-27;db3eaff9-e4c8-4899-a756-7a4ac41f3b95
4EJ5RNR25N6CTJ3K2;2002;425264;B;2023-02-25;43c46b65-cb32-4e55-9dc7-be602de8a8f6
8GRNANS560VVGLL16;2000;440766;B;2023-09-07;b0ecd350-b750-46d2-8c8d-947753d738c9
MMFHXLSH02Y58DU8A;1993;407680;B;2023-07-24;1b112e53-fbe9-4c17-a1d5-b01fc7b9d0f0
EAZJ3MKA26CNMAWAM;2009;820747;B;2023-06-27;9ee5b7dd-2b43-4ad3-bbcf-3f6411672027
FE4095617UXTF9VT0;1986;387594;B;2023-09-22;d8d95b7d-6915-47b3-b17c-46ef7812ccb0
V41J5DE745FDFTN8S;1993;373984;B;2023-01-24;625b8149-ba3c-4624-b6e1-d156a6df7e56
FT9AHN3P1UKSBCRM8;2000;513539;B;2023-03-14;bb20db54-c171-4918-9bd3-dce5e127d136
F590HKCP0SY49PZKP;2018;208759;B;2023-04-03;480ac0b8-3ea5-4880-ae78-e6c8f59af976
EVZ6B8GH97EXE5VG2;1971;748754;B;2023-08-15;b397e3e1-1cbd-4532-b4d9-b6caee176ad1
YT5VKZN3XW2LDKXY7;1997;610463;B;2023-03-16;f1269ea0-40c9-46a1-a0b9-84cc505f251b
G4BK6PP951J2X4531;1983;33734;B;2023-03-25;f515cf6a-79ec-4e7c-b7e0-4ec606e05625
K05TXT2J0ZDFBGXCF;2020;628823;B;2023-09-04;136bb87e-0887-484d-b4a1-bc56f34f1f20
SG1G08P75FY1FHRPC;2011;178305;B;2023-02-09;ad103894-54ba-4f65-911d-4e2d608fc1f7
JYKZ1P7L3N4YTS629;1987;10529;B;2023-04-30;c507f109-af83-40de-9fc6-35f1619d4311
GUX7UGNH4F9D1NSJS;1980;926852;B;2023-03-22;fb4bffc0-6119-4365-82a2-070eb5656217
TDRMT3497AD3AHNCE;2006;255215;B;2023-02-20;c02bb686-4048-4c76-9a5c-8521d2d532ed
LRDDMG3W552XDNN19;2016;546259;B;2023-04-09;f41460f4-9069-41da-9b83-0be5d1c78bd7
9Y41AMDL3EF9R2M1B;1971;721773;B;2023-04-17;33bc7d8c-6659-4f0f-b34f-6d4700b68821
8X92AU2324HKJEV7Z;2023;635131;B;2023-01-14;c4507ef6-1037-49b4-b5f2-4fc861b7e093
73GE6ZGH10RL01SZD;2002;800329;B;2023-03-16;81de8e83-e44b-4052-b2e8-30177f6eaa27
ACMTN14Y1LJSZZNU8;1975;386690;B;2023-06-13;124f78d5-e0d3-4698-b8fb-c394fd615058
3W3HJJKB05TJ2UB16;2017;123291;B;2023-01-27;852bdf0a-e188-4b2e-8cf8-cbe589798d2c
8031G46L1E4J7WWAF;1999;103760;B;2023-04-09;d29465fb-2756-4eb5-9b2a-753f1901baa1
5NGNPCAFXTZTTSTCR;1991;112101;B;2023-02-22;7c13fc52-61a4-47e8-bffd-fbad5d1125cd
5XEDZS796X3N42AWY;2007;421793;B;2023-06-20;0da5f496-349e-4770-8a05-093c0cef81c6
H8UG378H8HDLAC347;2009;662989;B;2023-04-26;d1b18529-572f-4a44-a2f9-8e3bb529676b
RD0P4P1595U7FMZPM;1993;193289;B;2023-03-29;d02f98ea-e9ee-4f2d-9387-0229f7e67661
G7ZBJVB4X5U0NCGT2;2004;101816;B;2023-04-19;a3925a4e-6d42-4252-adb3-3803efa87dde
HV82NY801AXA7RRMT;1983;115754;B;2023-09-20;85e6a24c-181f-42d0-8421-3470607aa9be
BPG4NG0W64WBZZA1X;1982;390642;B;2023-01-12;474046be-1473-465d-a0fb-83d133bb3fd7
A34UEKTN61PAFAL3X;2014;835596;B;2023-03-11;5e3cbb05-b467-41de-9fa9-1b50feb1ab17
CN1JDM3Z6341V0MD9;1992;638872;B;2023-06-25;290b04d8-7647-423c-bb3e-0f0e8011485f
P7X2H10F717LPBBLZ;1977;253613;B;2023-04-01;1994d533-e192-4195-8923-0b5e6d417856
4UX3SFTD0CMELTMAL;2002;169918;B;2023-07-06;98801fce-0f26-4a60-9b89-cd8a7f16775d
4T9HA7W36FJTJXBR9;2017;954178;B;2023-02-28;f71545db-a9df-4717-9b80-8e9b3d7b0149
XZSTCZFA9PT7EE22S;1974;252441;B;2023-03-18;6137ff7d-83a2-45cb-b63b-c8595aa6bd24
R4C32RGSX5SM5CSA2;2020;663932;B;2023-04-18;59d4a4e2-4364-4660-bcfa-0a2296def503
XY7H275L9RJXP9CTC;2019;185633;B;2023-08-28;94e9c577-7e9d-42d5-b679-e5fb5d6c5f9b
RA2XXD0D9DRGDCG21;1972;133505;B;2023-02-17;036b8e4e-d5d7-462d-b4a9-236487950d1f
FMLSLSYF9JTDNNCRM;2018;412553;B;2023-09-21;953949cc-d80d-407b-bf2a-9770ebf8ad2d
S7MC8GUR09VW66J5P;2015;924123;B;2023-08-01;00431368-8492-4a80-b2f4-3f83f3cbcfc9
M2A0JL4A381D6T7SJ;2016;96297;B;2023-05-28;8c50d786-5fa5-4315-8608-6dec26d5ffc0
ASA9VK8N33M6MNH3N;2005;796998;B;2023-05-12;8ac382d5-af17-4d45-b74f-d5dd1af04c48
ND0SYJ9990HXB81UX;2006;881384;B;2023-02-22;09f7ce35-036a-443e-9240-1d374ff7ed85
WP7GTHVF416GGYNP6;1998;425860;B;2023-09-03;ad9fb206-0725-4849-9bf7-194cfc565690
5C2F2Z808V1CXA5EL;1974;841037;B;2023-02-03;0ff6199a-7175-47ce-823f-514aaf15ba3d
H2VGCT45627HA8RU0;1997;702312;B;2023-04-28;78fcf3ea-6ad6-4f49-923b-318f0120786a
23HV3YSJ3K2AZ5LD9;1989;815932;B;2023-09-03;b120eaaa-c9c3-46c4-bbc9-99af0d1ad51e
WACFL0710L0KS1CAU;2019;662586;B;2023-06-12;5ebd27c5-a5ae-4dde-a719-f35241ef2529
FNVK3A8C4UANN2XTY;1989;130370;B;2023-03-04;7e0d8403-0bf7-4187-b8ad-d8f8e45c5be3
U0UMSLE91A7BN3DGE;2021;125129;B;2023-03-24;dd92cfaf-4ebc-4344-b070-f0f4c4170f99
E35NED5R4132V8H5V;1982;524491;B;2023-03-23;09712040-b53c-4772-b52b-f9723668d164
2GJ43SB17YSLLU913;2018;347896;B;2023-05-07;3c735285-e260-4b5a-ae0e-141a891b7b73
92YVAD8E9G14UNYAX;1984;1745;B;2023-08-07;e5264f0f-d0a8-40b3-8b84-a7345c9a1a2b
H6CUYDF605MRYR3TG;2008;958986;B;2023-03-05;f8c86cc6-18c9-4d22-91c8-9bd61800889a
JLELNYNY6ED3WKZB4;1984;706843;B;2023-06-03;86649b99-2aaf-4df8-a7cc-7494c294dafe
BNC9FGJYX1JBH8MSA;1973;30681;B;2023-07-17;97a692cb-222f-4fdb-a91e-46e34a70ad21
CEWSH6AH9WP6ZJLFS;1994;584087;B;2023-07-19;f1269ea0-40c9-46a1-a0b9-84cc505f251b
EXH1M3058JTX0UH75;1982;710296;B;2023-01-08;d02f98ea-e9ee-4f2d-9387-0229f7e67661
3X9TBXC44NPR3PH14;2020;378910;B;2023-09-13;3e8ebb5b-f910-4109-bd47-a0908eff5425
L6EGB2US9MD49LH1E;2016;991637;B;2023-03-30;9663b073-3444-491e-84df-9a91100aec04
GP0Z7ZR61Y9DGTXFB;1971;8396;B;2023-06-06;993aae9f-4dcc-4090-a56e-7a28b05e99e1
G7MGVU3G1WCBW1W54;1983;21892;B;2023-02-22;40ccb08e-24ed-490a-beac-0a159111a77a
AA9WVBC3367U7HXKC;2019;978865;B;2023-06-05;5776070a-ae1c-44fc-8812-6edfc457a38e
Z3T558DB7BVSGLUV1;2021;326108;B;2023-09-16;7e147273-612e-4068-8f05-b68e2a89d936
URTFZSGJ9NBTPJHXP;1996;292719;B;2023-03-13;74168303-fb6e-499f-9b67-521c4fb3e538
0XT2X7LR2BGL1R3A2;1998;26476;B;2023-05-18;50ad6f4b-954b-46da-b3a1-fbf2afeb0de8
PJGJ8J2J1RFJAN03R;2017;111127;B;2023-05-16;bb38db9a-d3cc-4e6c-9034-6a18f4667f66
S4PVA0W37J6DK4FJG;1970;50616;B;2023-09-07;e47057f3-2b05-4d2f-afbb-802705a5a2fe
DNJKSJGC59PFKHC8R;2004;732284;B;2023-01-30;b42eec53-ea03-436d-b14e-986e5cc62925
PUB9X5G50BTVEFZL5;2010;498135;B;2023-09-03;7ed8110f-f04e-418d-9208-eb151adc0888
54MM565Z5FNVBGVLW;1993;611383;B;2023-02-10;8b64e905-f267-4509-badf-9ca0576b81db
CCJH1DDV5DWZLL586;1991;949152;B;2023-09-08;6a8ffb6d-1e1d-4732-839b-b3d93dca86a4
PPLGN5P65PFH864AA;2010;639646;B;2023-08-20;ad103894-54ba-4f65-911d-4e2d608fc1f7
UTB0HT8H7KVTYUXFM;1997;145036;B;2023-06-09;ad9fb206-0725-4849-9bf7-194cfc565690
57PKKE6Y5HH18KTDU;1986;396338;B;2023-02-07;5aaa8921-e86c-4694-90ff-2e294e70e9e5
0MKZ0WTL6ZJA15C07;1991;222520;B;2023-01-01;5ec44f88-7981-448b-9834-e3b7eeed903d
JGEZ9SFH0B6VRSJXL;1987;835278;B;2023-09-11;d531bda7-70a3-44d0-8830-24d2af5efaeb
GC5ZYS4M3LBWN7UY2;1995;962445;B;2023-03-18;c26a8377-f051-4a97-b146-4f770c432480
N2USJU7E3JDLNYPM2;2000;526766;B;2023-05-31;30ebc27f-252e-4999-93fa-eaf067c4deca
NY5HN6P9XCGW933XP;2013;45220;B;2023-08-13;2482a83a-94ea-473b-ad05-f5ff04851812
RZSRP2S168UXM61TU;1990;842725;B;2023-03-04;100063a3-73ba-4d58-8e78-6a2123eb95d9
36Y9XF3V5VEC1GUET;1974;145961;B;2023-09-24;4d216fd7-9250-4e5a-9505-647cda7423eb
17KNDBM59C461HSVT;1989;729292;B;2023-04-14;466ffb75-943b-4b7b-b83f-a34320e117e9
TLUDYV8T7TARHZ93R;2006;422229;B;2023-04-23;7de5c56e-7fe4-42b2-a0ca-6e14a43adaf5
Y1NRC0TC8NEYAGV6F;2005;733536;B;2023-01-17;6c6e5147-6acd-4300-9b66-43f60f930ea5
1UUNVKHDXYBZVST5N;1990;105472;B;2023-09-05;618132ef-b92e-4850-8070-16359c98aabb
GDLVFAWR7EF4VKSFB;1976;702836;B;2023-03-03;bec1a34c-00b0-4e16-b3de-74fd67f49396
ECPKNNMW8YUELFYA5;1981;308928;B;2023-02-14;07997daa-a0a2-49e2-8d56-3c9c3bbd19d4
XNML1ZZR01PP849C5;1993;688447;B;2023-08-06;ee3108cc-272d-4aad-9a5c-c2b161d577f2
89TNZ1N44A23MCJAH;2006;333151;B;2023-04-12;c02bb686-4048-4c76-9a5c-8521d2d532ed
8Y6XBJSK1DVZJPL6Y;1981;39006;B;2023-02-20;3d54ab48-91ad-4e3e-9b81-731a403aad2c
CCD8TAHA5ZFAYG94C;1978;845991;B;2023-08-20;6fc211d8-546e-421c-8a32-1b4ef67827bf
60B79T2N2SEM10FSY;2001;833245;B;2023-08-23;f6d223a9-30a2-4717-b58c-24ed8cef9231
P5ATE0VF46KP7R05E;1970;40178;B;2023-04-15;100063a3-73ba-4d58-8e78-6a2123eb95d9
UX5TV6JR80BSV9U7T;2021;679089;B;2023-05-04;69f5b189-fe0d-4c24-9423-30a59b8356d3
461M8PTV48YYXD5D2;2017;484422;B;2023-05-04;d26d16f8-ed17-47ad-b5db-99b999605916
MJ7H0ZK09USP718G4;1995;703534;B;2023-07-05;c310dbac-30f3-4c2c-b494-fac2204c684f
N360719H6UF17Y86M;2010;192288;B;2023-08-22;e88741a0-2ad4-4a75-9708-667c23901cfb
M8EBYRY9537UJFRJE;1998;659765;B;2023-03-05;e2dbdc3f-6e5c-45db-b778-56fcb3987dbc
XJ51AMRS1DEJ6N3RR;2001;408100;B;2023-02-20;98801fce-0f26-4a60-9b89-cd8a7f16775d
YM13PKS4643WCAFM3;1995;668608;B;2023-09-10;96425f3f-359d-482d-9630-2f8f005cf5ec
PTK4GC6X17T786N06;2013;544578;B;2023-04-22;44f23c9c-c0f3-40b3-9a10-e8c60e5cf7de
1Y9FR21S1KMV4CV0M;1991;725706;B;2023-03-28;ebf98a77-a88c-460b-baf2-c40ebb109a34
1EHGERCK59PYVDM44;1988;543581;B;2023-08-23;c507f109-af83-40de-9fc6-35f1619d4311
7RLBRE8A24S2ZWNR5;1988;610209;B;2023-04-20;ca404a68-3884-4394-b0ce-7e087a65ba68
1Y31352A0JUNFCSLP;1993;581269;B;2023-01-06;4ff99a47-4a58-4e7b-8949-b54b0442ef0e
PLRPGNSG27UAVK06N;1979;357395;B;2023-05-05;8ac382d5-af17-4d45-b74f-d5dd1af04c48
9HH71AHG7NZ5ZZ9HU;2003;482935;B;2023-04-17;dccfa69e-cf07-45e9-ab68-84fd95b9cd40
0WWGL1C3XEJ2H20VP;1973;499345;B;2023-08-27;508d69a1-6241-46bf-8694-2668c8ab4453
YDBNG6L27TGVNP3D3;2013;569982;B;2023-08-10;b9d662cb-c3ac-4b39-8fb1-9e4c10591048
1FCNW0EWX3BP89G1P;2000;908382;B;2023-08-19;9b162a9b-8c1e-4b44-89cf-f07d02cba4ac
JBMTGZ8E9Y6H8929R;2013;622917;B;2023-03-05;e626e4b9-c4b0-4e9c-b684-4a4e8292441e
HEAJ7WBF0KU5P0L6M;2003;759056;B;2023-04-16;cac38075-a5b5-4ad9-a284-9681d35b3f54
MZ2L2JLE0JZHXHUA1;2006;710483;B;2023-05-06;821ebbb0-211c-4df2-a6eb-53ea7ec89eab
NW45TKRF9T486UPZZ;2010;431255;B;2023-09-08;c2471e90-5268-4bc7-8d89-d638db015a3c
K8VJ5GXZ24EV9UZB9;1989;717579;B;2023-05-13;821ebbb0-211c-4df2-a6eb-53ea7ec89eab
YB1UBRZL4B4K9ABYX;1971;316337;B;2023-01-04;0ad6fa12-ae34-411b-9fc9-2c34a6318bf9
ZH0B7L2F09HWMTS2Y;1976;286950;B;2023-03-19;2c033b22-67e2-4450-98b2-735a4f23ac52
KLW0UTVP24N6CLFPJ;1989;415310;B;2023-09-29;042fd58e-55e9-4871-887d-5ec602839837
MRJN6ZF03FA30ALV9;2004;112399;B;2023-07-14;6ff50077-089b-4a9e-b86f-e79340dd47bf
S7ZK5TD047G8CKPXS;1970;415143;B;2023-02-03;ab5af5d1-530c-4906-99ea-b3714b3cd537
2HZYYJ0N5SSABFDZA;1995;289130;B;2023-06-09;c310dbac-30f3-4c2c-b494-fac2204c684f
MADUKELDX1EB3HRRS;1973;940607;B;2023-06-26;328dc9c4-d12d-40be-8790-b0151e99c775
WBV7UAZX4HR56WY2K;1986;673296;B;2023-05-04;e88741a0-2ad4-4a75-9708-667c23901cfb
B6ASPJZE1XEXFEA26;1992;826415;B;2023-03-23;183bf99d-c79e-45c0-bd03-30988e0b38bc
SF9K43FG40LXCP3VR;1970;947409;B;2023-02-18;2efd2d6c-b483-4f4a-b0e2-fc0ff3ea9eba
TXZJ07US2DJCSLNR6;2015;893279;B;2023-01-16;ca118bac-e6ba-4f44-9b58-e51a36f2a209
YHR5LKJH6GJXSMP4V;2006;126273;B;2023-04-30;7dc84849-76a3-44dc-972e-ca65b589892d
6JYXVZR84AXV9YRL5;2001;257831;B;2023-06-10;fff4c175-5bb6-4821-8332-554d7d74edab
9DR97FL1028Z5HM5N;2009;59249;B;2023-04-27;6a06bc3c-2144-4e09-a974-7c7d1627b6b2
DACA73E19EM6VEMRG;1970;806012;B;2023-07-20;007d1d81-641e-415b-a9b9-2189450817c1
J4C6NA8J5AJ0ULBS0;2010;907961;B;2023-05-23;24b0b8f5-47e6-4cfd-b887-f73760d8bca9
C0B5A1MB1KPW26AK6;1975;352765;B;2023-04-21;aab81536-3bd3-4406-8958-5c4b5676eb41
62EMMWWRX80FSKWNY;2018;26991;B;2023-05-08;56322de3-e397-479f-b5c8-c80cb9f8183c
HNYM9RJ14NRWRKGYK;2023;160160;B;2023-08-05;7dc84849-76a3-44dc-972e-ca65b589892d
ZVUC4D4Z846NLG28H;2018;69820;B;2023-01-02;c8cace32-2283-407c-ac48-b1dd553467c7
VAE7RY1W5NWZDVP59;2002;356392;B;2023-08-24;0ff6199a-7175-47ce-823f-514aaf15ba3d
PHSN27FX8CAHVH9B9;1981;999968;B;2023-09-15;12980710-a4f1-4526-98c6-6da059bb3c70
0XKC70MP6UAB8NHR4;1981;362846;B;2023-04-24;f3b65808-33fc-4e5a-9b9e-f7d066f0266b
PJRHMNS60XLZGNXT0;1977;501893;B;2023-03-24;7c2f3958-dfda-4bd4-b6a0-a15cc08b8b3a
GB09CS0B4TL3YGC8W;1987;618247;B;2023-03-27;7c70f415-2d96-42aa-b40a-b37d9e689475
YBETN8ZX3E3FAC2TC;2011;443452;B;2023-07-15;bafc868b-16ba-4ddf-9039-e890b1f2924d
GLCRX9DY22HWWH7MZ;1998;377932;B;2023-07-07;4ff99a47-4a58-4e7b-8949-b54b0442ef0e
98EZWFS6XFZADXW6T;1978;94399;B;2023-04-21;d6280523-b1dc-4782-9b9c-a1437cc85723
7TDTRWZGXGT72XNU5;1974;243134;B;2023-05-25;0e85b37e-ad15-4e31-9dca-9d96b95499d6
YHUH00PP87B4XS2RM;2017;961846;B;2023-03-24;61488a1c-4866-460b-a084-0d3e8048472a
90KF1EUA0JX4H6HGN;2004;755434;B;2023-07-09;fd295310-7554-46d4-8720-878c5eb0c9d0
MJSRXC1B2MEYU1D4N;1993;972441;B;2023-05-12;60a4358e-a963-4fe5-867b-14fc7406fd4d
VFTF4R0E03T71GH45;1974;612685;B;2023-08-30;fa27e6c9-31a4-4fca-81b3-eb29adbe8f5b
3ZSN615X71PWFD884;1982;319828;B;2023-05-19;328dc9c4-d12d-40be-8790-b0151e99c775
75V7VMNB93SCNXEYX;2016;501230;B;2023-03-12;a8c6c48a-0564-42c0-a25b-72a31f3e6ce9
UXTHUHM471KPVVXE2;1992;64665;B;2023-07-04;a343680d-c80f-4752-b443-42e93d0265fd
VVA77LHT7BCBKA6FF;2005;769679;B;2023-09-26;36c868d5-51d3-414c-8fd0-2c8fd4e4b06f
YTNKNL671UJR31PU1;1980;805691;B;2023-07-20;2d4aaa38-91c3-48e6-ba71-dea5f7c641ec
J3SVTAS65ULXN9LAA;1987;252168;B;2023-05-14;8af72397-7700-4ce1-872b-b7c56e0f8fa1
CUHD170Z3VJPZ6XAA;2012;547125;B;2023-01-03;09f5b518-6396-4a79-9efd-9f7b8be911ba
7LYLLB1E6D3P60M13;2014;940557;B;2023-06-08;c9963b77-39aa-4c8a-9898-979ba6b13601
ZN1GH3579S5PWC4K0;1996;99878;B;2023-09-23;c26a8377-f051-4a97-b146-4f770c432480
DLFVBUJJ5CGH2ZDS2;1975;579243;B;2023-01-14;c7190724-da78-44fd-a2ef-59607dd63f08
VHT10UV57F05EGVT9;1997;369429;B;2023-06-15;fd041880-9ba1-4112-8799-bdc9588c621b
FRHVU4JG8TE3E1PFL;1975;17861;B;2023-08-05;ec291c1c-26b2-45b1-bfc4-fb0497c17bd9
8C7AZ9J51R7JHUM1R;1975;51877;B;2023-05-06;bcb6f4d3-cd91-4dce-ae42-9de3b60a5a18
DNVSW9BE28ZTABJ6Y;1990;50223;B;2023-08-23;8f546d44-d9e9-4090-99a3-bddc6ae03906
0FTCD7MJ9X391NPVZ;2005;29501;B;2023-06-12;547d0157-80b6-470f-90d1-e0a82f2d7707
3272ANBH7NEHYJDKY;1998;417031;B;2023-08-25;35178fc0-cfaa-4ff2-8472-57ebc51870bc
2VFNDAWM4KGJM65EP;1991;591508;B;2023-02-12;deae9af4-fdec-49a5-8a73-8cf9a0fadd38
K642XB4K3KGD5SREM;1977;936691;B;2023-07-14;915c17b3-dbad-4780-887b-fefbac8e9073
18NA5U3X5RS2RT52E;2022;4502;B;2023-04-19;c4d98e14-a52a-48c7-9693-ea5f701ce8a2
XELUNK731ZZKDTA9Y;1999;929594;B;2023-05-13;06fbe8de-a11c-4a85-b103-30e59b8b17e6
G5RXAX4S8G8LS18BW;2012;264726;B;2023-03-18;5aaa8921-e86c-4694-90ff-2e294e70e9e5
YTLEY3LG2TPEBCUWR;1979;624900;B;2023-03-04;deae9af4-fdec-49a5-8a73-8cf9a0fadd38
KVBN68BM9Z03L9MDE;2015;607911;B;2023-05-06;de40e832-7b1f-4223-9d5e-3b8ef520ff63
BAKK9EPA3M3NHBH17;2010;369747;B;2023-04-09;f8c86cc6-18c9-4d22-91c8-9bd61800889a
YENXZ6VV11EJJ67KS;1985;789676;B;2023-02-05;9f13c803-7cc8-4e61-bcf1-94910dfbda24
2LGFN3X37VCLKUKKD;2004;93085;B;2023-04-23;427cdfe6-7f71-4be6-a874-ceda0213f79b
N36AUR4RXL3KFXWMJ;1976;78676;B;2023-03-31;ee3108cc-272d-4aad-9a5c-c2b161d577f2
TUN8G3H71U9N5V9WE;1984;337390;B;2023-03-18;032b8efd-27a9-4fcb-b161-00668d4e6591
PK7JHETM9WNABP0CH;2001;907118;B;2023-06-19;2b41acb7-f1e9-41d8-aa7a-61f3bb4b0f80
B9TKXMCJ2D9E124TR;2017;821146;B;2023-05-19;869ea05f-9f3b-4c5a-a271-9dc9ca7b22d1
51KNEKLV1VDXKEML5;2007;624197;B;2023-07-18;a932f9f6-1908-4a35-a096-63b43f76466e
H5BSPRU84SHG3XX3X;1983;90669;B;2023-06-05;5bb8e5b5-a3ef-4932-90f0-245526130e64
RCBUK24A6WTW7LS25;1993;108243;B;2023-08-12;fef2e27c-00b7-4b78-bed4-dd794510782d
2DZU39FP4TFP2BSSF;2016;773245;B;2023-08-26;83bcc376-44c9-43c0-8992-7c4ca3a9f601
YEJNTZTW6V5FXC6PS;1974;804867;B;2023-01-17;a270520f-9b69-47d6-a8fa-ba181849080b
JFHYWW8N0ZPG67CGX;2020;188814;B;2023-09-06;af4917c7-2960-4ca7-ba67-c489a17d8c7e
WXBL5H326697GLX69;2001;82600;B;2023-06-05;4d216fd7-9250-4e5a-9505-647cda7423eb
JNH8A0MX4U48U90H7;1995;251608;B;2023-01-01;2d2debce-6663-41a2-8fa8-ae180b5c75da
TT485PET2CYA8DUD7;1982;349503;B;2023-04-13;d6fc771e-f9af-4340-8b6f-2f4ae5f1e65d
N3JK2N6B727ME3V3R;1997;84981;B;2023-05-10;12648f03-da84-4675-8d9e-1ed3e99fdc70
A7WSTRCW6YJTCVSC0;1980;628261;B;2023-09-26;c8840c56-7b41-452c-a156-f2fda8f59edd
VLP6C1JC5YAEY1WW0;2019;798533;B;2023-01-14;c2edb0ab-b6d7-4342-936c-4ef9f7a7ab8a
2XVTR1BM4DLC18VXC;2011;901190;B;2023-01-15;3ad14a44-2f0d-4555-a27c-86d9cd57180a
4ATSBA6546KPT9SAW;2022;259870;B;2023-09-22;042fd58e-55e9-4871-887d-5ec602839837
866GWVP03473LY5AM;2003;36690;B;2023-01-02;fad9933a-c0e1-4433-ae1f-462cd1e1487c
09RYEC475YX5UGXT5;1978;462019;B;2023-02-01;057dc78a-e6df-4093-a63e-573367595dae
LWGDRLHX37EZL1WWU;1997;247109;B;2023-07-22;11281d86-2928-4012-beda-5552116301ed
43JKBFL59CL8ALL4G;2018;595846;B;2023-04-22;183bf99d-c79e-45c0-bd03-30988e0b38bc
6784HVLPXUV99FPVL;2008;159221;B;2023-01-02;f090ab8a-11d5-4aa7-a5d7-5c920576e902
W9LBT6BDXMX7B23B6;1992;130829;B;2023-02-07;b52d4914-a18c-44d1-896f-2190e289b7ca
34TRRDTX0E7G4ZED8;1978;829356;B;2023-09-04;508d69a1-6241-46bf-8694-2668c8ab4453
J0J2G58677AXK7PLW;1992;800487;B;2023-05-08;66a0631c-38bd-4eab-945b-ced05a7f4ddb
HT29GHFH1RMMSZL00;1970;12688;B;2023-05-06;30d5f3fa-6bfa-4fd5-bdf9-79e020a4044c
S9MJVDNCXLV62SDJV;1994;364048;B;2023-08-17;38efb5cc-e562-4f41-b482-ef8a1ae743ff
EX68VH6459DD63VJJ;2014;695772;B;2023-04-22;871797cb-ad9e-47e5-a746-4c81ea953299
07YUJ4K6XVNV6HWGW;1986;21760;B;2023-08-14;4a3e97d4-0543-4c12-afca-2797072129d8
0APY2BYN75UN9AR2N;1994;601425;B;2023-09-18;b2f26e0e-af60-4236-a482-d110a1360c3f
VW4LVEUE5DDNT53UL;1996;471538;B;2023-01-12;60a4358e-a963-4fe5-867b-14fc7406fd4d
GZFLPS3N5UXWP3H5A;1973;551654;B;2023-02-13;1ab54074-264f-4036-91c7-9e08b5c8c4a7
DBK8H9XM07PLX7X5J;1970;41967;B;2023-09-17;bc87bdb2-065a-4a24-8f43-d6c32d58e057
9RZGEKTR6P6KVK488;1986;733311;B;2023-07-02;e02eab2f-6883-4ada-8fa3-22552f9d2596
C30FYCWRXGYGRDCGS;1975;523625;B;2023-05-07;15fa3d2d-618a-4dca-954f-aaea521fd973
JTCKM27R1G71V0RXW;1991;144709;B;2023-06-04;c54439dc-e076-4b97-974c-c064d9ae3bf7
BVKMF5ZF01YW2ZGKW;1974;412550;B;2023-07-29;f07e4041-eb84-4acd-a35b-f921e8aa1ef8
RV8CZ8YC26GT71XXY;2020;815541;B;2023-02-11;692e5265-4636-4782-8f7b-aa40ad9a4c9f
3MG83DM48KYS2RHWC;1977;714850;B;2023-03-06;66acdfc6-3c48-42f3-8e77-9b880539d698
F9U50EZT208RD69M6;2005;511917;B;2023-01-14;97a692cb-222f-4fdb-a91e-46e34a70ad21
1R0TL7X58LGM8WT4D;2006;723011;B;2023-03-09;d672d0d2-9e42-417b-b648-fa0d021b3a90
REXLKV281ZFCA5GY7;1978;78294;B;2023-01-30;2d3fb431-d567-4c14-b3e0-2cb43ecddb8e
K0LTLWVVXX8JTF8A3;2015;308463;B;2023-07-06;136bb87e-0887-484d-b4a1-bc56f34f1f20
6FCD9FUN71DWULFS0;2012;60336;B;2023-09-06;a68b0492-f6d0-4a5a-8579-7f5a70c5c091
Z28UY0G16UKDMFABB;1994;147564;B;2023-08-08;f72c0740-8096-4444-9e5c-79009d627a3e
5ZESD98A8WBPDEYTH;1972;307145;B;2023-01-26;b8e33312-6572-4502-87c0-4b8f96b6c049
8PSANM251VPEZ37EV;1975;521000;B;2023-09-18;dd92cfaf-4ebc-4344-b070-f0f4c4170f99
KGB0D3TM1D5D04ANR;1988;727129;B;2023-04-27;508d69a1-6241-46bf-8694-2668c8ab4453
HAY78PJP0JSBC2KPV;2005;175591;B;2023-03-07;d672d0d2-9e42-417b-b648-fa0d021b3a90
ZPM2J1L22S9AU6PY9;2005;815116;B;2023-01-16;26265ff4-46f2-4342-8669-a0742fff0637
MAK8ACDK0C4GM9ZD3;2020;260246;B;2023-02-18;fc37d387-3b7e-41b3-b322-d8e37d23c4d9
NAL8CC5N62TXUMU5T;1975;667775;B;2023-01-01;4f5553ce-c07a-4faa-9f6a-c5b5337ce21e
BMBW6J1S382SZ5RB4;2013;765346;B;2023-07-18;dc9e916c-d36b-4681-9f3e-8a753936bbb7
PKPNEPK8XX7ZA9T5Y;2007;458430;B;2023-07-21;7c13fc52-61a4-47e8-bffd-fbad5d1125cd
EVSYE01D3CNC3SWT3;1993;588456;B;2023-03-28;869ea05f-9f3b-4c5a-a271-9dc9ca7b22d1
7075P6NF11VS9BJYP;2000;188844;B;2023-08-30;e129e9b2-cc45-49fe-ab63-faa0bcff1501
N0L25MJS7LPG42X5L;1973;986226;B;2023-09-19;042fd58e-55e9-4871-887d-5ec602839837
V3SZKM6AXWUXJ46Z6;1987;180013;B;2023-03-16;443ee415-602c-4d44-9d3b-f23d8da9e14d
DAMW60VG09WPFLU4D;1977;701339;B;2023-07-08;12c11d7e-8c86-43ff-9d80-e11c93005da6
9GWB7KUG57ASH80J6;2012;293880;B;2023-03-09;4349e011-5859-4e46-9a0f-db7a8e4c6607
D392K07D3NNN062KW;1989;913212;B;2023-08-28;c51b644a-8c4a-4b0e-b0c1-a720991b413a
BYD33XGV4XCVMRRH9;1989;274163;B;2023-09-27;735bb68e-31ac-4420-b411-843ae6fd56a9
4K0ZGUWM316YX6VAM;1980;100165;B;2023-03-16;98d9db14-7a63-4e95-af99-b2a661158957
02591JE320HV4VYLZ;2010;591257;B;2023-03-10;b88f619b-8fce-40c9-b6da-976922a91b0f
FU1EUKFS4AYN63ZER;1975;870858;B;2023-06-02;d3e0dc28-a740-493b-9f11-2e70a6e4d331
CC6JYSYA9ENV2G2M1;2007;193645;B;2023-03-26;b6d99c02-9224-4837-946c-cbde7c653edd
6ZHFEXCA6P1KC9SNR;1973;162707;B;2023-06-16;af956f63-df69-4015-94f3-ccbf6d7b973a
SAUD0J4F3VUK5RSKK;2002;146263;B;2023-04-08;22f137e5-a2c3-4f31-995f-58bf5a8a96f6
JL8R23567D63W1HT9;1978;203547;B;2023-05-13;c7190724-da78-44fd-a2ef-59607dd63f08
D5CG09CT6T1HCL36E;2015;896380;B;2023-01-13;2cccf926-86a8-4550-aa47-9dc769472ab1
W7BYAMKE9ZKZWLN22;1976;669390;B;2023-03-19;e88741a0-2ad4-4a75-9708-667c23901cfb
VDJVD10E1SJ0F8W6U;1979;901604;B;2023-06-24;a68f6782-acbc-49c3-b1bf-ad4843358b9f
SZSJ76957XN2VTV14;1988;476040;B;2023-02-11;47e49e89-961c-4870-b2ad-ec665df01c8a
9K58LK3R6UM5R4MS5;2006;166966;B;2023-08-30;db2ef6ab-78e3-4b75-a627-36bbab3b104f
0VCZWJRAXYN1CY1PR;2005;254781;B;2023-03-07;4a540023-da51-45a0-9ea6-f3627b337066
FAV7W04KXSVK0V2CV;2009;725192;B;2023-04-12;a343680d-c80f-4752-b443-42e93d0265fd
K9EYB1752JHPLWHKV;1987;294865;B;2023-01-27;b88f619b-8fce-40c9-b6da-976922a91b0f
86MXNP8N2PK78CTFB;2011;110528;B;2023-05-03;6a0d0a00-678f-4dcc-8ee7-d7b0695afb29
LZJ7V1LB2WELX6A35;1988;265988;B;2023-08-09;a3925a4e-6d42-4252-adb3-3803efa87dde
WLC6MCUW3ZL9MS7GB;2004;865691;B;2023-03-13;6d093251-e632-4e2f-b6c4-6504250ae38d
KFZ5BM590TYF1PH9Y;1992;805859;B;2023-09-07;341a3abd-adb0-46e6-8946-6a96cc5c1e06
23G0Y88T5S4E355M8;2007;614464;B;2023-08-24;0b70e447-ff55-498a-a989-0c6fa7567390
K53EKLVE4MKVHED13;2003;403979;B;2023-03-25;692e5265-4636-4782-8f7b-aa40ad9a4c9f
XTF0CMHF74FDLHP5V;1971;916374;B;2023-06-30;8a53c8e2-1a13-4e02-ad9f-e76a3d78659e
5ARLFM4W2LSTN793B;2000;416350;B;2023-01-21;fef2e27c-00b7-4b78-bed4-dd794510782d
MUDPMKHJ1TWPP4WBP;1975;645325;B;2023-09-16;9f6df4e1-aaea-42b5-8cba-619237fe7ad5
JWEV76W74PS3PHTRW;2017;420920;B;2023-08-12;8636a89c-43e5-4039-b848-633b765e2a68
C8RE255Y6L96X1VH4;2015;63841;B;2023-01-18;1310e968-47ab-4fe6-9497-281ce8d2cbf9
Z09NC9HY36UGZYGBK;2002;587090;B;2023-06-11;58bccbb7-a1eb-4adb-ab05-d924de1974d1
BRKVSRPG7ZES5LCUU;1988;856634;B;2023-04-21;500d03cc-08b8-4e57-bd63-d952c597396b
2TM8AD9R6D8XF3UYG;2005;356522;B;2023-01-19;16acc5ba-8481-42e2-a59f-70688fcf54fa
REYFKWSN94BH52JP0;1986;312416;B;2023-08-05;e0594091-ff20-4c2a-a740-1120f31160de
BZUA26GZ45ZKMFWEB;2020;578028;B;2023-03-19;932808a6-ae45-4acf-a2b3-995b1be31613
AJV95U5N4W86HP8M4;2013;364815;B;2023-03-11;aee12371-e7b7-4869-8f8c-ab2496e973f4
XGWYLCJJ5DCR4NWWC;2006;507572;B;2023-02-14;d7ad6378-1f90-4a87-a8ff-45a645537471
90W8JJ8V03Z4PLW93;1977;719552;B;2023-07-16;03e2503f-05e9-43eb-96c8-114e9487c7c9
AH9N85WF0CXSFYRGG;1987;715453;B;2023-01-12;5724d9bc-1b9d-4421-83a4-2aba324baeb1
E6KDUEMM45NXCTXVD;2014;825680;B;2023-05-26;fed5b8de-acfb-4a4f-8795-f19ebd9ce1ae
NLUM76R78XVJMSLUM;2001;274670;B;2023-06-08;754e1a24-9115-4efd-9c77-708a993e7200
WT6HNHTZ6U6SNLY3V;1993;300931;B;2023-07-10;96f77d23-280c-4b9d-92e2-381aecce3edf
RRL3SCAC65NVPPLB7;1999;771114;B;2023-09-02;2ba2890c-0363-403f-9eef-e8c4479259a6
UE48E6MH33RCR5UGH;1981;628979;B;2023-08-09;3f53f0be-5b04-420e-bb8a-b519d4ed3b4e
46DK6AW41HPU0FCX1;1982;946585;B;2023-07-25;3c735285-e260-4b5a-ae0e-141a891b7b73
PYARGHYK8FVF13D32;1995;409782;B;2023-08-27;fa41b279-a206-49ad-9bcc-7cef00053fd8
AD7V3SSB7P0NAVES2;2010;933057;B;2023-04-16;630a2468-9cb1-42da-b32a-83c51150af9f
UWHV9T1J4Z78YPBSH;1985;56632;B;2023-06-15;2afa2806-0e06-40a0-80c0-58d2d126214f
BA5NZ77D7N4ZULRJZ;1972;774572;B;2023-08-31;6a611d7c-c09b-41f4-bc8b-face4b749bdf
GW1BJNVW535VU03XT;1975;425488;B;2023-01-01;b2f26e0e-af60-4236-a482-d110a1360c3f
5655PS0V42NDKKFGB;2008;832669;B;2023-08-24;e1e08eff-4de9-4ed5-8816-88c98625503c
939MCZCV16BLWKVD5;1980;595004;B;2023-08-31;5250c698-2dff-4ca5-8716-6a6f5f536224
D9PE80U140NZHWM2Z;2008;150922;B;2023-03-08;26265ff4-46f2-4342-8669-a0742fff0637
6X0E1WJ63MN2G2N89;2022;769342;B;2023-07-05;1797905f-47ec-4c64-a77d-4c8839623600
WBMDNF4V17GKDLPGZ;1991;945581;B;2023-09-30;7787af60-bea3-4958-961c-15a6515414bb
U6E70BHC58JGPENR0;2004;379024;B;2023-08-10;e7e65568-6688-4b2b-a83e-58fd7ebbc4e8
D8EZ2PWY27M13K6TL;1978;412253;B;2023-09-15;b712ee37-0665-442d-94c7-fdd716d19eda
F356J1T5XJ9JRDTAK;1976;462594;B;2023-09-01;c339c473-1c43-447c-9a83-376e452cc751
136YWR7L7Z58N29R0;1982;860337;B;2023-08-08;efdd5168-275b-4043-b8cf-cb78e872bb8c
H40YKT9B25A4119Z6;1981;136583;B;2023-09-16;6533d042-e773-45c4-8836-ca06356a463a
2F2HHHYP30GSBP7JE;2005;429177;B;2023-04-03;bc85c29f-9434-431c-9a15-1e7972a6c5b0
TX3GEKH25WJ60NT82;2019;998193;B;2023-07-17;4738aa03-05b5-4b88-a144-483b185bbf80
DE231FE76S31N3323;1988;774121;B;2023-09-01;6b82942c-80d1-4397-af6c-3cd357a8114c
H0YSTV986DHW6DX3D;1988;489820;B;2023-03-28;5ee535fd-f864-4feb-9046-06db75a8e09f
EHY0AGZJXBFGR8C6G;1996;950547;B;2023-03-15;30d5f3fa-6bfa-4fd5-bdf9-79e020a4044c
XCPUG0XX7HECXNU0A;1994;818;B;2023-07-28;56322de3-e397-479f-b5c8-c80cb9f8183c
R9ZDZ05Z2H1XNV2DP;1994;573018;B;2023-03-24;c2edb0ab-b6d7-4342-936c-4ef9f7a7ab8a
N6J3YGRR5T69NCV76;2011;725231;B;2023-08-30;020b3189-7b8f-417a-bfcb-04562adcb419
B5JBVGJT13YVWHWPE;2010;425226;B;2023-08-02;8a53c8e2-1a13-4e02-ad9f-e76a3d78659e
E6GJK79W3Z7Y3DAMK;2001;614866;B;2023-05-23;33a5450c-b7d5-49bb-8c08-232374cf9880
3ETVENXXX1V51RC8G;2013;240614;B;2023-06-22;b86079bc-8915-4c7a-a7e9-759f60e1b9ef
KBMJWJGK6H76JXWSM;1983;520284;B;2023-04-10;dad7ef52-fbce-4957-bfe1-d41b2cc29cf0
2KESZT5M5NH11U03U;1988;50232;B;2023-01-24;62a64d64-1b5f-4a3f-b419-818b006c73a8
S5DSUP0RXA5AMJRB6;1979;989926;B;2023-03-22;b99731dd-5ad6-4afd-93ef-b5b9b2a71a97
SU2CFT8V9PE1GVU5H;1998;618551;B;2023-04-12;3ffd028c-bff1-46f5-aaae-aa69cc416a44
R9YBUZTK6YFVR0SGF;1996;120893;B;2023-09-23;5fb81f6c-79f2-4715-8785-119c1dd2b91e
2KME4N3T75XRT0Y5T;1972;279990;B;2023-06-28;38424170-56b4-4b3a-b465-9278908658aa
YG9NE7KG1TU255FF4;2007;890839;B;2023-02-09;cab1231a-9a78-4f84-af8b-2b9f4cfa2238
THNWC1RT0CRNSCYCA;1989;117753;B;2023-04-08;5c9b82fe-7c43-4738-8495-74c00e488524
KUXAF33L96ZC3GSAW;2007;24925;B;2023-06-02;01e4a9eb-649c-4cdf-9d8e-782ffafddddb
4R27FVLS4Y90NYJM9;1996;592653;B;2023-05-21;f8c86cc6-18c9-4d22-91c8-9bd61800889a
59GAXEA07SSJ964XJ;1991;41065;B;2023-04-09;7811475f-bcda-4c5e-b745-ff4788610ae5
S5NZCM6M9PUF7KDHZ;1984;150124;B;2023-06-23;7dc84849-76a3-44dc-972e-ca65b589892d
YR8D729941791J58W;1980;632509;B;2023-02-24;cf96d024-f813-44d5-aed6-3ff9d0171908
K9BVKDLX1CDJHMAUJ;1979;297884;B;2023-05-11;5e3cbb05-b467-41de-9fa9-1b50feb1ab17
BLYU1P8X3TA525VP1;1990;701330;B;2023-08-12;dc0fb9a7-5cf2-42e2-9126-ced5d3649b56
9R898V6794ZVPVY6U;2012;664415;B;2023-01-06;2482a83a-94ea-473b-ad05-f5ff04851812
P9JJ76DE2V0KL50AB;2000;368843;B;2023-05-01;9c2a79e9-b75f-43d1-b132-f836dc9e0a3e
64H8BR1YX8EEYNMLW;2013;805775;B;2023-04-10;ec67b973-4009-4519-95a5-911d2fdddf8d
EK38JYHG5LSR8RPDA;1984;645666;B;2023-01-10;bd016460-92f4-4a26-912a-9d3507ebd2f3
PUW53WMLX5XG8NC15;2020;152788;B;2023-06-08;1b02a48c-957f-482f-a977-4147b9f436d0
3VPYZ2TV2S4XFY2S7;1971;58935;B;2023-07-13;b2f26e0e-af60-4236-a482-d110a1360c3f
80KKRE4V774X69PHM;1990;662515;B;2023-02-02;e0c509be-ac08-4f0c-a9ed-b3c5d33455d4
7FM6T0PC0R6ZMCHSR;2016;319135;B;2023-04-12;8662b7ad-3625-4555-96cf-56d0cd351bc8
Y8ZWCTR51V3A0H0ZY;2014;251865;B;2023-09-11;94e9c577-7e9d-42d5-b679-e5fb5d6c5f9b
ZT2943NL5CSY9SFN3;1985;822348;B;2023-01-17;2616c5c6-989b-426f-9b85-5494a6f68ca8
YCXG0G3K9FFUX6VS6;2016;609333;B;2023-05-17;df455182-cb50-4d02-a8d8-6c07032f1cea
EST2R9FW4YMUTZ6J8;1985;680070;B;2023-05-08;3e8ebb5b-f910-4109-bd47-a0908eff5425
2ZFBBMZ35WE3569DR;1983;593510;B;2023-01-20;336a6e12-f2b5-47c0-90ba-ba3c2745c2d2
2HCB9TEW4JZHUGUCM;2003;823981;B;2023-01-21;8d48c70f-4692-4607-ac0c-c24415d5be67
MHKRFD8KXJ2SAEWVP;2001;211989;B;2023-08-21;d1b18529-572f-4a44-a2f9-8e3bb529676b
5EK1D05D9FMDRU9PJ;1982;761054;B;2023-08-22;8e7633af-3045-4e02-9fe0-dcee69439081
V34HFH7Y9N31YLJUH;1980;383812;B;2023-03-29;54be0b63-9179-455d-8aaf-25ec08f42b12
73UYXSL71WZFUR0KA;1993;719123;B;2023-03-25;1165a3da-c0e1-4e97-9ee7-eab65a151137
N5X95BBL6017A2YK7;2011;610657;B;2023-01-17;bc87bdb2-065a-4a24-8f43-d6c32d58e057
KSLZC60A6H2VUSNZ5;2000;720629;B;2023-07-08;0c590b1d-cd5e-4525-8b03-00759b6d45f9
2B24Z18K4RHM1XLFM;2000;363304;B;2023-09-26;7c13fc52-61a4-47e8-bffd-fbad5d1125cd
V63JLSLJ09J94AN6Y;2002;991294;B;2023-08-25;91bdb7a5-d522-4ea3-87dc-8aa20c71cacc
8PBT829LXKHDJ3GN3;1991;924069;B;2023-07-02;99e5f897-2909-420c-901c-1ef18298768a
RSJ52APR6ZTKDN5FU;1989;352799;B;2023-04-02;bba70486-d106-4d7e-b527-9e28c21b490e
VD8GB8VDX5XJKDP0Y;1973;890160;B;2023-06-15;33e12717-ccb0-4ec9-8d91-2ecdb606e260
MR7Z6ARV2W900SJF9;1978;315223;B;2023-01-13;ec67b973-4009-4519-95a5-911d2fdddf8d
HBUCP6UA6F7UHC724;1997;49658;B;2023-09-28;62a64d64-1b5f-4a3f-b419-818b006c73a8
1E33LU8U1JNYUHV66;1992;381296;B;2023-01-14;5c0eff23-bb31-456a-9117-05547603b500
S3KE4RUTXVMRHUS9U;2005;583822;B;2023-05-28;fff4c175-5bb6-4821-8332-554d7d74edab
2PFNGUZ3740EUPPZK;1998;416025;B;2023-01-15;b702918c-d893-4cb3-afef-11273a6201c1
WCXB1XXLXXCH68309;1994;464008;B;2023-02-26;38424170-56b4-4b3a-b465-9278908658aa
2E16E11J141WRCJWN;2016;989649;B;2023-02-20;7811475f-bcda-4c5e-b745-ff4788610ae5
8U7RGL6Z5ELV63Y3U;2015;282838;B;2023-03-14;bcb6f4d3-cd91-4dce-ae42-9de3b60a5a18
KE5MJ66D2SYYMSJSM;2009;695313;B;2023-04-07;6a611d7c-c09b-41f4-bc8b-face4b749bdf
2HZ1PK0E5EZG7WJT6;1999;431383;B;2023-09-23;871797cb-ad9e-47e5-a746-4c81ea953299
0HVFEFV81E218H44A;1981;601531;B;2023-05-04;38424170-56b4-4b3a-b465-9278908658aa
B141PNCP2U8KH209C;2020;532773;B;2023-02-09;96425f3f-359d-482d-9630-2f8f005cf5ec
8MW4CAJ82T6424BY4;1989;957861;B;2023-03-14;329bd21c-c804-4681-afb2-6b4193fd0edc
7GXG51172BVSZ7ZPJ;2019;555521;B;2023-04-05;43c46b65-cb32-4e55-9dc7-be602de8a8f6
2XS0FTK81RS8YLNPF;1989;55279;B;2023-03-08;1165a3da-c0e1-4e97-9ee7-eab65a151137
9D84SJ9U46CKV4TJT;2015;804940;B;2023-09-10;05ee427d-35ac-4117-a480-f1de41a0e72b
CV6Y6EXX6GD56D8L8;1974;103826;B;2023-01-11;94775b75-04d2-46d1-84e5-7fb75cc47f4f
XZ5ALUP6XLRFHBZNX;1970;173046;B;2023-02-17;51df745a-5093-41e1-8550-5a71699d6dc6
XEFL0V449VL9Z698F;1997;908083;B;2023-04-17;c39e98ee-0790-4cf3-975b-117721883822
8ERFGN095VPB3M3K1;1972;731489;B;2023-05-09;669423c1-7fdd-446f-830f-7ffc415fec1c
JBKGUW2E868TJ2ZLP;1973;380444;B;2023-09-23;1f42c912-8db6-4c1a-8c38-cb52ac2d78ca
0FCA8XGA1ENJVYULA;1989;805549;B;2023-03-22;3f53f0be-5b04-420e-bb8a-b519d4ed3b4e
YS2MKD3K3YZUZY42V;2022;56986;B;2023-08-14;d14ff4aa-3608-49eb-be88-a020e93bc753
4K0W6N51XWKE6F2AW;2015;968446;B;2023-07-25;2555b639-0b22-4c97-ba61-7bf3cc405945
CTTGZRCC69CWP8HR8;2007;213391;B;2023-09-28;54aea0e1-9f03-44a8-91b2-298937736b77
GYVEDD2S0CRNM69ZG;2002;334776;B;2023-01-18;1f42c912-8db6-4c1a-8c38-cb52ac2d78ca
TCNHEUP777F35LHPU;1981;449871;B;2023-02-25;c4507ef6-1037-49b4-b5f2-4fc861b7e093
6SHRJBUZ0W6K6UK21;2018;327827;B;2023-05-21;5c0eff23-bb31-456a-9117-05547603b500
SUGXSW7Z4PL0VP56G;2016;61554;B;2023-08-26;474046be-1473-465d-a0fb-83d133bb3fd7
TYFWBV5Z6KZN2VTWR;1979;472104;B;2023-01-23;4597348c-3880-41fc-a34e-3cb6da9aaaf2
SD4KSNU12MKX41ZPB;2019;321399;B;2023-02-05;34b5a5b7-204a-401d-9b9d-74b9afee9db4
MXDRJN2X1Z153LT5G;1983;441641;B;2023-08-22;ab5af5d1-530c-4906-99ea-b3714b3cd537
9UCYN6J110FZ4457S;1993;896105;B;2023-01-30;c0d17e0a-d765-4b3d-9abf-9f73a6d548d1
6X1JE5MV9SYTCM8WJ;1975;635973;B;2023-09-25;3f6b4265-f772-45ac-a683-008828439214
6JY88VTK5SYXD0TD3;1971;844557;B;2023-02-19;5fb81f6c-79f2-4715-8785-119c1dd2b91e
YWC7HBKW8EFUZJY83;1970;872480;B;2023-03-11;5e8cec12-cc6e-4769-ab4c-bf0048b7ad5c
1EBKBJKV3WWRJ99JP;2004;445601;B;2023-09-09;97a692cb-222f-4fdb-a91e-46e34a70ad21
TPPB7HSM5R4MDY7PX;2013;314179;B;2023-02-17;67523116-561b-48f2-bf5a-4ae709f70a25
2L51KV7V5W47FWAX8;1976;853081;B;2023-04-16;26714ee1-cff7-4094-9e76-39ddfcd678dd
LA9LCNHK2403ETUK6;2011;984172;B;2023-04-09;06fbe8de-a11c-4a85-b103-30e59b8b17e6
PZVXC4XK8K4YST6R0;2007;900502;B;2023-04-07;5fb81f6c-79f2-4715-8785-119c1dd2b91e
DAZTUV6J3FF2Y9JVE;2013;652104;B;2023-03-13;26c26268-6d38-482c-bd0e-b07237a1ede3
2DLB5NYU19Z42L49Y;1973;656184;B;2023-03-07;427c385d-b9a6-44d9-94dd-074eb73b2bb8
PZVKNSG98ZVZ6LKJ6;2021;774004;B;2023-03-14;f3ae57b4-11f8-4c0f-8641-f9141ff988fb
0XXGX8BL2XDR0RYHS;1994;724416;B;2023-09-12;a28bc853-8f96-4bde-b45e-db8da4286c33
4VGGMHTT4GA3JKCYX;1988;780979;B;2023-03-12;788121a1-ea4a-4ed2-94ef-297661fbd8dc
60C4R3VZXSGRD4H3U;2022;338876;B;2023-07-22;e5264f0f-d0a8-40b3-8b84-a7345c9a1a2b
YM0EYB8K2Y35U8U8Y;1974;83924;B;2023-07-19;26cf7c1b-bb7e-447f-9e66-3c20f78e03c7
7YBLNKMY1F9KJ63UE;1998;505702;B;2023-07-15;0146f28d-f3d9-42ca-8115-a65979e552da
ZS4J7PAA75111M352;2006;669437;B;2023-03-30;692e5265-4636-4782-8f7b-aa40ad9a4c9f
H8Y007E15CV6G9AGK;2011;380241;B;2023-01-29;9c1bc4ba-0d38-4917-80d2-23105096073d
JNFHD8J14Z8M1K9H1;2015;725648;B;2023-03-25;2e4bc94e-521a-4d61-b8c4-236102c33818
083W9G6N4G13P14DN;2019;445434;B;2023-07-04;3ce521de-eb4f-41bf-8994-6761cb7cc46c
T35PYHFG02LM9W57M;2013;824409;B;2023-01-06;b014f815-e34f-4973-8e43-dc46858ef6f4
6NBHCHX32GVW6W2M9;1996;939185;B;2023-01-04;1994d533-e192-4195-8923-0b5e6d417856
HWUFWUJH5RXWWJB5W;1977;676454;B;2023-01-12;10c80670-1913-4341-b6e8-51238135ca0e
R9RU2C1N2BMJANG9E;1971;161609;B;2023-02-16;99b54f6a-85d2-4d58-a32a-50df7310b371
BA9L226NXDEY96PP3;1989;546128;B;2023-05-03;8d013dae-fa9b-4eb7-8dda-9c83b683b125
SS8SJ5382ERTHJ6ED;1983;850495;B;2023-08-09;96f77d23-280c-4b9d-92e2-381aecce3edf
DNDD9AL63FFSBR7DG;2012;768989;B;2023-08-31;547d0157-80b6-470f-90d1-e0a82f2d7707
THULEB8N4653NDXRJ;1989;633166;B;2023-04-29;0a9f6a31-225a-4114-adaf-5171317c1ef0
44FADWJX30TGCDBR1;1979;614885;B;2023-03-30;8b3e1898-784c-4bbf-9066-e473e543dd0a
NPK0NWT423A5N4WDJ;2007;939164;B;2023-09-24;030ad4ed-283c-45ba-bbf6-f21df8366c5f
CKFL786T7MCCYMGX0;2013;775486;B;2023-03-09;5d01bcc4-9e41-45c4-ad07-6dd5fd223e88
X0VH6690231C7W6XL;2005;458783;B;2023-08-19;5e570983-230a-4b3a-8cbb-f56bc4ac13e5
H9K4U9FK5EYKSJ0X3;1992;960896;B;2023-07-10;b120eaaa-c9c3-46c4-bbc9-99af0d1ad51e
TWY7R4JA57L4M5PCA;1998;546714;B;2023-08-18;c6fd13e7-c13f-4682-a965-f72dd3e32a6a
ABY6A3N40AMPSYPCE;1997;938643;B;2023-01-27;bd1af2c8-5757-4ec2-8bd9-696cf1fab55a
1Y27GEW6X2FJM0CSN;1999;606871;B;2023-04-09;1ca54c26-e01d-46c9-a77f-7f7673815448
LUWH71UR0TSS59348;2017;762236;B;2023-01-17;0094254c-fee6-4920-8a15-32749414ef8a
9DDFF06811228KYC0;1970;282355;B;2023-08-07;555fe96c-e5ed-4640-a911-f0c24f772b27
6SG701D20MUECLBPC;2016;302836;B;2023-01-30;23c76f46-02bc-404d-8d7a-87c0cb9e3c27
EP72HG9P4Z3FJ8KTR;1979;261043;B;2023-07-06;0f82f9cd-6cd2-4058-bade-d80f8a9dca36
WAAEMKNB0P79BGT6N;2009;564086;B;2023-09-17;c7a3fd74-a46b-4ce3-a9dc-dfd7d93ac714
WCYHZL4N888Z3080H;1976;460196;B;2023-02-20;f41460f4-9069-41da-9b83-0be5d1c78bd7
H2X01XEV646Z61TMR;2001;132073;B;2023-01-28;1cec05bf-c7b2-43e2-9234-b7db762410da
DFB0XA1Y54KVKGNZE;1987;897410;B;2023-07-02;953949cc-d80d-407b-bf2a-9770ebf8ad2d
G8XYP2CZ9E0K4S8FB;1978;584531;B;2023-03-10;51dd84e3-e22b-4513-b027-88c9a7aea1e2
ETWAA2HR0R28XTHMW;1970;289995;B;2023-06-20;df455182-cb50-4d02-a8d8-6c07032f1cea
8ET8AG4E8EBYJWS24;2009;670946;B;2023-05-15;61807357-c312-48b8-99d8-49664868cac5
J08DTML18TTMXF7NL;2019;500619;B;2023-01-26;ff1b2525-aa5d-4077-878b-5b0c12751712
1GBMD0SH48253UDXJ;1978;609795;B;2023-05-30;e865a0da-9601-4441-9f5e-e5af2baa9581
SF1K3KS45MPXHF0ZD;1994;762776;B;2023-04-12;892db6cd-284e-4aea-8fdb-078c2a996490
7RAN6ZDK8F8VY8DHK;1998;985759;B;2023-04-01;33a5450c-b7d5-49bb-8c08-232374cf9880
4V36HWHA3WA64A0DD;1980;786427;B;2023-01-12;341f907d-c772-4aff-8180-af252462ce86
XV82ZKRU6UPTDT8K9;1999;598611;B;2023-04-27;4fe51454-06f3-4265-8191-e7a944f0603e
XP1KZYHT3Z9MWXDV5;1996;879222;B;2023-08-17;08cc23c3-e48a-480e-88cc-f5182d3bbad4
EJK2W4TZ3YY0W6MLB;1983;428184;B;2023-08-11;67be030a-dd03-42dd-9d9d-e6c1a99255fe
UGVUU5PF8VX325GSU;2017;772587;B;2023-09-19;042fd58e-55e9-4871-887d-5ec602839837
1950T440XZBNR2BKM;1996;918540;B;2023-08-09;329bd21c-c804-4681-afb2-6b4193fd0edc
WH3MG4K57DBV500U8;1992;464587;B;2023-09-14;ed9bb9b8-313b-4c67-a1ce-1f5a512ff642
A98HM2GC3YK8C0YXG;2012;465477;B;2023-06-01;96425f3f-359d-482d-9630-2f8f005cf5ec
UC39DTL2620DKE35K;2004;82462;B;2023-05-29;5250c698-2dff-4ca5-8716-6a6f5f536224
K33ULFRE5X9L6RLGA;2001;610653;B;2023-01-19;4c6e1e9f-d2e8-4f33-a4ac-1e019442fd1b
4AK1RF81376DJUYJD;2012;406482;B;2023-02-15;5f1bd595-9075-4008-8374-2aec0271813f
4BK69AEV2Y9TVU2R8;1990;372772;B;2023-07-19;16879e07-e508-4c06-9ba9-6ef1e05efb6b
H96LHE889WG1NBCSU;1991;808425;B;2023-06-29;c08d2256-2735-4212-931e-718cb7642ddc
6KPHTFC38658VG6J9;1972;620072;B;2023-02-21;907cc52e-eaec-4936-91c9-d59199e3f181
5K7NZ9JT294A21UJ2;1999;32231;B;2023-04-12;6242a92e-74c0-4901-9f2e-722d3603c978
P7NZSJG79UB31XUNR;1972;788215;B;2023-02-12;94775b75-04d2-46d1-84e5-7fb75cc47f4f
H2M427GV3LFNAR7VJ;2001;452184;B;2023-01-18;3c735285-e260-4b5a-ae0e-141a891b7b73
ZD6WYHTV0HA0K83BW;2003;499885;B;2023-03-16;fc35c745-062e-43a6-9558-c8417ea0e380
P0M91U840VWTFW91J;2014;328104;B;2023-06-19;471f9085-4244-4108-831c-58b63b08c03c
7D3K6D5G921F3TSPP;1971;827899;B;2023-05-11;586a4140-6f2d-4a4a-8674-02309f3fc7ab
2MT0M8AJ9F5TYRH7U;2000;313279;B;2023-04-23;294285aa-2560-43d4-9fda-7d04018b0466
WZBLU74U4AH4D5P19;2020;201708;B;2023-07-19;de3ecc36-bc1f-4c40-b4b4-c6b70cc0ebf5
Y0YDNT8J9B71GXFNN;1991;832715;B;2023-06-08;75103069-5a29-47ef-a984-3dd4439d7ef5
F58W34ND61413G7J1;1975;315792;B;2023-09-01;fbc1ec36-f434-41f3-a52b-8cf77f19f499
PFMFHKVC28HERRKDE;1973;589110;B;2023-04-11;c6fd13e7-c13f-4682-a965-f72dd3e32a6a
RWJP88134GFEP8HHY;1973;453194;B;2023-01-13;3ce521de-eb4f-41bf-8994-6761cb7cc46c
GADDP1WY7H131CSB2;1999;223175;B;2023-06-22;aee12371-e7b7-4869-8f8c-ab2496e973f4
X4KMZJ3M1PXM4UNSF;1990;11416;B;2023-09-06;aa5ddfb8-706d-48e2-896a-4e92cf4b34db
TEAK4R2353VXNMDE4;1996;304688;B;2023-06-28;c02bb686-4048-4c76-9a5c-8521d2d532ed
BMEN3YTA4DKUD4X4U;1984;176925;B;2023-02-24;434a2b66-9dcb-400b-aff6-76d749596e33
PD2BKLZR4T3J6H65R;2017;900890;B;2023-05-31;dd3fdd4d-70f3-4051-b3c2-d5df217d8769
93E4WHFE786SJTTNW;2017;178079;B;2023-01-28;fed5b8de-acfb-4a4f-8795-f19ebd9ce1ae
1826B5F5035EM6P70;2019;173622;B;2023-03-18;eb4d9b58-e6ce-4319-8048-a1426bfe4ab9
D6NWMCEX38S031B8T;1996;453215;B;2023-05-31;f2db4a9d-2d55-469d-86dd-d566af76e631
6XWWRYNR8V48EGMSB;2017;883096;B;2023-07-05;5042a9c1-17f5-42fd-b0fe-703c73aea7d3
F194GE9A0PAN0AKNR;1996;758515;B;2023-07-18;66e1d723-c260-41c6-8eb0-dd19e88e3b60
NY2WZ0X324MCTLUNH;2023;604918;B;2023-02-10;ff1b2525-aa5d-4077-878b-5b0c12751712
1WC2V23E6GK3WFXX8;2021;796181;B;2023-05-04;7e0d8403-0bf7-4187-b8ad-d8f8e45c5be3
X16CG9PF5KZXXMHK9;1983;253542;B;2023-07-22;9254131f-3e90-4b11-88ef-8bf6d253f241
SDMD4C9072161ACSE;1972;964107;B;2023-01-19;aae3c31e-d3ae-44cb-b683-2acd25728bb3
A5DH7XL06SY1EB2JW;2022;270432;B;2023-09-08;6618e277-6eb7-4e35-8af8-bc08ea0b1207
6LUSUN863TGRWDWRJ;2001;678841;B;2023-04-22;cc1a3ad5-2abf-460c-98fe-c46878ba0587
11P5GTWM5K66G5EBR;2021;366125;B;2023-06-26;e2dbdc3f-6e5c-45db-b778-56fcb3987dbc
XUJ5FGC680B4AUSFH;1981;734316;B;2023-03-16;5de64a6b-3109-442c-b4a9-423c7eca0aca
20NSK5FH7XGDSVBBF;1990;703261;B;2023-08-18;ab3c6c43-1888-4af1-ab61-179e5b6fbaf0
G06FTNCK7H8EZBWWT;1994;196033;B;2023-04-28;56c217bb-f247-42a2-8be5-ac978dec5255
KFV24Z484P30J1P0F;1970;690302;B;2023-02-09;a270520f-9b69-47d6-a8fa-ba181849080b
4MMC0BPE0L32PM524;2022;387538;B;2023-06-17;be6df9be-e80a-4276-a9cd-b4a9bda898f1
MTEU90RS5SRSKXHKJ;2016;771588;B;2023-06-15;df7f3f75-85ea-46fc-908c-35b8f1f2efbc
ZNKKFDDZ4M03KRCL1;2007;105112;B;2023-03-14;eb4d9b58-e6ce-4319-8048-a1426bfe4ab9
AJ3GBRDW3CN7X8NTW;1985;223073;B;2023-09-01;9dabbbc6-cb7e-40ba-bfd6-a9817e509e3f
6G7VGBHB8A5R1TYN6;2015;804629;B;2023-08-25;e1e08eff-4de9-4ed5-8816-88c98625503c
P4JUXZ94XSCB6MBJH;1985;747373;B;2023-05-01;fbc1ec36-f434-41f3-a52b-8cf77f19f499
S0MUUG2C8P3R62NTB;2015;43738;B;2023-01-16;3ad14a44-2f0d-4555-a27c-86d9cd57180a
DU1TVEUHX7KX8ZUV8;1996;394202;B;2023-02-05;c0d17e0a-d765-4b3d-9abf-9f73a6d548d1
CDRY491E709KBD5JV;1993;633442;B;2023-04-19;1b964413-12b0-4a80-91a0-4afd8741b287
00KE19523C6YPVRYE;1993;838791;B;2023-09-25;290b04d8-7647-423c-bb3e-0f0e8011485f
LFB7F6R34KMJ5C7FH;2009;263111;B;2023-04-11;6137ff7d-83a2-45cb-b63b-c8595aa6bd24
DX4PLM5S8GLW99FUW;1983;507656;B;2023-05-15;eaf2e016-dc8b-4220-92cb-4d536412feca
GY3RDS5SXH9PA2ZFB;2016;27496;B;2023-04-23;bec1a34c-00b0-4e16-b3de-74fd67f49396
TUS0ZCS292F43SLMY;1997;991549;B;2023-04-24;69bf387b-0066-4425-b9da-afcc2aa6be12
J3C58CCY78HJN3SWW;2021;620758;B;2023-05-26;6d6304e9-5edc-414f-b9bc-bda366ce27c7
FJ715FJ15CWAFU698;2005;992605;B;2023-09-07;3c735285-e260-4b5a-ae0e-141a891b7b73
XFDC6PNM898ZJUU36;2009;530416;B;2023-07-19;5e0fafb6-9105-45a5-bc7c-29dc350af161
HVUUBMJ35X5N71B0J;2000;88138;B;2023-03-20;f71545db-a9df-4717-9b80-8e9b3d7b0149
KHC3T98A4PNCRAGWF;2011;370644;B;2023-03-13;55d27558-5848-476c-acfd-1efd0d81bc3b
HK8103318ZFXZK59X;2003;528357;B;2023-04-22;12980710-a4f1-4526-98c6-6da059bb3c70
W272EDH7XRF52ABML;2010;231039;B;2023-07-23;c059fb02-1f09-4b40-951d-2c9a69385c1a
GUJ4N5J804AZHGJVS;2016;71844;B;2023-08-19;630a2468-9cb1-42da-b32a-83c51150af9f
G88D3C0A9LDKTSZX7;2020;504357;B;2023-07-03;f72673e2-6f20-474e-b67a-67160ef5a7d2
G2SCBKR62JDM74AVB;1980;976602;B;2023-06-20;deae9af4-fdec-49a5-8a73-8cf9a0fadd38
1G7VSG5P8X7AM32C0;2002;151347;B;2023-01-17;e782184f-3e40-4965-b6e5-4b299f572b0d
U8AP5ESEXLKW4UEPZ;1984;635661;B;2023-08-24;488ad2c7-d38f-48cd-9c49-841b11035982
3A336X7W78VP8Y1L1;1993;35287;B;2023-04-03;fbc6867f-a3a0-44e9-a468-c089bdc902a5
DFTVVRPX2Z11FS3EG;2004;797153;B;2023-05-27;aaab168e-872f-4346-b444-9c61cb11ac52
FUTNX68T1SGXT452V;2009;37035;B;2023-03-08;555fe96c-e5ed-4640-a911-f0c24f772b27
KR5VW3S28HEVM5ZK4;1981;238309;B;2023-05-10;40141ebc-7895-4b73-ae79-96551c85c9a5
2XD07VCN8UE9HF4B5;1993;311504;B;2023-01-20;a01cc010-7b0f-4d1c-9282-e77615115e46
63T6624SXYNJZ506K;1991;174807;B;2023-07-31;0ce681b5-79ca-474f-8aaf-f13f0cf34c01
3U97HZBCXLZDUS3YM;2013;88527;B;2023-04-11;f72673e2-6f20-474e-b67a-67160ef5a7d2
6WA5JWL252YZEMY8X;2007;156878;B;2023-06-27;84e5261e-329c-434e-bd9c-83e762021ac1
7JW5JG5B5X6V3LWDR;1976;190277;B;2023-02-11;036b8e4e-d5d7-462d-b4a9-236487950d1f
XCE4YTLU6D45LFD1Z;1999;312293;B;2023-05-28;0935d757-76e2-4773-ab24-a2f6e98bc2bd
79CXA45C7Z1WPL3MZ;2006;962099;B;2023-07-16;6d8515d6-aff5-4c18-816b-3c3d6688b579
CKMBD8JC17V6B30HA;2006;617050;B;2023-03-09;fb4bffc0-6119-4365-82a2-070eb5656217
F6DS5YU246WSJ1MEJ;2014;591814;B;2023-04-19;77ecee1c-f3f5-4046-8ea9-ff2047a473e1
Z5Y94FCZ23ULHPU5C;1981;931908;B;2023-02-11;a68f6782-acbc-49c3-b1bf-ad4843358b9f
KG4J416G5XH13P4XK;1970;885784;B;2023-09-21;06e793c5-501a-4ba6-9aa2-9c63aa8614de
9A95YV675EG2P8NZA;1979;779876;B;2023-08-20;2482a83a-94ea-473b-ad05-f5ff04851812
TN8D4MF833V0PP4NE;1991;357774;B;2023-06-10;16d826cc-5437-4ca8-9224-bb2ebe8d4aab
X5J3EXGV4GN23C1DL;1980;174639;B;2023-09-12;b667976b-2264-4f34-9e16-890744002b5d
CKZ32YNV95G1G8H17;1978;473043;B;2023-01-25;cd34d49d-6f49-4a67-af2d-026ed76ea1d0
96PN2VP197W80EDG7;2018;452722;B;2023-04-06;5ee535fd-f864-4feb-9046-06db75a8e09f
9JZBX00U7CTGP0LEW;1989;568033;B;2023-07-19;18b8144f-6d8c-4ba7-ab1c-84204b146659
JTX2SLAX9Y8VNRJUL;2004;374479;B;2023-02-03;d01cb439-5b5c-4acc-9acb-0de5b0c24cbc
66D3F50PXEZCAPKF9;2014;444501;B;2023-09-02;088cc5b1-da2a-4036-8adb-6d66bc2635f2
MTJ1C9LL7W9R3JDXK;1992;375791;B;2023-05-25;953949cc-d80d-407b-bf2a-9770ebf8ad2d
W1BB23C00RP5EM2W2;2003;41320;B;2023-04-09;453dee02-fd90-48c1-afee-91200b6c1838
TUT9Y1LF15E6VTXLY;2016;98951;B;2023-06-18;290b04d8-7647-423c-bb3e-0f0e8011485f
346VSSGN6MLH1PJLM;2021;632404;B;2023-03-14;07997daa-a0a2-49e2-8d56-3c9c3bbd19d4
JPMZ54MC4NWN5R2LL;2005;134450;B;2023-01-01;47e49e89-961c-4870-b2ad-ec665df01c8a
4AKX95H5X4HJGTKV8;2014;121097;B;2023-01-04;2400da21-4879-4db9-9a5b-3ef26ed9db77
GTHTFXY50YUMG2WTH;1980;418415;B;2023-07-31;5c95b465-128a-4238-b5a5-a18a7293f477
MR3GZ35N1LY5T4A2G;2012;14436;B;2023-08-12;c2471e90-5268-4bc7-8d89-d638db015a3c
SUKHXT4Z1LDUA6YAD;1999;106024;B;2023-09-29;eaf2e016-dc8b-4220-92cb-4d536412feca
1LLXVYY9XJBE0K4VR;1994;482484;B;2023-07-18;cf0ba023-d737-4752-b884-27dc91dc5a21
3UXA76320KNAH9XLU;2009;541266;B;2023-05-14;75103069-5a29-47ef-a984-3dd4439d7ef5
R0EAEEMKXT58K4HSN;1971;666718;B;2023-03-04;0e18dcc7-cbf8-4c21-8515-cbd231882bb4
TSUHZXTS4JCTK78GL;2009;274488;B;2023-01-10;bbca0a99-d5ba-457c-93b0-8c18e5d72893
NZWNNHE496VPDEW04;2000;363369;B;2023-08-08;ad66d034-2c51-4118-bf19-2b5fe0aa7577
P3F1G1UN09T7599ED;2007;388797;B;2023-03-24;30d5f3fa-6bfa-4fd5-bdf9-79e020a4044c
CF5P1LRS8YRSFEK3M;1993;284543;B;2023-06-15;12648f03-da84-4675-8d9e-1ed3e99fdc70
NR5WYYRZ2A2U0563S;2014;84908;B;2023-04-05;81921a40-28eb-4455-ba12-d37a0652f5bc
L0DAJR5S220BTUA8V;2002;328019;B;2023-04-19;16acc5ba-8481-42e2-a59f-70688fcf54fa
Y8L7D71Z66LY1B154;1980;499946;B;2023-06-29;ee84d37b-d6e7-4e74-a0f2-98e5dd510655
S6UAW3484MY82ACB6;1973;827260;B;2023-04-06;7ae7fbb8-3b81-478f-bcbf-671312020004
WBDB1K2JX7K78T7WY;1977;312425;B;2023-08-03;892db6cd-284e-4aea-8fdb-078c2a996490
H1SCEA7106A3RGEU7;1989;776558;B;2023-02-20;5724d9bc-1b9d-4421-83a4-2aba324baeb1
PKTMR8FHXM175ZD5J;1997;733906;B;2023-08-22;e19e767b-9f2b-4ac1-8308-4df1e7ed0c3f
Z3VC9Y77XTL9B5DCG;1977;159979;B;2023-09-15;12871046-53e3-42c9-b1f1-e37b342dd9e4
EZA74T4654EFMGYEC;2007;768399;B;2023-01-08;5776070a-ae1c-44fc-8812-6edfc457a38e
WT5YENDL4HFV20JGR;1970;368994;B;2023-06-13;fc26ce48-f11b-4b67-951b-936c69b4c6ad
NV6HJFU936VU8TYTF;2017;168238;B;2023-03-02;f07e4041-eb84-4acd-a35b-f921e8aa1ef8
7B2D0BMT95HKTRHSJ;2018;87340;B;2023-06-23;d3c3e884-4d8d-420d-963f-d0252bd7a2ca
JX16A1YJXZ56YWD0W;1985;168601;B;2023-06-26;13512659-cfef-4e59-be79-2c4cf659434c
FVYPS4S5404FXBB3C;1971;41271;B;2023-04-29;a4bdc6e1-59bb-48f0-bfbb-355c76038a4c
Y4PGC1M54YPZF7BN8;1977;222853;B;2023-06-15;072853a4-71b0-480c-8647-8add0b0ab0c4
72MT1FDK1R3XTZN37;1985;398869;B;2023-07-27;b8e33312-6572-4502-87c0-4b8f96b6c049
3THFSB3V221RF4GZ8;2006;973670;B;2023-07-19;33e12717-ccb0-4ec9-8d91-2ecdb606e260
2XY0YVAG5LYHFM62A;2013;963940;B;2023-05-03;ff868581-de53-428d-8e0a-9f69cf4ae0ed
VUGW5MAV1PNJ2BVWX;2000;505991;B;2023-03-19;c26a8377-f051-4a97-b146-4f770c432480
D0FE36JN3GHNJ6NV1;1978;97348;B;2023-01-21;fef2e27c-00b7-4b78-bed4-dd794510782d
H3T46BFC1RNLG8LX0;1999;730616;B;2023-03-04;328b8088-803b-440b-871e-7c947ad5c047
28WP1G7SX44Y9YL74;1970;811994;B;2023-01-29;ca404a68-3884-4394-b0ce-7e087a65ba68
ZDNE2TNS9ACR7FTW8;2004;679136;B;2023-07-22;6fc211d8-546e-421c-8a32-1b4ef67827bf
1T32AK526VG270HH2;1998;304060;B;2023-05-21;d14ff4aa-3608-49eb-be88-a020e93bc753
RGAGWZHS69FXYZCAN;2020;999077;B;2023-04-26;3ce521de-eb4f-41bf-8994-6761cb7cc46c
TK09YES66MGF1RG17;2017;275604;B;2023-04-14;4c88fb74-98a9-4f0e-a031-fd08cabf361d
L7TLBUPDXWNW3TVX8;1975;563902;B;2023-02-28;1f42c912-8db6-4c1a-8c38-cb52ac2d78ca
9DLGLV7255XNB7R5M;2018;28370;B;2023-01-17;329bd21c-c804-4681-afb2-6b4193fd0edc
8NMJHWVF3777J9SFY;2001;290064;B;2023-05-20;33a5450c-b7d5-49bb-8c08-232374cf9880
KV7P1X9M5RPLPBVW4;2019;194722;B;2023-07-01;9c8c4392-aa92-49ee-9d67-8aa06055f734
19VY2KB08PDK1EUCG;1989;162784;B;2023-05-08;692e5265-4636-4782-8f7b-aa40ad9a4c9f
STNRE96D4PU4X8B9B;1993;259932;B;2023-01-28;07997daa-a0a2-49e2-8d56-3c9c3bbd19d4
FN5NT6HX3CFTXT5L9;1986;584038;B;2023-03-31;af956f63-df69-4015-94f3-ccbf6d7b973a
990EN96N56B6JBLHW;1991;518327;B;2023-08-11;ad9fb206-0725-4849-9bf7-194cfc565690
MDN6KB3W7MY98K77V;2009;62119;B;2023-01-08;316e9761-10f1-41ca-bbc9-d7c1dd47346b
P8SK5N9P8P1N75JBM;1996;480551;B;2023-02-18;ad9fb206-0725-4849-9bf7-194cfc565690
Y0T01XLW2VR0AJAP3;1984;305905;B;2023-03-23;1f79e2e9-cb95-423e-9fe1-8bf0c30e253c
MHJDW0ES2L7L31FTK;1987;867387;B;2023-02-21;f07e4041-eb84-4acd-a35b-f921e8aa1ef8
FSKAK3SD4LM89N68R;2013;274708;B;2023-04-02;e4b363d3-98fa-4cd8-b13a-61d57416bcda
1HS47CHPX41HLH99V;2004;224033;B;2023-06-13;12980710-a4f1-4526-98c6-6da059bb3c70
4WFC04B2XG98BY6AD;2022;939820;B;2023-03-09;547d0157-80b6-470f-90d1-e0a82f2d7707
44B7XC6R2YJF65T40;2002;878905;B;2023-01-16;653587e8-ec76-43c4-9a68-5b0e01f1be8f
HLVV4LJJ94VFMV75Z;2018;713465;B;2023-09-05;2c033b22-67e2-4450-98b2-735a4f23ac52
UV131PNT8RP5EU5E8;1988;700463;B;2023-08-27;851bbae1-9e82-4925-8e11-14c0d9a793f0
YA3DM6263ELMPTNK6;1994;276368;B;2023-09-22;3ce521de-eb4f-41bf-8994-6761cb7cc46c
ANWK3UZE449J2PYLY;1975;628734;B;2023-02-24;453dee02-fd90-48c1-afee-91200b6c1838
RT6XS6TM6KSUJC2FA;2014;567042;B;2023-08-21;653587e8-ec76-43c4-9a68-5b0e01f1be8f
5KAFF4YG8K7EG3T55;1971;49967;B;2023-05-30;a8f525eb-9fcb-46d2-b061-f1a570ccb4fb
BVZ1LTE80SWZLR62M;1976;583095;B;2023-06-26;6c50a9b0-6391-422c-ad0b-65068ca50740
BY0PKUDM7CBPJ1LKM;1986;576407;B;2023-02-01;4349e011-5859-4e46-9a0f-db7a8e4c6607
E673XNBK0PS9XM4F9;2016;564673;B;2023-07-24;328b8088-803b-440b-871e-7c947ad5c047
JCGH1SVU1C6A18L89;2003;118750;B;2023-02-26;12fb0178-0f52-4d83-94bc-156ebc8d21e0
WW0CM05J8BDYW0KVN;2006;433066;B;2023-06-16;6618e277-6eb7-4e35-8af8-bc08ea0b1207
A7R33XSF8KUV591W5;1996;513173;B;2023-06-12;a94f7480-2268-413d-933b-be667bf827a5
DNBEZZCS3KGGMTVC2;1983;684168;B;2023-04-04;a8abdf2f-24ea-45c7-9b9a-9fa6c67b2a01
SPXXSVMV6FVCTKG8L;1988;720023;B;2023-06-17;7c2f3958-dfda-4bd4-b6a0-a15cc08b8b3a
4FY79SZX3SYJZT2VU;2001;661192;B;2023-04-12;ddd4d7a4-a278-4479-9a39-109eacebca11
269GR8Z53DZDKPHAH;1970;266697;B;2023-01-16;1ab54074-264f-4036-91c7-9e08b5c8c4a7
MVFMVN6D3SJUH0WRP;2013;935211;B;2023-07-27;d283ae1c-5912-4f4c-8393-3a477cf1e00f
975GE8SG1A82RYSUA;2002;217249;B;2023-09-06;3b1b2815-4711-4c09-bd66-715796ac4861
V5L7928V2CV03P7T8;1982;451346;B;2023-09-16;ec67b973-4009-4519-95a5-911d2fdddf8d
6TDUWFF68NAS9K3LX;1982;482451;B;2023-08-20;907cc52e-eaec-4936-91c9-d59199e3f181
E7CWKVXW3NTKZ4WFE;2013;635134;B;2023-08-03;9389e6fa-b81c-498a-a775-bb2b962228ca
G5JGFRH663626ZZV5;1994;817152;B;2023-08-05;5e8c5f72-be88-49a6-b0de-75447ed184a0
DR1WCC883N6TJRZSN;1973;973538;B;2023-08-17;94e9c577-7e9d-42d5-b679-e5fb5d6c5f9b
GEA2RHNY7TCGGLKPB;1974;784757;B;2023-08-31;6c50a9b0-6391-422c-ad0b-65068ca50740
KW84P28528891HWG7;2023;904655;B;2023-04-24;aee12371-e7b7-4869-8f8c-ab2496e973f4
85PZPPA464X1E9VB1;2020;874608;B;2023-08-07;82909dd4-7ff4-4cbd-bc76-c93c57262d92
79ZVUUREX9A4GDBRM;2020;945382;B;2023-04-25;df7ad7e7-76a4-4b99-aa74-5d9522268dd7
RBKNXT123W8FWZY36;1988;815682;B;2023-02-23;e0cf1810-6d18-48ec-9db9-b1e0a2b93878
TP5WAWR58PW9SVNBN;2008;993514;B;2023-05-06;bfa34c26-65a9-4cfd-bc36-f646315c6be0
