23139bb5-7cba-4cde-aa27-2c184d91c2a0;73678;dd9bfca3-9cf8-401c-8cc3-48186f986e0d
f9ae3cf0-88eb-407e-94c3-7a9d06dfb4be;31751;1d72a366-0b7f-4fd6-b7cf-66b1737f6ef4
ce25d10a-89d5-4c3a-80f1-badec8427eb0;88868;7680b8a9-8571-4feb-890f-ba7cd36a5c95
c8677549-0598-4533-abf7-d94a752cab25;85767;e9c7cfe9-2e40-489d-a0e6-8c6e304963f6
3969c54c-a7af-4c2b-a851-8101e3b5d127;19396;b3224221-1452-49fc-92cc-6e27d0d4c033
3a6189c2-4169-4daf-8f14-43d961b621f2;24900;9621e61e-98ce-468d-9152-2a7719ff89b6
31dffd33-fcbc-4ee9-ac77-7022c82c62ca;87865;a14aeac3-49ad-4ea9-a21f-b8461a5f6c65
65b84927-14f0-40fc-8aa7-14b4ffb03c73;54507;85b560b5-1d95-4b39-9530-b53efdd03ddb
345e43c9-c6a5-46c5-bfec-d428ea667105;17757;a795c851-42ec-4530-93f0-52e0e11e6e0d
d79d7c1c-b79f-4639-aad3-ee280c42f824;20431;361783b0-890e-4f7b-8bb6-ca86d7b4305d
cdd12971-61d3-44e0-86e4-42987b2c577a;86023;04381a06-91b2-45c7-860f-5c489ec8d27a
31c2fce1-8bff-4107-b0d3-8b35578f5513;70203;1eafe7c5-479b-4fe0-b707-3ac7616114e3
9cfe69e8-d197-4ba5-a0aa-4205ea29c932;77444;c5c4ec83-432c-4996-83c6-fb6b0ee78b38
92cdc6fe-204d-4583-b979-63d9286bdce7;61007;1fda15be-1d39-4b0b-90b1-7f7f332ead84
0d49b055-2da8-4f4d-a56a-19602a0be9b7;97305;48a7f5b9-ef87-4141-812d-51f42c763645
24360e07-8bab-4f0c-9f25-9e50943eae02;35837;57441f6e-232c-4053-a9d6-433ef8179b08
70206781-0329-4f6f-9000-6c0f59330369;75957;0e8d0c5e-52c0-48c4-91b8-0a4ebccf98ef
c0a6ba7c-e2ba-4e0c-8bc2-5b65bb3527e2;90623;85ee2179-bd1a-4714-b77c-77b73dccbe89
c88d761a-f3c5-40fa-aee4-87c2b8c0f220;54918;5854672c-d778-4b37-9c0c-83dc2e4be501
38b82254-69b1-4024-9c75-57cf5539330b;33085;e9c420b5-0403-4c7f-bc10-3a5dd0acf13d
e0a0e346-d989-47a9-afec-c815d089011b;50028;b2e3c1b8-6ed4-4abc-bcb1-1af8446cdc52
f67dc798-7a45-4c45-8423-b61394562872;24679;fba0805f-a239-4d92-bddb-ff05a436b3dd
1f32b36b-f03f-4d71-9039-3b4b182367d1;73753;b2f63fd2-a879-409c-8297-af7d549b42f0
d86f530b-d654-46d8-97a1-e4bad3f561cb;38179;361783b0-890e-4f7b-8bb6-ca86d7b4305d
4cddda46-9d99-46c3-94f2-1e1ec7c67ca8;81841;29c5914c-9bdd-4a25-8379-1b7ade18f80e
ab6d6c04-f8ca-4f06-b888-35d4b1227957;75901;921a679d-99e8-4207-9818-a32248edeb28
2b866f5b-ddb1-4f63-89e0-57b12d1bfa3d;27413;722fd5f4-3154-4c71-a72d-161ebea55741
247febb8-d87b-4192-a714-34afda9820e5;24862;b9a230e1-baf9-4199-9caa-b982ceaca7e2
e97d921a-b119-4d16-822a-c2900a19a5cf;34257;aef61ca8-3f9b-4537-9b9f-97fc2e42db24
3d6c4116-3fc6-4135-abda-e52fc388d0df;19071;562c339f-d25e-4758-a11a-a282cda52185
208a1f7a-e668-4249-9f7c-b06b1cb71cb3;88123;674ef368-dcca-4de3-bcaf-5dc486ea86c6
3692c330-10d5-40db-b903-b6497e72a794;16168;2d1dbf61-6785-4cc5-869b-f1ae16c045c7
74704173-49fa-4794-81c4-a3ddd03cb802;36344;67362e38-fc5d-41b8-ad8d-9914ea59a1d0
a996dbba-5944-4e38-a358-bdd19231fc3b;74940;1150804d-360c-4a21-8e59-4f3d91a18eaa
ad809e00-be52-4da1-b405-5bd3b446fba9;18160;fae9760e-7de2-41e8-9abf-720e03d9d02c
3fc6c1b0-e1ed-4235-b6fe-cc99f089b27f;31278;42b3b459-a534-40ef-8939-6e2addf91f69
7bff6703-7632-426d-85af-b2fb36b3ef4a;55708;ae503abb-0c85-4653-98fe-55eba7ee37f1
6f97407c-e90d-46b0-b5e6-7780611ac13e;97994;a2697a75-164e-4813-93f2-9017b5da6383
696c8b5a-d0d8-4c72-91f7-f9f7791625e3;83500;145f82bd-96c0-4e26-b173-d2f62b4885f8
a165575a-dc1d-4cfd-87b2-8db4c3d4a230;79914;2167b7d1-0802-45a4-a44b-9263dfd0fe5e
49b32a51-56ed-4b00-b2ac-66040c9c0d3f;29519;70392ffc-6e10-49b5-92dc-ba59def5cb88
f2700607-a420-48db-845d-cdc6035dfcee;72229;2d47b405-f527-4ae6-b3be-a73f6aac3144
735b8bd1-37ea-4339-949f-de58d32a71dc;64230;cc91c8dc-4647-4e55-a440-5d8e82dda99c
b3586f7d-7417-4cb2-8133-4c07fa233e9c;88945;5dcd439b-d1dc-4b21-a43f-ca83fbc70d79
8614f374-772c-4566-957a-47303e9f9476;81782;7014cff7-9cbe-4700-ada8-eec9a3d59337
32c159ef-a50d-4830-84ce-ea81b28b8e3a;50417;b03ad9a9-59c6-4d5a-a186-6dad4d4a38e7
9bc25ce3-4ef8-448a-b4ff-bbd66e65e8c1;24953;091933d2-9e2b-4066-a212-05c273948fad
3dfd8583-1d1c-4b4f-aae5-8b9075c0fa6d;23890;9629d912-6d1c-4279-a506-fa4e79620419
4f4f2398-a307-4db9-9264-f3a9b8102650;91613;e1dfbe5e-1dec-4d03-9c4c-be2701d9e648
07e7222c-7aa7-4cda-8cb6-56d242601772;26118;1b75d57b-f4c9-4aa3-ae8a-2ddb4747aca6
128fc2de-4308-4593-ab84-09d6cd46160f;74234;847a1129-08a5-4764-84a1-77f2757d29fe
9515b79e-6c3b-448b-a4ab-c807c86d8464;51803;adb00e8e-1678-4638-a836-52a8449c60cf
41fb07ba-4ee5-4459-abc3-2db479fabc3c;98115;c275c821-9fc5-4399-a81e-4145776540a9
3a226575-32b9-474f-8bd7-3e212fba9355;83915;179fa906-2a33-46de-bcbb-08df2fd6de14
7cf187be-49d8-4c1f-b6c2-ebec86c74390;83366;284fbc13-c3aa-49aa-89c0-988306de9a0a
9f49180e-a354-4b95-b1c9-96f4bd37020a;66946;a412fa4f-f392-4f0d-a0c9-b9e94fd81caa
636d7ae2-e000-494e-a96c-06400df05d9b;54995;f75cb4d3-f629-41ef-9728-4744cb0f65d5
7606a4ed-5ad9-492d-b087-d6db566fab28;15225;9df281bf-7a56-4b71-886e-0dfa396b465e
96159a67-1242-444c-a52c-4bb48a1b6b43;89093;29f5ab6f-71f9-4cb6-8fda-46449a5407cf
27fa1b64-d930-42cc-a1f9-7f84b1794885;37775;25fc1f60-130d-4820-99ed-518dbbece9aa
12c44ffa-853f-431d-a7f8-8bd552d45109;49586;8e9b2842-8ae0-49c5-ac8e-3d37b06a3207
bbc2015d-ff29-4db7-9926-c5f4a865e695;63204;0b80cbcf-445c-421a-aa34-92da64f38672
fa1a3cdf-02ee-4199-82e2-147a3caf4f10;95032;23df6cb4-2767-4180-b03b-00b838b9b3e3
9c513cec-b2ba-4706-95d4-ac42a50c95b9;89354;78e67000-7df8-4de5-82db-ab1d4e6deb10
ec858c17-66ef-40eb-85e6-058a800aef38;83137;7f31e7b8-9df7-438a-a2c8-71e34b4a9463
67b4ab0e-0090-4703-bcec-b54c308f7ab2;40278;be58f79a-f032-4ad0-a17a-35c37feb33b0
f4baf94d-1df2-49d7-a905-401822db455b;23047;b2f63fd2-a879-409c-8297-af7d549b42f0
29bf98e1-9c06-4dde-8abe-7045ab9eb7b8;23216;185b0b10-b411-4c1e-9ef6-b077660dcb00
30685973-faac-4561-94d2-977c42a6d88e;40544;15749ad3-9e07-4ed5-be4e-66a9c926c19e
353c56dd-fc0f-4a13-99ce-2802f66ef466;52794;f7636b26-b7f8-4d75-be91-238fd2969259
93ecce01-d624-47b9-930a-753a50f007c8;86045;729a1e47-96a7-45c8-adc8-138a337facd5
f1aaf301-a327-4251-babc-125b31f353a3;61312;7513dde9-5743-487d-8377-3d9004d18d14
deb11647-ec6e-49c6-9fcc-45f0d596170b;60163;155998a0-1baf-4f6b-bcfc-eaf9e92808c8
64a880db-5aed-48e1-b240-787625dcb833;26342;cce9b13d-78ad-45ba-8d21-cf1913be0f68
8da3117b-cc8e-4204-a630-7a1cdf046792;53693;729a1e47-96a7-45c8-adc8-138a337facd5
58fcfaaa-637b-4717-b2a6-7b6559e46b67;50266;cef6efbf-0a23-4871-be76-978fa5b487ed
d4fde76b-3244-47b0-a3bf-4ad1e5e1b0ca;29722;3252a748-554a-4c79-bcf2-27d107803511
9b480d4b-0f3a-4bca-badb-b88844a10e54;73976;c33e4ba8-a745-4bb0-ad41-602e5ffaec02
6f6ca376-2cef-40b6-86b6-a1bc4a8a326f;86441;814b340c-61ed-4a5f-9c79-44c10dfd94b1
3ba072ec-6ae2-496b-b0f9-05c46d1a54c5;89849;c64576ca-df97-4522-b5d6-74387b789c97
4f9f7356-929d-4c53-8343-f77b05ffb0af;60235;63800b7d-a0c9-4350-9249-c205c9f281a8
975dff12-c44a-4a5a-8183-41d3db3ae5f1;22796;d5051b2c-ea13-4f2f-a885-abb69b953250
630db558-4f0a-4f4c-b984-27690edf94d7;86841;a7595b36-58ef-4813-981c-a8003db4fa9a
43699dba-e1fe-4c6c-9c6e-0f652a8e54dc;78837;2435f05e-5207-48a9-bdc8-f1c5623230df
921e1c81-0761-45f5-9ef9-4abfeadf91f7;58806;185b0b10-b411-4c1e-9ef6-b077660dcb00
f74544ac-7c4b-4ab4-b03d-a71061cfc0b0;31885;0b870842-8557-49ce-bcf6-be1c2b21a9f0
fdaf3181-b451-4134-9158-d4cb37a50e9b;92858;b8dcc8e1-6a55-4639-a4a0-12fd0d093218
02d1605a-4af7-4f90-9d48-7ad83d12b5e9;31727;89c51205-9b47-41eb-bc40-1d291be98d6d
828bc89f-3842-45bf-b4ea-5b2c98dfc399;79719;79dac7c4-dd92-4d0f-9419-a5a2bae526f5
527469c0-74ed-4e21-b64a-6ae889fb129c;25967;fd675cfc-f435-47cd-9943-22dc664ca834
f9f57911-07cb-47df-a8fa-bac150b92d48;41034;bc196dcd-f5b8-49bf-a3bc-b22ed60183e7
ec63ce9f-f296-451e-96ed-f3d5120626f6;47855;332de53b-aa95-4c54-814e-a468df29b9fc
58dc0d49-b289-4216-94bb-85888cffd135;31098;6b9e63ed-85c3-4602-9ff3-d8fd309b91bc
ca47a289-0ff5-4c31-949a-2cec6a467308;52986;e72f8292-f924-4a5b-b1a1-3a996af13ffc
136dc82a-f8bf-405e-840a-eac01e86ccb8;94222;b8dcc8e1-6a55-4639-a4a0-12fd0d093218
a72045b6-a9c5-495c-8dc8-49a43e98fa5b;89809;b336c366-ff25-4ff8-b80a-ba58b856cd3c
8b856de5-79ee-4dce-abb8-1c5b5bb97744;99240;16c62f5e-ba46-4d6e-ba80-86fe021562ac
3c6cbb25-cc57-457b-b3c2-dc183ae2f009;44956;1033f22c-7990-4a34-8fba-ea144e36e7fb
53ff5837-e94f-4486-98b8-a2e5575b751d;24257;71b67b9d-1256-43c8-a1fb-0d65f9cf156f
235c4ca4-8eb4-455b-a798-509f6817530b;93858;47e2edb3-2f0e-48f4-a04b-e86e1a4d5ae8
14c99f1b-29cd-4235-8542-08bb74b177b5;16544;7ff383b1-4eaa-4c2b-8ae7-8fde9ce2d627
fb298c8b-a92e-4215-accf-279026a6c388;47899;38bea595-bd44-46e7-9355-e19eb9b72025
a420c0cf-b4da-49cf-8ebf-9fe8c02db8ee;31501;10162370-76b1-4fa8-96e7-fb7219cebd1d
42b79f1a-1095-4db8-b329-987fe5db5702;79686;5b352c7e-0eb9-435d-9368-96554e665b32
748dd862-8e13-4fe4-a6c9-5a30851a56d4;80664;cef6efbf-0a23-4871-be76-978fa5b487ed
d230350e-303f-40ce-b7b4-cd5d4169a483;40156;d3d667a9-3957-49ac-a7a2-229300947333
fe59dad6-e621-4a59-9a53-d4b5624280c4;90433;2c61541e-1ff4-408b-88d5-9942d0ee8536
4b8b4831-5083-4c64-9e28-d8ca40997f13;95367;5ae2cde6-3e43-4cfb-93a2-3b5d19e7b94d
b571a13a-f33d-4386-a3e8-ebfc019b6145;52922;bcf4e0e7-edd6-4d7c-8999-9410d7017875
f9356114-b296-4b4c-9e9e-2d8cad194ba1;32173;bc627f08-82a3-4173-b5c8-443bdbf2fd7a
f51f641e-0614-45cd-a26e-8a89e1ffd19e;80371;3bcd2027-fe5a-4779-9dbc-dba842923def
c7b7b310-807c-4361-9235-da1a7ca46e70;50835;96ab198a-31c5-4886-bbe7-7613514d9a48
44b9eb64-dfe5-4b39-8f99-e50185f88d45;65024;4fb3ba75-e063-4360-8897-14684d4690e5
35a58ab8-c664-44cd-86dc-94aa52fc8af1;44353;5c39e31b-ea0e-4271-aff6-35458683eb66
5cddc2d8-e346-4eab-b19f-469a5c666392;63417;321c7c38-d05c-47f6-8b83-64def3914205
355028ee-1c62-4e54-bbd1-ccdfc70bb258;94041;a3cae4f1-fe00-403a-a5d8-ec7d16778bd4
08d3021b-352c-4fae-8174-1800610e0ccc;67240;22cb47f5-b30d-4e05-b5de-b28e71f4c7f2
429196b2-a0c0-47bf-8b67-27cd828f4c98;58466;3738ecbc-c185-45db-b9c2-0fbdc552a1ba
63eef1b6-787a-4d55-9ab4-e8cd089bd814;19746;c2c3a25b-70be-4313-a24b-449a7570e91d
dee9479f-ebd3-4bb0-8542-4e77ca623aed;85117;d074f04a-24c1-45ca-a63b-6dc20d870201
13fdde02-1eeb-49f4-9795-8fcd1d3869a0;92390;e6554f2d-e3f3-4a8a-8ed9-0b96f1b2fe8e
5608d571-99fb-46fb-bc3c-7a052626b780;21600;1eafe7c5-479b-4fe0-b707-3ac7616114e3
f8a668c4-032b-4f6a-93fb-5befb804de92;40021;730c35c4-423a-4657-a007-5fa0351b5361
3460a201-3e8e-49eb-8f7d-33df2ed1eaa5;39678;61dbe8d0-83a3-4294-ab71-fc2959f36934
b41d1192-18c6-40ae-9469-f6223bb62eaa;89559;ffa016b6-b330-4623-a248-71f494a84097
1da08cf8-e604-4b09-93b9-55c887f8e95b;50631;70af5de8-0158-4238-a665-b1745e485165
e6ff3e0f-d2b5-4662-a85d-13157804b215;48725;109a6f74-e130-458b-b0a7-f9f95cfd70ec
369c9fa2-436d-414d-aa82-5482a4312d2c;97688;c2ef469b-b170-4796-81a5-b28204c0716d
bb7fb616-c92b-42b4-8d1a-9d875846585e;52574;cdea823d-a197-4314-9ba4-96ac6adaef29
63b5ae17-f71e-4602-9c87-4dc5900c2e84;23612;37c5f238-c7a4-47c7-8292-5bd3d58da7e1
8aebf4d5-aa14-4d86-a549-bdad8695c637;49337;b046ae23-3b3f-4e30-a160-a489738068a3
57ef6e0b-7cee-4288-b930-9a3f9414206e;15195;125b1078-2bdb-4ff6-9acb-834393af91bb
7e0f14ce-6393-4709-9d15-87fa75184dcd;96016;7e670a0a-e26c-4fe6-867f-e7614b1b4f66
2ab00057-0b48-4cf7-88a8-1bc7873e7c44;37610;49a844e6-2ccd-4e46-8c9c-f00f3f0fdf63
71130397-3a97-41d8-a4f9-aa953d1c9bfe;27325;b9b82baf-453a-4f25-a5ca-4179cc880fa4
fb378572-e242-4654-9e37-f954f2a82e22;91139;f4071943-e71a-4b7a-8ee6-c294947a1f96
4a44c1da-0d6f-4fb6-a939-69d9cfb8937e;46175;36c04a78-4ac9-46ec-a492-5a9b1b183fa7
c25ebb81-9684-4ed7-b4e1-4da5c96dd6ad;66213;7a28249b-601d-4d6a-9d3b-a2c04b169b5f
b8b3c7f4-8c60-4182-bb1a-52786e99b373;24842;534d6781-28ba-4bbe-b6ed-7c349c5a865c
3a095686-95e7-4c87-9fa6-92d51dd8bcd2;35751;78a3f200-f471-44b6-829c-76f2a174a523
7f37c2f5-23cc-4405-bd85-f344aa50305e;57570;1ee2642f-f12c-46e2-825d-4913de17569f
c3de6f28-b2eb-45ef-8729-f884bc81d8b0;89278;6bc08787-7fff-45a4-b5f6-da982c966ef2
265ecef9-81af-480d-ab5d-a496adca3213;93035;4f6ec192-0936-4673-9fee-3fa8a214d3d7
bae61102-bc42-4f0c-aa76-5c965d9a73ee;51950;73c855fd-4fa5-4230-9627-73e844179734
9c51bf07-8270-4530-8cd7-2b982571c1f0;69657;3738ecbc-c185-45db-b9c2-0fbdc552a1ba
237cfa1d-16c7-4b17-a386-7a1c481498f3;29005;d5c74011-8428-441c-bf99-c0d27c5c1a5c
5f855a30-4132-41f5-861d-0dee8c05d0a7;58423;a795c851-42ec-4530-93f0-52e0e11e6e0d
283b9532-fdde-47ef-bf04-8905ed2f31bf;57018;3a659d85-f670-4de5-a3b8-725365c33ecc
82b8b433-28fe-4740-a28f-392f6c56d04a;64881;08cd332c-5c3f-4da7-810d-233d96553d69
0bcacc18-dd2e-4308-9a01-7f8647cf15ee;89952;70392ffc-6e10-49b5-92dc-ba59def5cb88
c23617c1-fb19-4367-8a31-fa407082bf86;71896;814b340c-61ed-4a5f-9c79-44c10dfd94b1
1996af70-5ce6-4f63-9508-0a9fafa3f52b;71784;09978cfa-170c-4663-9cce-ef1d2ab0be15
34c7b015-6fd8-44ea-8c51-1fcc7a92f518;96921;5384893a-4cf2-4f25-bf7f-ce8332719901
9816cdfb-2ff7-4618-abeb-8e01b88b2311;17063;b92563dd-d6c3-4d89-929c-8dc10cc658c8
6c90f94e-2ceb-4e13-a58d-d6db0bda2a13;51863;d3d667a9-3957-49ac-a7a2-229300947333
5e411235-53a2-4dc9-90c6-c7cc8bb3e278;78414;4a896031-4514-425f-8d82-4bc1b68ba0ec
8f66f384-a2f6-4c7f-b6c2-fbf76927e438;27519;6ead7fdb-7554-4f4a-afb1-e2e3c3f779f5
ebb22bd4-fcf2-4098-9d96-1a489198c31b;91536;5e076ab8-3d22-4acb-a681-8e62595f9092
bcd2e566-5563-4698-9630-8e7c577a39c5;17222;d7569d9d-beac-4fa7-9a47-1dc981803d2f
3143e641-1510-4e62-9084-92fb3c06ea14;63417;ea719e17-ab1f-49e3-97a4-9b53dca53c33
76b1e678-bf74-4061-9655-0ba104a1e81e;60705;e07a1b28-6416-4a9b-8771-bfee825328a4
684796e8-a846-4d34-9390-eb3e195e78db;80294;f55afa9e-f31d-4080-a64c-9669a2cf6c7e
6effc7e4-55f1-4815-8987-528a34dff891;54900;22cb47f5-b30d-4e05-b5de-b28e71f4c7f2
7c92e596-2f1a-43ab-8849-2323ad029266;73816;04381a06-91b2-45c7-860f-5c489ec8d27a
68054bb8-32dc-41c2-8fc0-49025988c80b;66713;82f90e32-0da7-40c3-a994-d37839eeafce
882eff3d-8b56-43c7-952d-8a6d6d0c3f0b;83919;76c736e3-6af2-4536-94ff-3a8847b1f273
3b0bae12-f651-4bc6-a747-083b54ec4ec0;16789;04b9ac4e-3497-4d48-a3b9-b4e0432c606a
5e232644-cffd-43e7-b947-17e5c6b7307f;31562;c2925297-30d6-4539-a7aa-3db2051f564f
b2cfa3ff-1537-451b-980d-129d34a3c768;57590;8932302e-f8cb-4b17-bf80-50d04d037ef6
47c3c62d-4bfe-48d3-9d42-2c1182561971;78965;89e9bf33-096e-4beb-9a05-82114e0409ed
75ca4d3f-cb78-4d4c-b866-fdd79d3a5b87;77124;b046ae23-3b3f-4e30-a160-a489738068a3
f1948964-2a0e-4c69-9760-5cd1319c1b5f;33704;bc233764-b5f9-4f9c-a18d-af770d23bc0f
5fcfee2b-dde5-4a0e-9c6a-5d8de392ef08;60850;42168fa3-2afd-4a21-b072-d12a37671984
1bd100c7-663f-49ca-a016-4c78df2a4e1d;44246;806cd400-d0d1-4882-9eac-ca76d85d46a7
9e898abb-0a4c-4f90-b0cf-783059fca4df;15856;e6d6cb33-90d1-42d1-9a9f-39a5c95a3a1c
f1ad178b-4363-4661-a607-baa7c5e273f1;49983;970a7380-e0fa-4872-9b20-f66ab256211e
1757c101-ec5d-4a4c-a64f-f0f2eafd5def;75254;03f9cf65-a621-47a3-8a05-075a97a70372
c98b68c7-da37-45fa-baec-4c9fe0efd017;18763;df04d9dd-9508-4c58-b70a-39918b0051c1
cc34f1cc-4150-4334-9f31-ba76bf339c24;53413;8e9b2842-8ae0-49c5-ac8e-3d37b06a3207
182360bc-039a-45ca-9418-aa40ea57c1ad;83032;12cdb34d-1692-484a-be9a-a8de0e3f84b2
287db05e-86b7-4305-806b-cfc0dace5ba2;46227;ebae9751-592d-4224-bed9-4a5a5269d674
da0eaf12-c749-4ea1-b489-836e9352af97;79144;5e4aaefe-a7d3-44d0-b4c0-355017af2ff3
a38f6a5f-5a18-4602-9e97-68ea92eefa70;68562;3072fd11-54c3-4937-acc1-60d9575961ce
3c927da9-1386-4e8b-9319-dccf2802a07e;79261;64336cd2-7624-492e-b716-4fb8d23d14c7
9c30e154-6a86-488f-a9dd-374936632637;84790;970a7380-e0fa-4872-9b20-f66ab256211e
aba8c822-5455-4ef3-a2cc-036664699477;78537;527cd34a-3711-4de4-a594-b60731666322
a70e9255-5874-4f4b-bd7c-f5b3542c4135;18445;4a9f1a98-cc6a-4819-aceb-787fd1bdb287
fb315ce1-962d-41ae-be3f-bb7b3f727767;83383;e3b520c9-f15d-4f4c-aa2f-b96be79f91cb
85c04529-9b0b-4f8c-abf3-553a13c38855;29269;92aecf52-11d9-4e81-ad73-dc02099288e6
8f913933-0e11-45e6-a094-26f530c887ce;92848;00f07da9-b1be-4273-92f4-df852827bfc3
4d6f758c-9858-4e5d-8cd4-f14a4f515899;74966;7f31e7b8-9df7-438a-a2c8-71e34b4a9463
95a72a5b-58c5-4bcb-9b2a-1510a8e055c9;68784;eceda6df-c672-43ba-863e-9f57ea4b9037
bd146a20-cdf0-4c74-986e-9226fbeb90a2;75831;fae9760e-7de2-41e8-9abf-720e03d9d02c
c91da2e2-a6a6-4627-9f30-5cd1ec7c79b4;92539;589df581-7784-410a-8d5e-44d6781a5d25
feed1a05-c3d0-4322-a1e3-462c5f4f2442;89018;ec38e85f-1153-437a-878c-4c2101ce15f0
600f75e2-f8d4-4de5-9f38-942922f2db67;79710;3ae8b69c-b324-4429-983f-0da055edd40b
18471bce-504f-4d49-b3ff-369c13145027;66351;c0ee4837-f32a-4e86-883a-6e72dd99b72e
a5c1b9eb-8a69-462f-95a8-b5b58db52560;45090;2afd2b5b-2ff4-49ff-87fa-fc02c9fe6f1f
165699fe-ca82-473c-a6d4-274192817591;97994;3e85a476-6bac-4c52-92d7-1ffb0b8dae0a
86c409d8-3415-4637-9071-19613b0e3667;36197;6432ddc1-6fdc-4daa-b17d-11abd4886030
9b3fce66-36f8-473d-ac60-035bf5859e94;63701;77d2e15d-327f-4f45-b858-1a9ce0ec5338
618dea70-287c-4d63-952d-49d74ee9f707;55076;8bac3eae-9a57-4515-b2ac-1c61853451e3
99c0c318-d9c4-4833-b121-493debee567b;29575;b2b3ebb0-6381-4721-bf8b-bb91475326e0
84b7efba-34f3-4dda-aa11-a870875f8d6a;15147;20590ec7-b57b-4eec-b356-89501130f0b6
2216b8af-5b4c-410a-8cf9-c51a81955c70;43813;f339b50c-3cce-41d6-a08e-f26bc9934ec9
693e8c34-dc71-4262-a2e6-8d768e297539;70013;27290572-5cda-411e-babc-80882fe71a7c
00c9456b-e6b7-4c70-b819-f1e47209f496;17356;15dc6ee7-f0d6-4491-b0d6-5c6ff8d8aa4c
fb2974e1-90f8-4edf-8818-1c6cb95a9205;70544;6036af18-d00a-475a-92d0-d7315a79434c
c3164ead-d5d2-4683-8894-118fcef72b8b;50062;7da90f91-50cc-4884-b31a-bbfc53dd0b58
b068b879-77f6-4d2e-a109-2fa759925c9f;35454;6d3efc77-067a-4ab6-aafa-1d7244ff7aea
b59ae2e0-1fa3-459e-b9ae-a9b3e7a81676;82985;7c9abf9b-b6bb-4c6c-bf78-8c15970b3d66
d038c229-3f9c-422a-b4d6-94f546a5f79b;41732;87db880d-c92b-411d-9a25-860315d288be
cede1e5f-a5f3-4185-9edb-9fb0abb13e95;60153;a44035ff-ed6d-4c4c-b42d-71d917538258
81b1e7fa-ef59-4b74-b9c4-a1be03470f6b;58166;970a7380-e0fa-4872-9b20-f66ab256211e
202d57f4-90ea-4273-ae76-91572b7d134d;35146;8ef47b86-f42b-4c4a-be7c-d6a12b7afad8
e1499299-a8d3-4dab-894c-9e9ab3a06065;79934;711a7443-3ee8-47ae-8ad7-8a0c68b7ad86
ff07c4f8-2ff4-41c0-9443-639f9e00d88f;99402;98e621b6-58a3-4037-a510-59ca38d22a71
6b523dcc-05fb-443c-b142-1adb765b2f3c;43174;b4428057-51f4-47f6-bf0f-c20b2d1d2cde
f70faa98-e249-444e-a266-12e43e19f2bd;95343;be4c8718-1b3b-4c12-b7bd-064afbb3b0f1
25664e2b-b076-44f3-ac26-6bb42385ac18;22799;c2d0dda8-58a4-4338-88e5-ca828e540d2a
0e7b62ff-25bd-45c6-a4eb-e1ffbdc1c5b1;67595;fc6d634f-ee27-4d8d-a165-d206f7ec75fe
04dadac8-ce97-43ad-a672-5bf39156e315;27129;69e82e50-89e6-43e5-8a94-994c1799fef6
6ad47a21-140c-478d-8745-8f5656a90be0;84554;a14aeac3-49ad-4ea9-a21f-b8461a5f6c65
350f4142-859a-4c38-950a-b6f65a67e3cf;99513;240a5fd0-8c28-4786-8ee0-15824a85344f
b40bdefc-e917-497d-85d9-940b381993df;26147;a8934ce9-2354-4d0c-957a-f791e0ca358f
041b4c18-ce3f-458a-809c-2ef91ee3c517;80987;8c119b09-2f49-4abd-8a40-ba8276188c52
3d3489ab-23e4-4390-a1c0-5f4421fc9a8b;85098;85acfbce-6af2-4c79-9222-605b986a755d
199619ea-35f5-4245-974d-830dd70fed77;99617;ea7cc583-df3f-4dd3-bd41-b78c1138b174
bec224b7-29a4-475d-ba3b-09037dce6fbb;39070;d2232527-951f-48a4-82dc-4e425016e594
977b95a9-ae0a-47ab-b7c5-1b2b952b7c2e;83826;fec9898a-07d8-4563-9b69-1acbe3aaf2d6
1859cfb9-6b4b-4461-9f36-eb922dbdc793;62919;87db880d-c92b-411d-9a25-860315d288be
2cd334ad-aee0-45ab-975b-2771f1aad7c6;64032;74bd1bd6-d736-48b4-a1d3-c1d53b95121e
5c3577aa-aa79-481d-86fc-ef9f6d0d24fa;66377;766c23fc-3077-4e72-b3a5-b2bed10d24b5
120bed88-f2dd-49ef-8eec-02ab3250de23;22145;3a72c0cb-0d97-4320-a7d3-47636982f5f6
50d31594-f136-43fe-bbdb-4907c894d100;70700;fe9402a5-5323-4253-9d34-29367ded8959
0f3c541f-b468-4590-a67a-629e17aca565;88621;dd9bfca3-9cf8-401c-8cc3-48186f986e0d
fc21830f-3050-46b8-8edb-b7e07cfece25;71876;7d6b796a-1a91-40bf-a380-cb01f9dc90eb
d50af8f8-3bc0-4893-9438-fa02065e0a54;49233;392003b8-301a-4dd4-b41f-dc54399db7b0
9e66ebad-2859-44c3-be3f-573b33d63374;92714;b3484c8a-b697-4ff1-85e6-6dd4e93c1111
6fc7342f-bb11-42c8-a903-440d256f77ab;47173;a50efaa1-8982-4d9c-bdeb-159ef70cef56
9e56f09b-03c1-4ab7-812f-b97789f8f9fe;29028;debad98b-bf5c-47c0-88b4-55c0820bf603
96f775e9-7a02-4c6f-a46a-0067f6bcb8de;22052;9df281bf-7a56-4b71-886e-0dfa396b465e
ecb1ee4d-cc85-4e1c-854f-94a52deaa0e8;66103;57595d35-1358-4e66-97fc-bc8773c7c088
cfd4d019-b507-4f20-ba2b-b5431f2d7e2b;30760;61ba54aa-512a-4578-bff7-ce16a7326cbc
d1c61825-60d3-4347-a0ef-e00990004b36;81524;d0df00d9-48b0-41ce-9fbc-21a858bc7834
45408ad6-f76a-4724-b39e-c5ed479dec55;28207;9d0e8ecf-b424-426a-a781-548fa89a78e2
7d18adb9-63ed-4dd3-8e5d-f7a36db38d4a;37061;aa5a864e-f7d9-4549-b4df-aea19369e118
98f07501-7f10-4759-a662-8c879d4cdad2;97605;c4b39dbc-3a8b-4f0e-b7d8-657e30877a04
f17ee28b-048e-4e2e-8cae-2c8b1139130e;41397;35227fe6-5bcf-4db5-a1a4-78e9e34f30c2
94916643-320c-40a3-9b86-e24642d9c8ee;69282;325a1af0-397f-4b85-811d-55ea8638fefc
e1162c6a-9ebd-4d32-986f-62edb2ff62c3;68483;15749ad3-9e07-4ed5-be4e-66a9c926c19e
58d9c8f1-c7b5-4aa5-bb3b-6dce62f78b4b;29301;d4933494-6b8a-48f4-bcbb-1481e282be01
d5f31286-6f41-45fa-9f11-75c716c9a04f;51852;fe9402a5-5323-4253-9d34-29367ded8959
4b77613c-a48b-462b-820a-d626d59e6770;83883;125b1078-2bdb-4ff6-9acb-834393af91bb
69ce7b0c-ad03-48f6-b849-008de0b4d257;75081;39e40063-406e-44ee-8311-02c251b9a0f3
f1f7609c-48bc-40bd-b02a-0a24e71e5fcf;52217;74c73357-bd87-40f2-bce5-b825507ac83c
f074d2b8-600d-4077-bcb8-d9bf5e326ec4;81950;49a844e6-2ccd-4e46-8c9c-f00f3f0fdf63
4863fede-9804-4281-9317-e2a018ed98e9;78617;38e32e26-77df-4f9e-ae4a-f286e0479c9b
1e9cc11d-2c51-496d-973a-89c73881b55f;35069;51386e04-3008-4b33-94f6-f5731322fea7
51a932d7-32cb-4688-8826-288c9ab8bcc1;97161;c996fb84-22be-4a8a-aa16-511253bd473a
d8b2515c-fb46-47ef-8cef-30a4ab155970;37783;1b75d57b-f4c9-4aa3-ae8a-2ddb4747aca6
62a71730-41e1-455a-bf5e-3b6706b8569b;30931;8813882f-0c52-4d29-9117-8fa2153e4cd8
2942389e-8eb5-423f-9545-4587ef675f46;82153;884c115c-9a67-463b-ba94-a2c7009ae980
bfc09ebb-d465-4ca0-bfca-d244dea82aa1;54439;19d12ab7-2613-487d-bd01-e24e489f62c4
1c02b685-bef2-4a24-8e74-3e986f02d8e0;18648;dc35e665-fb92-4449-b13e-83f3b2f6ec5b
9df7c136-4282-4524-aa21-32cb46013fff;68827;1f9cb191-fbf5-4a3a-91a8-6ca4c84f072f
1761b3e1-7161-40d7-aac4-7046f14d9376;71875;5e9104a5-2d15-4c13-b504-bbea94c7b177
24b0408a-0ecc-400b-8d7f-305f687c9a05;60926;86b76ce7-89fd-42f4-ada9-d755863f9926
1bac4c35-1881-48eb-bcd3-b9d099435d23;88999;b9c4f3e7-a5be-40a3-942a-7a2917da9db7
891bc230-2b00-4080-8b5b-38cc05888eaa;69135;0e905df6-b51e-4fbb-8913-04ecbbab4751
83b3497a-2f19-4a2e-ba81-bcf6502bf6b2;43414;3bb81212-8143-4225-b4b3-e7fc048faaec
53c653fb-93f1-455e-a050-d3fbd6fe7ea0;45579;89ffdfdb-53c0-4a67-8671-e0cf7d83e73b
008965f0-f2f1-4fa0-a144-affc487e7af1;45701;6b88d43e-bcfe-4c57-a9bb-14fdcb9a6df5
19770027-5c2a-4ab8-8fe7-1fc37ee243f4;52178;5e076ab8-3d22-4acb-a681-8e62595f9092
38281f02-0391-4753-883e-ae28d8b59adf;33563;d074f04a-24c1-45ca-a63b-6dc20d870201
6972b052-d672-4395-89ae-7a5c139b9d81;81248;627b5214-4151-4559-8e7f-6d222baeaba1
25689cdf-718f-4b2f-b3f8-2ab71e596f76;25488;64336cd2-7624-492e-b716-4fb8d23d14c7
80009bc9-ef23-4610-8f6e-3339ecada1eb;22057;1d8c2a2c-1a22-4b1b-ae83-a22212035ce5
afe5a17b-b438-44c6-a880-9df8f696514b;86795;41c492bc-b823-4389-aee0-e37b6a985e87
78f21fc0-3045-4a00-89c3-73dae36cdb15;42287;f9cc48de-9aaf-4ceb-b027-6ee0dad870e0
6ef6eb76-cbb9-40ac-a193-56fcc89de146;52701;eadbe413-c68e-4d1d-ae75-8aa63a9a1198
d2517078-89cd-4045-ae8a-c497365469fb;30531;ccbabb76-3934-4b56-beb2-f45bb780db1e
f5e4259d-d0d0-46f2-a71c-4f650af0f863;41342;c76becbc-8d28-453f-9fc4-d47e393cdeda
88703906-9dd4-4c98-a70f-f7e1dfc4b21d;99004;73e6d132-0d87-47a1-9669-89d1c8534f0a
1d34a64f-09a3-41c3-bc22-58863ad53202;47025;15244718-bbcd-4973-80f4-57ff8543231d
43ba0b8a-67d3-4047-842f-95d4d0d387cb;63237;d3d9443d-2565-42a5-838d-e183126d0ef4
37706e1c-d9e7-44f9-b6d7-bf9412bb2082;42490;1caafc3f-9c08-4ad6-a715-43b32d5e182c
ce5ef0be-fd9f-4279-b5d2-31debf4d503c;29200;82abb6d1-ed73-4f38-bf97-e5bdfabcdcd8
35ff898a-bc4f-446c-913d-89a32394dfdd;25065;7961d7f1-e3fb-4057-9087-54395a5cd81e
f8daaa9d-6b9c-46b4-8e71-8204021c6e58;55096;cf0948aa-79c1-4302-bc98-c18bbc0dc5d9
9e6738b1-adf3-4c16-8c21-04ae25476c1d;36314;aba3c89d-fefd-44c3-ac93-1fd619e9350c
56fb1431-6c10-4ff2-bd3b-fbd6e1c169e4;40811;711a7443-3ee8-47ae-8ad7-8a0c68b7ad86
4b0d0c22-8476-4fa8-ad6c-84e7389ba92d;20336;afa8aee5-abbe-4c7b-bb7e-2ecfb81a020b
9e8a3802-29e1-4674-b9d2-59aa1709d9d3;47257;4908767e-941c-4fdc-8368-ec841b1c20c9
2cb6d537-2fd5-46a3-ba8c-7d0d6b5afe05;95204;c3581ea8-5b9b-4c58-822d-7d53120ba568
44a28774-68ee-4e44-b7e2-971b9b4959f8;77453;468b7e70-5e74-426c-a8c8-5867e431dd40
c123a149-5d75-4f56-8c2f-79b54de28267;46090;d0df00d9-48b0-41ce-9fbc-21a858bc7834
e15c1c9f-8046-4d30-87ac-a70f2257e1c7;38277;cfd15338-fd83-49d3-8d97-6b879766341a
b210401b-17be-4ac5-8aa1-f0bd7f690c8e;98248;57595d35-1358-4e66-97fc-bc8773c7c088
650178bf-1e2c-41f7-ab8e-e79970b4ba1e;40067;7d10b948-ea0c-47e4-af79-298252754236
285d1dda-6e1d-45eb-8716-6872f3eb2a25;34133;9a61186a-a25c-4d12-bde4-fb45dbb12f05
5241ac38-5130-41f9-81e4-98901591e168;34099;818a18b9-0207-45cb-b033-a8d826731341
05932f38-fe23-43ef-a45f-b775398a691c;27526;cd84bbd1-aae2-4d4b-a87b-c2d91c734cb6
7a1f2620-373d-48e7-b033-f42110514f0b;67949;61d63008-83dc-400a-8ea6-52469881d70d
624ba89c-0aa9-4e99-be17-d92e530bb552;41072;12856021-347e-485b-a5f8-dce87585815b
fad60bf7-d6ce-41db-9756-8d70086235f2;74528;7407685b-160a-4601-8479-9c586c9e69a5
9463418c-d10b-4583-9825-51f0989d2fe6;62196;fec754e8-a099-4eef-9c63-d9c6c1d10365
b331a7e4-8762-443d-ab28-20fa145bc607;55660;1abfade4-dbed-4362-80df-36687e9b98cd
2d5a44f2-fe11-46d1-9446-acd725b20d49;17978;989e305d-e511-4a0a-9041-8d47a516cbfa
51d04b51-fc37-4088-9819-8f9e7bb7671a;56815;e94bf393-6b43-4fb1-b3e8-71145005922f
997fdc26-6e4f-41c7-8166-5d84f5ca780a;80903;b96e52c6-54cb-4cc3-b64f-fdf2794d8e4c
85238438-5e58-4832-a360-d7bebe28d8e2;41884;890ff9fe-a160-496b-a626-8022d443b0d6
9f44852e-7ee1-4e37-983f-967ca1aa54a7;97525;d521b81d-11c7-4ab6-b974-9e107c6ff6cc
11117d12-e621-43b1-8570-eab35fe886bd;18508;78f0ffc8-079b-4b0c-a95f-f73f728c2595
27b07010-d9f4-4b12-8e1d-06e72111f7d9;70822;2e3799a7-9a34-4233-9107-5b228f5312e7
9b00d0fd-770c-4f78-af3d-f0ecdfb33941;18457;c851664f-00f1-43dd-9821-7238f425d49b
848e9999-0ff6-4daa-bad1-1b195303945f;36603;1f545aa8-04f1-4b2c-8885-dcb5d835807b
e716fda3-a117-4509-9cdc-a4db2b692a28;89669;ddea298c-b56c-4861-b155-438a95398399
2a9aae63-60a9-4817-b58c-1bfc556da95e;73030;928ab307-bfa6-4219-b48c-f9c1b0c24a99
6c4e516c-dccd-4424-9da3-db8c2b75a6d3;19130;730c35c4-423a-4657-a007-5fa0351b5361
9b8ce7e7-adf6-4eaa-8fab-fce017db14f0;21246;1ee2642f-f12c-46e2-825d-4913de17569f
11015b02-1275-434a-ba2a-4a52781e5058;70767;5384893a-4cf2-4f25-bf7f-ce8332719901
17758bd8-6e79-4cf4-9179-c33a1b72d6ea;24075;2244551c-b02b-489f-b471-d3f0ad846d45
1508a531-755e-47c1-a63c-7c45c84f7477;82674;8543cbb5-37b4-495c-ab09-6214420e0372
8244eb59-427c-4f9f-81b2-de7fe59360e2;94940;cc91c8dc-4647-4e55-a440-5d8e82dda99c
b53859eb-bb47-4fe8-a2f5-f260d37f1a92;42652;2c70c61f-42e7-46cf-8f47-c4d9a90bc8f0
a8e98f1e-fa7f-478f-9b55-3295a5a12b15;84899;ef9387b8-8281-4884-9d96-d4610a867cb4
302980aa-eed6-4daa-9a59-11c2a5ac22b0;82439;da6bd9d3-0079-4500-91d7-5b231d033205
7e8bcb2e-f530-47e3-bbeb-516abd92ec00;43093;b765d281-6f93-4d96-a5eb-45f3743b9344
190c2b5f-1935-4c46-aaf8-6589715d79cd;26555;1eafe7c5-479b-4fe0-b707-3ac7616114e3
95637de7-7e0d-4b35-87f9-c7441e489169;26639;c5a3a3a4-ffa7-41a2-a32e-2b0291567688
bd6684df-74c4-41c9-9713-a02658d41201;87071;3eeac1d6-2cad-427c-961b-9315a6657fa2
63958d13-395c-4333-9e20-8dec68bc0ba1;74295;8bfadf9a-2f09-4e31-a51c-e77b69e8288d
7c33f171-fc81-4bfe-99ee-e0055508ee50;47916;2b85198e-8db3-490e-a03f-348f24984853
ac03f672-af0a-412b-8934-cb6cd4a09f97;22456;71ed8d2a-9e87-4bcf-9e13-621843d84208
9812424b-d5c6-44e0-8e64-b9c7ff707b6e;58335;801e3b20-a746-4fe9-bb9c-0dae07449f68
065132dd-c261-494d-8301-aacc07af0665;96628;1eafe7c5-479b-4fe0-b707-3ac7616114e3
a2f93375-8fe0-4ef2-bbcc-1a81476b6c2d;80223;ccb93ac3-fb91-42ec-b6be-d405085e7987
e0815f09-bfac-4210-8c6f-3526b6020cd2;42708;a814c186-188b-4f16-9b20-96ff23994d26
6e16427e-a014-48e7-a446-732b3abaa448;50509;96eb199d-5818-4270-9991-9f8c85c53640
8a457499-5954-4a63-a67e-7ae528a63f14;94677;f0d0e7b9-e058-4cfa-9549-a8ea8827a803
ae90bfc4-357f-4870-a575-cbcc8563067c;85962;c8ec8fd6-19e4-46b3-84ba-d9e7d1ed608a
57f4014c-aae2-4997-a996-32fd110d09a3;19113;8eab71c8-5b23-4aae-9ed3-c899ec9235cb
b5279db4-eb76-4402-af5f-6f4ce8cab220;23146;9d0e8ecf-b424-426a-a781-548fa89a78e2
6b702053-0bba-47ab-ae66-aee9e1571fd5;74192;730c35c4-423a-4657-a007-5fa0351b5361
f72852ba-91cf-4d64-bd0f-7f8d9b419854;67268;ec0f6159-02a0-4e5d-9340-f6fa7a0fba42
c2013674-b107-4b08-8375-7d222076f57a;55764;f91ea7b6-0d92-4310-99f0-976561c955c7
4c9a819e-4ee5-42c1-9458-a5480cdf8cb5;98121;61dbe8d0-83a3-4294-ab71-fc2959f36934
a04a73c5-c9e7-4d4d-b2c2-7fc2edb1b8aa;59063;5d60aa33-8ec8-453b-960e-b8f79e805043
ad95ffb5-b882-41d3-bae6-664b56fbc2cc;67597;9d8d683a-790c-4f5f-8741-787666d850eb
f96832ed-4b89-421d-ae5c-83f044bcdcdb;97482;99cc7080-b165-4a8b-a43d-935379faf502
653ca1dd-869c-4444-a0b3-40924359734b;72361;86b5f51a-cb29-4eff-9f8b-11da2e318d34
b5becb7f-a56e-4428-a53f-2d1d6c58c94d;73746;8543cbb5-37b4-495c-ab09-6214420e0372
678ce120-2c10-43c1-b4cb-7f6a51be037e;66012;6ddb0902-84c4-4f3b-813a-42af6bb60807
bc550913-c912-4530-b615-7a236e6e424c;90188;a91383ef-bbbe-4a79-aa28-542b6bae79f0
ff7b1557-dcf7-429f-8975-a9276811f6a6;95808;b63db656-1e84-49bb-b517-db2494d20531
f51501cd-9f9b-4f44-922a-8777bc732bce;64156;c04046a1-e170-4514-ba89-7b9f9ca3349a
045b2613-b968-4117-aea9-4e3108aff8d2;86190;aa4b2a8e-e0a3-4d74-a6de-0ff7028050e2
71a2a008-4306-4794-af98-41f239e6a423;97914;903042ea-9436-4ed4-93af-4cae80eb5b9d
0c9cd372-7b88-477c-b2b3-0938f9ddb126;73355;f85815eb-fed1-4c8f-985d-0f021933e214
506b1213-63f4-40cf-8228-5f47eae1e5ce;35422;468b7e70-5e74-426c-a8c8-5867e431dd40
d2c62718-e4b7-4b97-a763-6f9df13a2c8b;51256;185b0b10-b411-4c1e-9ef6-b077660dcb00
2959bc37-17be-4641-8f00-c0064e103450;69507;b178eaac-2e6a-430b-810a-f4e032006e0c
e5e77bf3-7db5-462c-8e6d-576a82fc8dba;77829;c708a3bd-f113-4d4d-8667-3f57afb012dc
7f12f715-bdbf-463a-ade9-8fed838da6cf;75151;5dcd439b-d1dc-4b21-a43f-ca83fbc70d79
b454262c-af16-4690-b099-849374e36e4c;32556;cc9e923e-6383-406a-954a-17b4a2acea26
cfec891a-a8de-4351-ad13-c07aaccd480e;95993;f70347e5-3429-4645-bf0b-f2e5b3165f71
5a7382c1-5595-4886-a20d-e838e900a634;62410;43853c74-5994-4512-a2fb-714258696c46
bb686c03-f961-4095-8227-8f1131ee2e9e;68959;8f1d7655-8b98-4be1-9ab5-c4c17ff00ab5
12bfa8e8-434e-412e-8935-8b13ed9e8d33;52122;039f9ee7-a345-49f1-b02a-938690a6bed9
06650c4b-d2e7-4a99-bbe4-ffa4c50e7a00;23649;aef61ca8-3f9b-4537-9b9f-97fc2e42db24
6ed00b5e-1156-480c-88d7-dc1ce1b96b2a;61614;73fe3b29-ae04-48a1-8494-63af0faf4fa9
67d628bf-9b2d-412a-936e-3b774a7a9e73;37845;e9156041-1806-49cb-95b5-97453dc7fbf1
080bb0ad-b43c-4770-8174-c962bd07ec20;70315;71f415fd-06dd-466b-87b6-f2e59b0af4d3
54ab6713-88f2-4c7e-be8b-d4c92cef4de0;23820;4f6ec192-0936-4673-9fee-3fa8a214d3d7
2087410f-ab6a-446f-97c6-b5720d2220c9;54512;ca22c2c8-358f-4993-a455-e6b5c9715196
c857c5fa-0ffb-4171-b9b6-26273a452f57;92882;92487484-bbd5-43fc-a099-59b66d5ae2ea
a1972cd6-1bb1-42de-8c35-eede595bd9ab;93887;b27d254c-fe00-4c51-86af-60bc8914d8ce
e92b901e-3b4e-44db-a28d-92fab5cbaf29;36254;a4528fb3-66d2-4447-8381-f15ee16d51e0
90d22db5-5b78-4e9b-b8c4-173d5dfe0188;54788;ea99384d-352e-4b2a-887a-c508984a611d
87ac45b3-d457-4450-bd49-485859e5c44d;69797;741b6c70-0703-4cb1-984e-ee5da7f219a2
0e945992-ce09-4e0c-8c5d-fb1c1083f8dc;86477;9597f86e-efc4-4748-ace3-48298e61caae
0aa1c18f-4e6c-4884-bb20-974c269770ab;92565;cf14b7cb-1369-4771-93ae-45f62458f06b
0be30147-ad5e-453d-8593-03e810aef684;25548;1aa495ea-f800-467c-a2d5-ea9edc0342be
320bef1d-600c-45a9-be84-3f6d1ae5db6b;78936;e2eca61b-2f5b-4720-b66f-5bcd1feaedb9
6884a4c5-a5c3-4807-acaf-37d0467df9e2;73799;e508c4b9-1500-45bd-ac45-302a6f67dbf1
0e1e89aa-e173-4857-b36e-4d49ba8c227b;79497;5e08c475-3274-4fda-a0f8-5fd831d13a99
2deb099b-efac-48d8-968c-0f95f22a87ea;78273;e508c4b9-1500-45bd-ac45-302a6f67dbf1
99568609-180d-4416-9d0f-af731857cce7;98131;9b5afa8f-9b4a-4906-b581-e0ea8e5bdc94
34f43bb4-eefd-4f05-8089-06a3b8c51d94;60472;6d0631fa-f9b0-4ff4-ba0a-6d8eb66c0679
3bb800df-b2ea-4a17-8a63-68162e28cf05;55017;658fe884-47b9-4021-bbf7-9e205701eb8a
99649baf-3a26-495a-81d3-2b115f93a345;37049;c6ce2502-5ed0-474f-b164-30da1892e006
6a6a4835-e971-41d0-a372-6852657399e0;57263;3738ecbc-c185-45db-b9c2-0fbdc552a1ba
b42a0f7d-0e1a-4a92-91c1-16546db172af;71494;3d6eef6f-dfd4-44b9-ab60-78c2021e5c92
4a8465c2-e97d-4a8e-84d3-e614ce74aeb5;34853;f1524dde-e87b-44e2-85e5-530aa9f71cd2
b1d35e1b-4e02-438f-8a88-151684659142;87960;f2de17c8-4deb-4618-a039-8eb180872694
c653ef18-bd5b-49e3-8810-0b4cdde11195;85213;6432ddc1-6fdc-4daa-b17d-11abd4886030
c0d7f311-f234-42e6-a984-36e0fc43e0dd;48170;7ff383b1-4eaa-4c2b-8ae7-8fde9ce2d627
f8b1f73c-de77-4444-a43a-ffffa00f45e9;69448;361783b0-890e-4f7b-8bb6-ca86d7b4305d
270a2e82-021f-4cc0-8f66-74cf10965c50;95125;afffe066-c44f-410c-afcd-5adbee6df5f3
aed79e6c-4b43-4107-9276-7e7279dea275;41191;0f65e11b-676d-4da7-8079-57db0c296b6c
29797649-5414-4680-9e5f-476458cc6a0f;22331;1688f909-99df-41d2-b5e5-6bf3c1a9f501
d2c2f757-58e1-4df7-a0a6-c6e3af83417d;58792;8cbe4044-308d-49e4-85bd-30f8bb8ff605
ac437f32-6d74-4977-a23f-2b81e3b1525c;74549;0961894f-c54c-44bc-9a1a-8283c189898a
46eb6a50-5035-4996-bd21-60f6e6bdd621;80915;5dc3bc92-1bcb-457a-af50-1dcba3484663
041b6c4a-aad4-4c58-b864-7274fcd807d7;95925;42259697-9946-4016-9b36-a82409ba0e34
9a125f0b-e758-4b98-8074-baa96d3cdc46;72635;38bea595-bd44-46e7-9355-e19eb9b72025
15af3c01-885f-4003-adf6-936f2b596b31;51665;1a3c60d1-5b1e-4c0c-8d06-e61013b20a4b
ebc53128-6a39-4d61-b56e-6f2d0fec07cd;20069;9d217c70-1300-48ba-9f87-93fa9a10c7cb
8a0d8966-1b2a-4423-9391-c6537e2c94c2;82490;b366baa9-4903-48ef-ba65-6c847909ccf3
83714a0f-71ae-49d7-a6cb-e0652c80ebf7;28897;e2eca61b-2f5b-4720-b66f-5bcd1feaedb9
8f0d768c-9c14-4733-8687-3655e3c945c3;85620;6b88d43e-bcfe-4c57-a9bb-14fdcb9a6df5
c0cc1a41-dd52-43cf-9e61-e6493b3de2bd;88516;284fbc13-c3aa-49aa-89c0-988306de9a0a
b2907622-be78-41bc-aa06-ed2a3a97a263;16322;c04046a1-e170-4514-ba89-7b9f9ca3349a
7ac9c01f-f7ce-4062-b65c-8fa62f8e083c;64262;8937183f-2ca6-460b-aeb7-3a55cef511ee
87625a13-4253-42ea-8285-966901b7bb32;69780;48dabed6-181a-45e1-87c7-8a50a9ad5fac
e727752c-1051-4bf9-b3cc-2c7224b635ff;24256;3ae8b69c-b324-4429-983f-0da055edd40b
22e37abb-6801-4acc-8fdb-749c3e3b5e1b;81633;0a4624f4-550e-4e94-b8c2-52bce93d14da
451e58d6-c59e-4a29-b23e-7f3554a4de87;23597;a4b7f287-fc92-4108-b948-bea7fac1397f
87c5a564-85c1-4f74-94aa-3e1839b533b9;36419;32732c30-ffab-4c0e-8308-54a3415ce72f
60da34e5-d16f-4f53-8358-f75bc1dbee0c;92250;3b7ed1d6-29bd-4c3b-af31-ae8a06fa28ff
8ee93b55-3509-4676-9ef8-9860bba3069e;58403;5dc3bc92-1bcb-457a-af50-1dcba3484663
3208fe7b-a0d8-4453-83dd-aa25778cb5ed;31285;1a7b0498-0ef9-41f7-83b8-37696213d650
bcf8a77a-3ad7-4907-8f84-3f5b6cb3ccdb;32245;b96e52c6-54cb-4cc3-b64f-fdf2794d8e4c
cd30264d-5aca-4200-ab18-55c9d2f53e74;50612;ccb93ac3-fb91-42ec-b6be-d405085e7987
b4909365-ed10-4426-9554-b3f1f34412c4;53727;1831e84a-c756-4d55-8da2-817167ef4359
f529e30f-fc81-422c-9f4d-9b93ba185373;24232;15dc6ee7-f0d6-4491-b0d6-5c6ff8d8aa4c
6af29146-31c1-47ee-b567-bb28799ff30d;67190;98906924-de7f-4ff6-a350-0c64b20c6471
3b90bd2f-7467-4ed3-a1b4-95f34ce322ce;55488;611815cc-846f-4c59-85bf-7c65fc54f7d3
450338d8-8d36-48f3-88c6-278925538c65;16574;63078f41-9834-4697-bba1-ea41969706d3
cad1c11c-351f-476c-9fa1-8b8c45908788;34771;bb8a4490-9b07-496e-a339-b863118624eb
2dbb71d6-3cf1-4982-b653-8092ee9bd116;59378;e42c1e60-80ce-46b7-a7ce-cbd36923d00f
5009c8a4-a8ad-4dce-b304-88d2d52a96ad;87602;2b7a8fe7-db78-48d8-8f34-6461d1aeb79b
61f3d876-04ca-4e30-84d4-5956d3f10447;47501;1656b134-470d-4470-b2f6-8e85317c7cf0
b634afb1-cca8-4711-a3a7-183fdff6008b;36879;ab624da4-c42e-4bc7-9fe4-fc5597da87d1
fc0f6d4d-f8e7-4993-b058-9156d38c6eef;60952;3c892ce6-5cb0-47cf-bbb4-4def94c7388c
7a01324a-4fee-4796-b0ec-a5df02a38ae8;30528;8c019e29-d1b4-4eb9-be5d-c15712e469c9
41ac8438-31a5-4347-af5b-fb4191ab49ba;86669;711a7443-3ee8-47ae-8ad7-8a0c68b7ad86
e7647b21-06c2-4bbc-a638-94e328240c9a;33265;450a9835-6c8e-4508-a633-c018867c6d93
c3ab51de-3edf-459d-a5ad-a6c2aec2a8ec;97289;340d1aaa-dfcf-4a70-b424-347c44aa73c2
ebd6b651-2819-49b8-8e5f-84e80efc9e3d;30241;ab249219-9107-4f1c-ab15-58d557fa642c
06a172c3-06ca-43d6-bc0b-f2b1e656c6f6;73082;970a7380-e0fa-4872-9b20-f66ab256211e
5659ff79-871c-4ec3-9098-a411487cc7b4;32462;defea3f8-e4c7-4cd6-8a3d-4e82bb4ce98d
91dcb88b-4d91-409d-96d4-cbf87de28576;38566;d428cf89-716d-46b0-b944-a4e375eebdfe
66b124b8-420e-4811-a0fb-c63be709ac02;29624;98906924-de7f-4ff6-a350-0c64b20c6471
b4682850-1864-4199-a9b5-7a91f12b20b6;52788;5e08c475-3274-4fda-a0f8-5fd831d13a99
eeed32fe-8a4d-438e-a563-939e64770886;78446;8f1d7655-8b98-4be1-9ab5-c4c17ff00ab5
96b1f701-4db3-4913-b610-c19be5ed48f0;29035;c4b5622e-75ce-42ad-8ea4-7bee55356830
79d95482-185f-4998-a8a2-47e1ace5f7cb;31262;3eeac1d6-2cad-427c-961b-9315a6657fa2
725fc6b4-929d-41d8-a7aa-7d604a7e0c7e;98189;af04214a-8175-4943-b82d-56d2573bb10f
ad8a415f-0918-4ef5-b7af-f7d43e79a0a4;96509;d5705eb1-af46-495c-84b6-1b5b72a4b9cc
d361a9cc-e578-4013-89f7-0553dae8a42b;18756;c6295ac7-7109-4c55-b088-5c466b2347b2
ae34ad49-8d65-4cbf-9965-2fdac9789535;81572;ea719e17-ab1f-49e3-97a4-9b53dca53c33
4765c7f7-74c5-41d9-b95d-437b2440af63;68980;7c1423bd-30bd-4405-bb1d-0bd45753bc7b
efb6fc97-e93f-4fad-ac9e-d7100266051b;85956;49a844e6-2ccd-4e46-8c9c-f00f3f0fdf63
d8192595-2b44-4efe-9f44-9a363c9c06a2;96772;9621e61e-98ce-468d-9152-2a7719ff89b6
6a2f558f-e592-41cb-94b5-2a15f88dcd67;35836;449226e5-c573-4640-b429-f9cbe6a1693d
b7dc3ff4-b172-4898-8fe6-dfb4f1862aba;56436;777b253a-0497-457a-af1f-81b47645664c
fb7b4145-13a0-4f98-aaf6-3ecb1e9290e6;33215;d521b81d-11c7-4ab6-b974-9e107c6ff6cc
0c3f083e-cbb9-41d3-bb4f-8f8806141219;62759;12856021-347e-485b-a5f8-dce87585815b
837cac24-fa18-466a-ad76-fbaedbe4ee62;62181;04f3ec47-ae73-4c7d-93dc-900c44abae77
74232400-36df-4935-8b55-f83338011cac;77423;2e1a6104-6e8e-4827-9590-db96f96581a3
83bd622e-d487-4f27-bcf9-8973d642ae41;45271;8932302e-f8cb-4b17-bf80-50d04d037ef6
458e8e9f-9b3f-479d-bcd7-b38002717e79;68858;658fe884-47b9-4021-bbf7-9e205701eb8a
2a5f3ad3-0c3e-41fe-8858-11e8df9147dc;43615;85b560b5-1d95-4b39-9530-b53efdd03ddb
d5ca15ce-58b9-4e6c-921e-50a3ef7cd165;23252;106c11f5-8da4-411b-8da4-656e783bdaca
40a4d34a-b983-41b0-b68a-7761669590bc;54539;1a7b0498-0ef9-41f7-83b8-37696213d650
8d30a412-e54c-4d38-9f3e-31e85200eb64;22176;a780fed7-198a-4aff-87d3-4c1f836d5952
2cb8de3f-7a75-4224-b89a-9a5e17fb0bba;79881;67362e38-fc5d-41b8-ad8d-9914ea59a1d0
f89ffd26-878c-47f3-a27c-b5586e8ae644;16604;c0ee4837-f32a-4e86-883a-6e72dd99b72e
a8637298-c36f-4ba3-9166-c84584002c1b;71226;f8779339-28d0-4f1b-8cd1-a5e2be00f19c
fbf3402c-16f3-4806-8e14-d3895ba02188;58970;78f79fcd-5231-4c88-8232-c16c55269a5a
f77eadf4-18fb-4d28-a9c0-bfac045b8101;88795;d45b2f9b-199a-4265-ba0b-d5ea9cececaf
b6295614-8f55-4483-99ee-e37959bb2e19;82008;a4f61f29-3a07-4796-b66e-be861b37de63
9c7d3b36-2527-4868-a5df-61ac4778683b;93623;97264970-0e19-4038-9c80-bb90478018ab
78063f9f-8661-45bf-82b5-efa817648911;56711;61868803-41e9-448f-9a5b-54aff4fc6770
2413c591-bd3a-4a59-9050-10723b1247ba;33277;08316512-612d-4b51-ab05-f7b9bbda1cc1
8e78bb3a-2d9f-4ddc-9db7-5f07cb7e3e77;68666;08316512-612d-4b51-ab05-f7b9bbda1cc1
64a5de5c-abf7-4119-97da-78beeeead39f;75068;2244551c-b02b-489f-b471-d3f0ad846d45
7d9905d2-c46f-4a52-a437-50ea683417f3;15456;9b5afa8f-9b4a-4906-b581-e0ea8e5bdc94
56466c77-be47-4778-bbdb-c6c45ebb60dd;85814;72ccf143-ad2c-40f6-af6e-7356594c4c57
921663a7-dd9d-4174-bbf5-76936375bffc;48087;b27d254c-fe00-4c51-86af-60bc8914d8ce
2f3ff25e-625a-480c-ba91-294e3d69c697;72133;79e98ae6-c3f9-49fa-a5a4-022ea9df495a
19e7d3a1-3c27-4f1c-9d17-3c8634f3829f;20877;0661eadf-2204-468a-a590-e24310cc59d5
c829d5b1-eea9-4e5f-a1ad-722b03abb01a;41897;cd3eda51-2a05-44ae-bb8a-5adc117db53f
ddac30ae-a486-4c2d-a99f-dc688b101848;44708;0edd3dd5-da4d-470d-a8ce-a612d875ef6a
c2687c25-1d4d-4f54-91fa-7d52d07efe7a;53318;a8934ce9-2354-4d0c-957a-f791e0ca358f
d42363b6-0626-432b-a2ec-65a57e67e4c5;71690;007bd0e7-5654-421f-b514-df6c3cd02648
7e4f5034-19bb-4ee4-824c-519fa2ff34c2;27165;0661eadf-2204-468a-a590-e24310cc59d5
9f719ab1-feb7-4975-af3f-8e8c65992e83;49748;7407685b-160a-4601-8479-9c586c9e69a5
b02215a7-f29b-4bdc-a542-ae2fd46c49a8;37695;c4b5622e-75ce-42ad-8ea4-7bee55356830
1c3d6a0d-9563-41ca-ab48-ff2879fa4607;83184;fec9898a-07d8-4563-9b69-1acbe3aaf2d6
54e97c41-4837-49a7-b8f8-203e0f6cbfd4;74242;42168fa3-2afd-4a21-b072-d12a37671984
ec6e12e2-8717-402a-b45c-ef7f28d15820;98449;39e40063-406e-44ee-8311-02c251b9a0f3
e0a25248-747b-47d0-ad82-433a17f17b35;44673;f6109bb6-86c8-4b2d-baf6-d289b07d5998
ae930a6f-410e-47cf-bb2f-797fffcd9303;41558;7680b8a9-8571-4feb-890f-ba7cd36a5c95
485b804f-7e06-40f8-9e2a-b63b0ed9246b;69669;bb2633c9-af15-4923-8af5-5f127f4cef28
56ea1429-f4b6-43b9-8877-c2f4f56e9a65;60208;71b67b9d-1256-43c8-a1fb-0d65f9cf156f
a9f7bf5f-d0e0-4402-a86a-2029fd7efaa0;75630;eadbe413-c68e-4d1d-ae75-8aa63a9a1198
64f170f2-5a47-4940-b540-d0fb0b54d926;95061;0e8d0c5e-52c0-48c4-91b8-0a4ebccf98ef
9f259902-ee0f-4bf8-8872-674ec6dc040b;50537;343dd021-6d7d-4db9-a336-24e317ff4851
ff64f11f-d4ac-46ce-9499-79b6ea0ab029;24697;8c1c2b00-c621-4827-8155-632b8e084996
fa555d06-f3c2-4289-8ad0-4399f578b69d;63529;45fe3056-3799-4484-b39e-e975ebf13e46
d1fb20df-e7ab-40ba-aba4-d2014cb5190d;23950;85ce78b7-2392-48e6-9913-f012631825e4
91f39afe-bd63-45de-99ef-a69ebf3243a3;25826;a4a9a485-4a8c-41c5-b9dc-9125b92c43bf
06270492-1880-47f5-9157-2daa71a8a413;91953;f84c3485-fdda-4bf6-8abe-15b1cd91b477
dc77b9e0-098c-43db-b004-f4c17060f828;40609;b5d809a6-2626-4043-94ce-76e702d2db32
a7a0e694-c54a-43a6-af0e-ad41a7196a26;97495;1150804d-360c-4a21-8e59-4f3d91a18eaa
38ac13c1-940a-4f1e-a396-ae9874a494ae;64913;534d6781-28ba-4bbe-b6ed-7c349c5a865c
ed88e43a-a33f-47e3-bcf9-a0b3dc0b4ee4;80094;a65b4c6e-e0f7-4a00-bdb7-2a819a4f1d28
fd2ce418-ba99-4f42-bce9-cd6817a147de;98975;250360bf-3c82-4dd2-ac90-e465807017a4
2851b578-daa1-44d6-a69c-ae14b34a41d8;33459;a3ffe831-6f09-4abb-843b-50f1ca572a85
87d3e6c5-3da1-42bf-a16b-b0a4a5d4a82c;95923;9b5afa8f-9b4a-4906-b581-e0ea8e5bdc94
7a9349d2-929b-4960-bfa2-8ce84c95d210;59187;9597f86e-efc4-4748-ace3-48298e61caae
24ddf8d4-7430-4c76-95e3-021ffbaa17e4;67461;cf14b7cb-1369-4771-93ae-45f62458f06b
981b87a1-9c8f-409b-9c13-453bd5853b94;94022;3252a748-554a-4c79-bcf2-27d107803511
bfd0ee4d-379a-4593-b61d-b62320ff228b;31521;fec9898a-07d8-4563-9b69-1acbe3aaf2d6
17aba4e5-7420-452e-a020-107014467f80;99388;4a896031-4514-425f-8d82-4bc1b68ba0ec
d7984cbc-b2bf-46d7-af5e-324bd20b1b4e;47729;1a07761d-f098-4093-b0a9-238c1587175d
87969516-65a6-4a6d-9a77-587bb264d1a5;24204;602c353a-cd5e-4c00-aeaa-66801d12c420
7dea5eb1-c306-4a5c-b76f-c563d4f19b4b;35740;c2d0dda8-58a4-4338-88e5-ca828e540d2a
171733a1-fbf4-422c-bb2a-c7d1f98401cc;56049;f8ef43a6-e5f1-45ea-adb3-2720bee42889
e3a53783-3436-4881-a205-e5f0a8ff0b4d;73661;749b95e2-d6ad-4c5e-b70e-32da3dd4a7e1
f5c11fef-3020-4005-8dac-bfc34bd0acaa;28000;2d1dbf61-6785-4cc5-869b-f1ae16c045c7
e29978c8-b727-4af2-97d7-5fb8e5b3bc87;65765;010c50c5-726e-4f8a-b131-818d58487eaa
b2c78436-271c-4b35-95d0-393a25f0d962;21458;0a22e7e4-058b-47c6-926c-84de20c39437
0ccdf68a-6b44-4ef0-ae65-ba9971a3a441;94882;c06d7542-ec9b-4ca7-aba5-367f37c3d4bc
721e74d1-127b-4ceb-a4ed-ad66e238f68f;79528;88b16213-88f8-4c11-a7da-87586c83ace3
1fe7cb57-0447-42ad-ba55-b89ff88f55b0;84673;e5319594-ad49-462c-adcf-2174ac26a657
eda761fa-e8ba-4a92-87ba-1a07988277ea;69314;ca22c2c8-358f-4993-a455-e6b5c9715196
b9410635-ff67-4452-9ece-574416496de5;77465;75f1fb52-f215-4b7a-82dd-c2f5ac2dc3ed
2f376666-457a-4529-b735-26f6936bd1c9;76158;82f90e32-0da7-40c3-a994-d37839eeafce
a928d98a-1663-4378-bcca-aedb6d3335a5;48873;24fafabb-a4d5-4660-bec5-106bb977c7f8
0c67fa5c-613c-4a43-b4a6-16a7e4836226;24564;558cc0f9-2012-4e4e-913d-7a43dbd6dd67
b367070e-41dd-4db0-b7a2-2e5703cf81f5;42759;b2e3c1b8-6ed4-4abc-bcb1-1af8446cdc52
7d6423f4-cd6e-40ae-a7c7-c23e7cb31fe2;81541;a412fa4f-f392-4f0d-a0c9-b9e94fd81caa
947d9112-6e53-470c-8ded-e1d04d5c74fc;56902;0672c8ec-e71c-4272-bab6-006d8f7e6df1
717a9331-0343-49ed-b500-caeea408e0bc;90412;e65e9f27-a02b-4045-bb57-093fa325f2c1
7be7a7a3-1bb8-4cd6-a353-e3c17f7e5273;93212;fba0805f-a239-4d92-bddb-ff05a436b3dd
ff50ff57-35b4-4daa-a737-fee2357e67ba;15424;864d7994-a8a9-4572-afaa-8eeadfb5d398
992d8a8c-e93f-4b98-b753-7b940cfbecd2;49686;c541d126-c5b0-4d3b-8528-a1f94522d4f7
8b682a3a-ac78-4ad7-8e9d-5329fe830a14;78360;8d284519-9d51-4a09-8bc4-a2077c31bbb2
70560689-5b18-4d55-81c7-d5b82bc490b7;62454;3eeac1d6-2cad-427c-961b-9315a6657fa2
5415e2e9-a2a2-486e-b378-7cc92a649e67;81733;77d2e15d-327f-4f45-b858-1a9ce0ec5338
ad2332ee-70ba-4af7-b7a2-76495c52775b;71127;8c39211c-cb48-4e52-a3e1-9d3f23000a7d
b1dc7815-1482-44ca-b681-c3f7be28f586;50304;73e6d132-0d87-47a1-9669-89d1c8534f0a
2325a66a-85bb-475b-9cf4-ceba6a7ad653;44844;a795c851-42ec-4530-93f0-52e0e11e6e0d
4adea790-6050-4789-8274-d8ce6ca7a5ed;17857;6ddb0902-84c4-4f3b-813a-42af6bb60807
e251b5f3-006e-48c7-b957-03484910de79;15989;1ee2642f-f12c-46e2-825d-4913de17569f
3ec15b30-b6b6-4d64-9e2a-20e3f48e6e78;91846;f3677f57-4799-4be8-9627-f69b385ca5c1
01b79249-42f3-4f7d-9a0a-8e0cc81aa6b7;99875;ebae9751-592d-4224-bed9-4a5a5269d674
6c8be8ad-bd82-45f7-ba24-58c98c64f0d0;42151;bfe37ea2-41ca-4359-a61c-62eb9e49d1eb
8a6bbbe1-25a6-43ad-afb9-f7314fbaddb7;19996;e059648f-86f2-4882-9129-ecbdece91c7a
c083596b-f51e-42c5-8246-281d2255626d;43189;07970e80-bef3-4bca-96dd-8df18809fb63
ebb2ee69-e713-4d96-9d8e-a112dafeb16e;41433;562c339f-d25e-4758-a11a-a282cda52185
6b599fa4-58fa-40bc-993c-29963493ac55;21220;d074f04a-24c1-45ca-a63b-6dc20d870201
a7a52f4b-2d81-494b-a5b4-6fde2188c17e;88816;82abb6d1-ed73-4f38-bf97-e5bdfabcdcd8
8debcc96-3a49-4edb-a514-b9bc403634af;42630;e3e140a1-7e65-4036-be6c-a1f45f43fd2f
098e10f8-d24b-472e-9cbf-40ed8d082837;58678;b27412cb-7889-4a27-8460-ccb4549f5a06
d0a8a84d-523b-40c5-bdbf-9dca5306adeb;77031;039f9ee7-a345-49f1-b02a-938690a6bed9
c67459c2-3af3-4a21-8040-8604d55b07e1;49318;b4428057-51f4-47f6-bf0f-c20b2d1d2cde
4f897d16-dff2-4b91-8aaf-6f527e415d4a;96590;cf0948aa-79c1-4302-bc98-c18bbc0dc5d9
af22f382-5b4a-4b87-86f2-a587a1e59495;25474;74c73357-bd87-40f2-bce5-b825507ac83c
8d35ba7f-8ffd-4c7e-bc81-d7db50118c4d;53101;807ec03c-8b2d-48f9-a6b5-e2584c7cd456
e4888541-3d6c-418b-9f27-f70a80f37f4c;55468;d45c23c6-4ac8-4619-9694-dea7768efb69
4c1e0f4a-f33e-48de-960f-aeab26035366;99171;92aecf52-11d9-4e81-ad73-dc02099288e6
b1d469d2-7b46-4020-9dea-eac130433ab6;68141;0aca7eb0-a323-452c-b007-9df23a38aeda
063d5375-fc7c-4a62-b3f6-d8827288cd43;52580;e9c420b5-0403-4c7f-bc10-3a5dd0acf13d
ec4c5da9-5a71-4049-9f63-ae628f2fcd99;26894;eadbe413-c68e-4d1d-ae75-8aa63a9a1198
a7bfbcf5-99f0-4d8e-bbdf-acb1b0b8a7c5;96156;3ce95acd-c441-4f48-a936-9e09fbf97e2d
da8eb7c2-d1e4-4519-87fa-a6b0bbb0d0b4;80557;17a79fbb-a9e5-4108-837c-d33158a02e06
d32810d6-1596-49a3-be43-c71cb42e1441;96461;86b5f51a-cb29-4eff-9f8b-11da2e318d34
9d57e06b-5bac-4d37-b4a4-4c271e4a98e4;95313;8b50fb7b-aa50-49fa-8ad7-966b1935066e
dd5f4191-e061-4060-a63c-cdd56cb796f5;61845;6fb5a21a-d358-4ec6-943f-ff84fd8b959a
bae6ea9f-2f0d-4f0d-89b3-b3242744b1bd;84043;f9e81d13-3e8f-49ee-bdb0-40dbd7c30b4f
da77381c-ade0-4061-a774-2da7725ab15a;38555;5e52a481-c0bd-4762-bd37-5cda6e7173b5
b278de1b-f615-4bdf-a88b-04a2b255a5bc;17620;8288336f-e4d0-4627-b188-ca1765d6654c
73b6a38e-30f5-4841-881a-1548a8db2da8;32597;6c371bef-4b65-423b-986f-aea4fc3bc16c
347b9a57-8f07-4099-9224-1a632e05ee3a;35298;b046ae23-3b3f-4e30-a160-a489738068a3
af80009a-22f2-42f4-9691-d7713eb1d000;25221;741b6c70-0703-4cb1-984e-ee5da7f219a2
b8994cce-cbd6-4fe3-9b91-64302863c8f7;90968;2c854494-19bb-42c3-ba7c-ec418e2d5875
63547e38-3fe3-40f6-9c5a-8a55ba6c3e84;99768;bc196dcd-f5b8-49bf-a3bc-b22ed60183e7
8601e2d5-9170-42b9-99d8-3e4b6054f27b;15027;d866094c-9236-4a2f-b71d-5cdbf0805047
a6bc02d5-ebf5-4370-a56c-907c05625f20;61984;071276df-f703-4dfe-aadd-d57685ce9c7f
9a9ae3ed-9896-4756-80b8-b93e6f688cc8;74439;d45cd24a-abfe-45bf-95ae-6cd0d3758138
19ccf086-87d8-4d94-a93b-b9ad7c8acff4;64264;cd84bbd1-aae2-4d4b-a87b-c2d91c734cb6
2a82bb8f-31cf-4734-a9d7-8f1cb9de0fe5;88711;2a836470-91a4-4971-b80a-03bebddbad12
893fdf6f-273a-40f7-ac62-be4cf00ccbf7;52200;1caafc3f-9c08-4ad6-a715-43b32d5e182c
71387373-4070-4a64-aa25-ac4cd354bc6e;31292;67362e38-fc5d-41b8-ad8d-9914ea59a1d0
4222d8fc-a2be-4ea3-abc4-1b10447d514e;35181;f83c560a-9582-457f-8e13-803969f435bd
81855828-5358-418d-b0ab-adb2a41f622b;42606;5e9104a5-2d15-4c13-b504-bbea94c7b177
8ad72212-d1b9-471e-8d66-1dcbb8ac0b34;36211;12856021-347e-485b-a5f8-dce87585815b
602fbd48-501e-4e4f-b828-de890b3d29bb;67160;73fe3b29-ae04-48a1-8494-63af0faf4fa9
637ed6e8-c540-4efd-b165-739f900ad66b;59141;a87107b0-3c9f-4272-85c6-82dbc960fe89
69259602-9eec-45a8-9a89-1399882fc253;94389;ea476b59-334a-4983-9a9d-ad20bcdba178
a8cdbbde-e4af-4deb-953d-c2e25810bfcc;62757;c8bc0193-b106-4d68-b417-41efd7eb07ba
61a525bd-76b7-4735-ae52-da457ced5e6b;42182;42cedf0f-efd4-4cdd-93a8-b70a153d70ec
927ae676-d5aa-4d91-945c-b9bb1c172e15;45359;78a3f200-f471-44b6-829c-76f2a174a523
43dec636-f017-4852-ad52-4156f233e490;79419;e53be4d7-9087-44f8-a3b8-bd3e8d488770
df67cc8e-cb38-4e65-80d4-e61a53195a20;83122;defea3f8-e4c7-4cd6-8a3d-4e82bb4ce98d
bc78fc2f-34dd-4418-975b-05d95a397592;20731;f83c560a-9582-457f-8e13-803969f435bd
d668f6d2-b2c0-427a-97b0-98f51bc23d66;96708;12856021-347e-485b-a5f8-dce87585815b
9e63c619-422e-4442-bb89-12c6b77cc222;20837;6fb5a21a-d358-4ec6-943f-ff84fd8b959a
5a04aff5-2964-44ec-adb5-0da7d59bbf2e;59203;1f9cb191-fbf5-4a3a-91a8-6ca4c84f072f
e28de3ae-5782-4df4-95a4-54f3ea08593c;80422;debad98b-bf5c-47c0-88b4-55c0820bf603
d1d4fc33-230b-453d-93ea-be10f3fdc66e;45614;89ee3c1f-e3a9-42ae-944d-f37b3e379aac
ddf53b8d-768b-417c-9de3-3061b21ad330;99827;d428cf89-716d-46b0-b944-a4e375eebdfe
19a8fed6-9d28-4ee4-bcc3-105e30af93fb;66551;0672c8ec-e71c-4272-bab6-006d8f7e6df1
89e683d9-5c17-43a1-abd4-db5856f497fc;77870;590e95eb-fda2-4d4e-bc6f-0652e0d801ce
869e291e-d737-4b68-b459-34ef560416c8;24269;98906924-de7f-4ff6-a350-0c64b20c6471
8c0c3419-4bac-449d-8ee6-d30388e6496e;47693;da57553f-a596-479d-b1da-11c9f60ed87b
bde426aa-b1d2-45f8-ace8-54bf98678f5b;16321;8e9b2842-8ae0-49c5-ac8e-3d37b06a3207
01afd6da-d24a-422b-8a4f-3ccfe2ff21b3;30715;e9c420b5-0403-4c7f-bc10-3a5dd0acf13d
a19717e6-2913-4527-bba1-77a1b17bd8c2;85906;92487484-bbd5-43fc-a099-59b66d5ae2ea
04a8b3d8-4ea0-4749-a800-76b8bb3554c6;61985;76f36c70-6296-45b7-9aa4-56619118b8fd
abaafb4d-a907-4102-ae35-51a65fe4ec56;35369;92487484-bbd5-43fc-a099-59b66d5ae2ea
e6f57e15-de50-414e-a114-1978604f3346;73607;3477fa71-5dca-4f9d-bda1-46c6740ea8e3
78ee4549-e878-4b8c-ba54-e8c96b3ead61;28967;b48573cf-1c24-41dd-8e8a-419ccf049af1
71ee06a5-c16f-4f8f-91dd-a1d08fe29c67;83886;e20570ed-0347-4f25-bde9-65436d0ceed1
a4cd0566-3072-46a8-b311-75b8561652a4;45379;5c39e31b-ea0e-4271-aff6-35458683eb66
9694f641-b30c-499a-9a66-c4207fd08b70;62525;155998a0-1baf-4f6b-bcfc-eaf9e92808c8
f277c6b7-85d8-404b-a2cd-3f8b05b1c2bd;99805;40dda937-9357-48ac-b9c2-a2832d29179f
f8400e44-edbb-4b1b-9e61-d861582f6dcb;43075;49fee32d-f06c-4aa8-85fc-661e06659517
26fe4e7c-9c29-4482-8d88-0766233b32ef;41867;7a943503-1661-4e45-8697-bd33080137eb
9fa1cec9-18da-4f4d-9450-0a75401f9a44;47580;80d34ee4-f689-4147-a827-1b08ae4c97f6
14e6ec9f-993c-447c-9ab3-bf71881e8c9e;66558;53dfe18a-0550-4a52-bf23-6603cce72170
f6608070-debb-4bbd-85c1-3b3eb0dbfd7e;57663;cbaf31ff-d261-4d9b-9f7f-adcb9b81b848
a6f6f53c-cc46-4c51-96e4-83cd16c9cbfa;73437;d866094c-9236-4a2f-b71d-5cdbf0805047
3340325d-fa6f-4a52-ac24-57c403b6e78f;63873;6ce3c3cf-ff7d-415c-804a-77798c28f3b1
7830f666-a824-4578-97d4-c54b2d3c9d09;36367;68041b9b-49b1-43bf-b115-30ff401c19a0
df7b2c9f-beec-4a60-a1fd-559ee1255cbe;43050;e20570ed-0347-4f25-bde9-65436d0ceed1
299b0bdc-0687-4581-ba4c-d18e70c20bba;23422;2244551c-b02b-489f-b471-d3f0ad846d45
accf5907-f176-449f-a517-b05e418ad2e2;93229;a5834e98-7e82-4414-967a-a76e21cf5ca9
e89ab5a3-4cc0-41ae-b63e-1448c9156d39;41366;6ead7fdb-7554-4f4a-afb1-e2e3c3f779f5
6768871e-c65e-4547-b92a-f38d096553b3;50005;3c98b494-3d32-456e-81a9-3ed878e36a80
1fbfca73-df80-40f3-bc2d-6cfef05b0a86;91837;d00184f3-dcab-4939-bf5b-947fdb60f458
62e96185-8ad7-49f5-a263-eee4ae8a39ee;26103;4a9f1a98-cc6a-4819-aceb-787fd1bdb287
1ecba20b-024a-496b-96db-da20c330c7af;61377;2d1dbf61-6785-4cc5-869b-f1ae16c045c7
5def7204-a0c2-431c-9502-668322f593c2;24365;16c8af52-c327-42d2-8996-27b9f451902d
eebc54e6-b276-4124-b869-00fcd326249c;48199;2d0e7d2d-1b17-4dad-9721-3d4da8723f2c
34d3a660-2df4-4f1a-a0a4-961eb937d703;65024;77dbd462-f07e-481c-9a90-14d5899dfe45
a681704d-cb65-4530-a05c-22e29c09a99c;69897;3ea9b8e8-e94c-47d4-a03d-61d95bd67211
675290e8-ea87-47cb-a192-248c0755d7a0;60510;64dbab73-1552-451c-a8ff-eb302126a245
067b905d-3de9-4dc3-9db3-18b3d5f6d31b;53863;57678c58-1ed5-40d3-8b45-da9ab0f37b84
97b16fe5-86e3-428b-bb15-3b3915ca34e9;95983;0b80cbcf-445c-421a-aa34-92da64f38672
f63d4f47-742c-4089-9d00-c71d6cd5cad8;41029;ccbabb76-3934-4b56-beb2-f45bb780db1e
aefba5a7-9c47-4f3b-b817-473484901eba;81264;d6a0e5d7-de71-416e-af10-1c5d4e24ed58
9cfea8ae-8f5e-48d6-890d-39d13a4bb177;22031;77c676da-5e46-4f73-a0fd-7c976d4955fb
61d74a42-787a-438d-8c70-2539e0183994;31776;ea7cc583-df3f-4dd3-bd41-b78c1138b174
cdc06e3d-b5be-4090-b74c-06ac58a94ad4;38833;32732c30-ffab-4c0e-8308-54a3415ce72f
4f40ccb9-3e2a-49c4-8d31-354fa9ed8859;57888;6a7e37e6-11fb-470a-9452-1d6d43197d83
00c6ba1e-0b8c-4e8d-aa75-6f013a243021;21720;8c39211c-cb48-4e52-a3e1-9d3f23000a7d
46209b8e-535c-4856-b032-3b3026a4ca9c;32659;6a7e37e6-11fb-470a-9452-1d6d43197d83
26e2cade-90ab-48be-8863-12ca4266fc35;39357;c06d7542-ec9b-4ca7-aba5-367f37c3d4bc
49cffb56-49fe-47cf-9e21-26a7cf205bf4;68989;e6d6cb33-90d1-42d1-9a9f-39a5c95a3a1c
dc4a0e2a-3b52-483b-bb92-291b0ba85efd;94464;ab282d81-acc8-4c52-bd29-ef2e6760ab8f
8161db98-3920-4ff3-8854-870a90ae7164;74797;efdcc8f0-b5d1-4503-812a-2ed792c1b456
0e342d3a-a116-48de-a782-c87d1a39acc9;23511;0e905df6-b51e-4fbb-8913-04ecbbab4751
6dbbacca-eaa1-49a0-b138-7cb1f9d9dab9;93908;ffa005bc-7a86-4911-b15f-dbb437083c6f
dcc9b28d-0ea9-4572-acc2-1218ab517284;36872;5b6e909a-5cd7-4b08-9f1a-12c91cafbb88
96e2267a-e3b8-4b12-8491-5e1b345c2fa6;40317;ee6aa733-47e8-4d33-9f27-e2d56ed849b5
b9667f99-b9d5-467c-b1f7-a1c392e8841f;99069;3c0e36f0-0950-4fd5-96a9-a18b0b142a3f
f729cec5-7268-4ee2-bd5e-633d45e2e7f2;19404;d280b678-4aaf-4952-b966-44e031a26bee
40215f92-c88d-4124-989b-7e8289238bd9;70505;5fc130a7-1b6d-4282-9c15-1417f9dbb07e
1f1a40f4-ba8c-406a-b105-a0a8d32a8093;68345;04fba0ae-7b66-414b-af42-38e4dbc106ea
4d89bcb0-ff8b-40a7-9c94-605e17ab42c1;57767;82674ab5-8371-4b30-a204-5ee899864925
7b9903b4-c26e-414b-8afd-c8a1d0ce2d2a;72509;c2769ea1-dd8c-4ad1-b573-45c3f6e5383e
f4b1a082-e807-4bad-b9a9-eca36ee4c41a;31090;2f0315a9-ba23-4436-bbd7-1e80cceabf22
8b0f635c-1aa9-40a1-a6d2-465ae4154a36;87031;15053956-e1d8-4d02-ae6c-87ab85ea0cce
d8f242ee-4233-4006-aed4-226fb1363391;75988;a51e780a-b23a-44a7-bf7e-6acaa1fc1fbc
734729a9-3e3e-4574-ba67-2dc72989b158;86657;1a3c60d1-5b1e-4c0c-8d06-e61013b20a4b
ffb3a950-746c-46fa-92fc-62cb8953177a;29466;ab3b9216-08bf-4bbb-82a0-ffd207913869
f2d22ee9-bbc9-4680-b575-8f644f28fd33;64206;2fb93f40-07ef-49d9-8429-de3869000da6
34885c6a-bc46-4cb7-9f94-21e5af95f7ad;21550;9ef17e0a-8c51-41f9-bcf5-f275a10a4cd9
39ef827a-1feb-41ec-960e-4064dad3446f;43231;224873ad-c19d-4f8b-9ef1-c86bf3e6c6c0
938e5c70-e1e1-441f-8605-ded7b292dab9;68597;f3ae1467-cbb7-4d38-8983-f10172d8de0a
80ae3770-9b57-4fec-b0c1-33c3c9bf5606;44937;f85815eb-fed1-4c8f-985d-0f021933e214
5895cc84-dc9e-46f1-84f0-b64d7715cf31;39537;4a9f1a98-cc6a-4819-aceb-787fd1bdb287
e9a00b07-5270-44ca-8df5-24cf87e1bc38;30899;b765d281-6f93-4d96-a5eb-45f3743b9344
2a2aaa9e-b75a-4c44-bbb8-d1dd29ad8bc6;18739;df04d9dd-9508-4c58-b70a-39918b0051c1
690d28c6-0ae3-4ccc-81e9-79e6fb7f53f4;31337;ebae9751-592d-4224-bed9-4a5a5269d674
787d44d2-4e09-4f20-a0bf-61e4ccf303fa;86545;0961894f-c54c-44bc-9a1a-8283c189898a
d6eda3b3-500b-4e71-a3b6-508e483ee61b;26684;7da90f91-50cc-4884-b31a-bbfc53dd0b58
3ce7e531-e52f-4041-aa96-aa85c78accc2;92155;a00c9bfe-a737-4b33-be9f-ff911c198847
5a807cee-0051-460b-b2e8-6f242f31a374;72613;b333e2c7-9260-49a8-9ce0-20dbd384358f
dbc8fc06-7bf2-4cb1-b308-901cc5c4f541;62035;d7e55e9a-5221-4dc7-b577-d861cd3cf0b2
027cfa21-0914-4214-bc7d-ed6b37d12db8;40957;d32d3531-5289-48c3-9d44-8b67fbadb2f5
aa6e676c-998d-467e-8a8c-3883713190f0;62864;326f7d49-68ea-4092-a463-302fdaaec9d5
be8fd469-a390-45f7-951e-c217d53e0faf;81664;9629d912-6d1c-4279-a506-fa4e79620419
818c2b55-76c0-472f-97f1-0d38a2b7d5f1;84712;f6109bb6-86c8-4b2d-baf6-d289b07d5998
94521050-57ce-4a5d-8265-d524100261d8;59413;2c854494-19bb-42c3-ba7c-ec418e2d5875
941abdca-10f9-4dec-b1fb-215dd31a6d26;90398;d2232527-951f-48a4-82dc-4e425016e594
5ec10ca3-49b0-44b6-9e80-6fb6501c7b2e;45780;452fe2bd-a807-4a1e-9433-fab1e946b627
33b36110-1830-440d-9f66-880ec73d00ad;67218;94547443-66eb-469e-b4ca-b6d0e3b93740
68f9ad73-56de-4823-b10f-d1eff04a8e07;53218;ab282d81-acc8-4c52-bd29-ef2e6760ab8f
df477c3b-0c80-4397-bf49-755dc0ef04e6;99422;332de53b-aa95-4c54-814e-a468df29b9fc
065cda4a-0afe-4f1c-a714-915771cf64fc;25748;724bcfb8-604f-4a0d-92fa-1f929eb38338
9780f7dd-06ca-43df-ae5f-7a1dd51cf7fe;74309;c4b5622e-75ce-42ad-8ea4-7bee55356830
dc329686-6582-4d8a-b508-0eeba4b87c36;55809;10664597-38ca-478a-8bfc-c5122b108a17
be1ec806-97c6-4b72-99b8-1faef66b2cb9;24227;e8a980e5-df6b-4bb1-b358-fb5ad14f57ad
a47aa1ca-6111-4cd4-8828-879f73478bd7;19850;dba19f3d-1d61-4365-a316-b44300ab27e4
437bb615-ba90-4355-8de5-dd763b32c9db;21661;f7636b26-b7f8-4d75-be91-238fd2969259
2450d8e8-437a-48ce-88db-2ca7a721cc96;34641;ce2a8dfc-5ee6-4e78-a58f-50f79e6035c7
0ae4f602-b46d-4051-9e78-4d3a4fdcd766;43607;87db880d-c92b-411d-9a25-860315d288be
de0cbe35-a83a-4fa5-be61-f8be14a6183c;65507;c3225977-ed62-4e62-9b27-34105d1a4817
2c2811ec-289f-4250-b9a1-5bdf3e629f00;53471;71f415fd-06dd-466b-87b6-f2e59b0af4d3
2f50451b-c8ba-4f71-b345-7e8e689a449e;45116;007bd0e7-5654-421f-b514-df6c3cd02648
81574d91-54d4-425b-95a3-b6e42d3b0e6d;73181;543379da-d1d6-416f-880e-8f916dbfdce4
583f890f-839a-4ffd-8fec-73f7a3614ba2;91559;d7569d9d-beac-4fa7-9a47-1dc981803d2f
780a304f-92a3-4acb-8319-6b06643dc63c;63064;6036af18-d00a-475a-92d0-d7315a79434c
cf42225d-11aa-4c0e-b7f6-0fc01d8f8580;17270;e3e140a1-7e65-4036-be6c-a1f45f43fd2f
55ccbda3-fc90-4d71-b14b-d2233306b30b;50490;6ce3c3cf-ff7d-415c-804a-77798c28f3b1
55d2afa3-2277-4f3d-9a55-84e6863431eb;68995;bc6d8c2d-8389-4922-91b4-c696212400cd
b3aafe57-c980-421f-a52c-00942ed2d297;20330;78a3f200-f471-44b6-829c-76f2a174a523
472f3458-d817-453f-a78e-a5a638a2e99d;83942;59ac1637-192e-409d-9af2-a4ef381ab4c2
33861563-4a9c-42f0-b0f3-a098bc6eaff6;24288;38e32e26-77df-4f9e-ae4a-f286e0479c9b
d018835a-4623-4091-aee2-df270c50a97f;84664;57fba31d-0d27-4b44-9034-452042d83d1c
39969cff-7609-443a-a86d-23d8d4ef75f1;50686;676a786b-8899-4751-a4c3-7d3e35a68f85
67d81318-0a92-4a88-9f50-097e057aea3d;69840;71b67b9d-1256-43c8-a1fb-0d65f9cf156f
a2c47298-6d4a-4d0d-9594-989d5fdf6e69;97357;a03876b9-ed7a-4e30-be92-5db1ed341a10
49c032da-f117-452e-a692-348272d884b3;28298;cc91c8dc-4647-4e55-a440-5d8e82dda99c
c373c524-f48e-4577-a808-67cac337dcf9;96348;a3cae4f1-fe00-403a-a5d8-ec7d16778bd4
0392294d-dc85-46a9-9496-6958c2bf45c9;75725;7f31e7b8-9df7-438a-a2c8-71e34b4a9463
4312f987-4a74-4f7b-947d-233119eb9b9b;46887;15f3ff7a-3543-4667-941a-4040d764dcef
3e9cb4e8-18f3-444f-bba5-a426e451b6c9;96601;8e9b2842-8ae0-49c5-ac8e-3d37b06a3207
464fb02a-3e3c-401d-9580-6f5b304b5e16;65075;1211defa-1f4a-4edb-bf87-1cf20a234138
6cc33966-2692-40cf-a17e-dd2c645fd7a3;67147;10b5c63e-8c7c-47a7-845a-ec9d67e53fcc
fb9119f1-93de-4681-ae26-0e916d5a3007;26640;0a192c6b-c3cc-4f7e-b2db-82606d3922fd
02e55cac-af72-4636-b4b5-262216ff2acc;86754;272d7cf1-7d2a-43a5-b324-84971ea40e77
a91cb339-0d94-4bdb-85ef-a9357e1ffb13;20349;70af5de8-0158-4238-a665-b1745e485165
7bfa9e8a-909d-4bb5-892e-6f4312ed821f;15070;56bd05bd-1a66-4323-a152-390b0abe4fab
a21da707-907e-4f1e-998a-54f1c567b74a;94294;16c62f5e-ba46-4d6e-ba80-86fe021562ac
7c279d2f-2c3c-4ed7-9e8f-b469c9fa7a68;35508;cf877ce7-06d3-4947-b709-51958e244ff6
4c4b7ffb-1987-464b-b38f-a7adb30d4117;61952;4f63ecb7-3deb-4b11-be56-b5f415f76129
3cba1438-7b18-4f83-a389-9498d09094a0;74721;04fba0ae-7b66-414b-af42-38e4dbc106ea
d8d29a67-a0b1-4537-899b-df1482a8cb32;34123;424314ad-0f14-402d-a9e4-2b6911c7b96a
b0146ce1-89d1-4e5d-a65e-430e64cabf22;70512;c996fb84-22be-4a8a-aa16-511253bd473a
3faa539b-7009-41f8-a9d1-320760a9ba9e;19410;1013677b-70e2-4fbc-a171-5a3e103cebdd
4011d72c-ffcf-449d-a817-f1dc02db8d6a;51388;6432ddc1-6fdc-4daa-b17d-11abd4886030
3ccd2853-9c6a-4d66-86d2-4641dfeca782;26101;29365714-a2a8-44f1-b5f6-350a93771dff
e5261953-74dd-4013-a637-e9b73373413d;39935;6432ddc1-6fdc-4daa-b17d-11abd4886030
30d7bc4c-b9e4-4744-94f7-c59350bdd680;80669;5e2984c1-1405-4b19-aa97-9c2ed07cf0d1
d045c7ee-d9ef-4891-b761-2ebf3b5320fe;98395;c1e54a1b-3c38-4485-80ff-8f13a8cb53f7
ddddf356-86ce-48d4-b23f-bc028e7e2308;53047;627fa537-85a0-49d9-ac1b-25a31c7ded12
fe049109-ecfd-4c16-ad9b-4247a89fca25;45660;7f31e7b8-9df7-438a-a2c8-71e34b4a9463
3fb4cb6e-fcbe-4896-a476-8608f14b46fb;67831;1a07761d-f098-4093-b0a9-238c1587175d
9e96e07b-9244-43c3-a818-1ef40ca77a68;51260;adb00e8e-1678-4638-a836-52a8449c60cf
4e1c5794-a84f-438d-973e-cfd9dcbf1412;26471;2883581e-a937-4c62-9cda-4598637f856e
352ef65f-3962-41bc-8bcb-034d43bf5d4d;59371;fc6d634f-ee27-4d8d-a165-d206f7ec75fe
179ed0a9-970e-4142-8b3b-728202c6538d;39998;310f5f2e-5ed6-415d-807c-90b29881a53a
ec58ade7-ce53-488d-8432-dec427e19d3b;26290;3c892ce6-5cb0-47cf-bbb4-4def94c7388c
291a1f7a-2c09-48b0-95b6-5fd07d80605a;51302;aa5a864e-f7d9-4549-b4df-aea19369e118
2fd576bb-dfaa-47ea-be75-4666ee63b8f6;71697;c851664f-00f1-43dd-9821-7238f425d49b
862ddf75-52e1-4611-8e7a-fbc954be1fa2;94082;3c98b494-3d32-456e-81a9-3ed878e36a80
045fcafc-d560-490c-93bb-5421312c6840;26015;d5051b2c-ea13-4f2f-a885-abb69b953250
a662cc35-edf9-47d6-a0c3-0f06d90b573c;27192;912ad249-330c-4db7-adf9-c7c274c2c16b
29ce3077-8406-4358-985c-a88a09cc8a74;51822;f7636b26-b7f8-4d75-be91-238fd2969259
9793c84d-dae9-4a83-8cb4-fd116bceb5aa;96037;8d284519-9d51-4a09-8bc4-a2077c31bbb2
f9d9db45-8a45-4193-9b3f-911aadbd873b;33607;3477fa71-5dca-4f9d-bda1-46c6740ea8e3
eb22774f-91ea-4175-87f7-43f774e64504;59945;eb5fc0d7-2025-45cd-b62e-13249f2f307e
f746d9cc-0e89-4bdf-bc8c-2e2a0659e236;78696;49fee32d-f06c-4aa8-85fc-661e06659517
4ea89169-7a9d-42b2-bfe7-bc24e9d175ee;93568;2d1dbf61-6785-4cc5-869b-f1ae16c045c7
4a5bf7c6-7073-49cb-9b3d-4d5720ccaa48;26582;748c2590-f0fe-4f08-8f1c-5b49aa4b591f
9b79529d-eb83-4571-b455-e51df7ef8193;34873;2c854494-19bb-42c3-ba7c-ec418e2d5875
9ee4e06e-6a3c-4f9b-85e1-200d2cc76462;26922;903042ea-9436-4ed4-93af-4cae80eb5b9d
bc166514-b241-4ec5-8c15-c74553eebc4b;85903;9b3058a4-6abc-4718-bbbe-a25f905d0552
e55e3f95-9840-4750-aa20-625056a62ab4;60894;dc7a76a9-c343-481e-aeb1-fc029156f652
f3fa4eb2-fbd6-4f51-9567-25b276b97911;42373;8de0fd19-1bed-48f5-9d97-06eeda50afac
410cdf6b-5487-4ae9-a6ae-19ab6be35ea7;52663;87f566a9-beb4-4309-9756-6e1225963332
ac0a6fe4-c56c-41c4-952c-ad9a1f877176;15783;1013677b-70e2-4fbc-a171-5a3e103cebdd
6a0bc920-5f3d-45c2-b2f0-8ef31d0234c3;42069;ed640481-ab5e-411c-adc7-92266d54607c
0241b5de-b023-4888-ba76-a0c6a1de01e7;47739;527cd34a-3711-4de4-a594-b60731666322
bd896217-72d4-4ee3-bef0-8806dafb028d;45132;cac36251-c6b1-423b-b0ed-48c402df62a0
ffd96533-04b1-4749-8a73-07cca16267a0;57826;ea719e17-ab1f-49e3-97a4-9b53dca53c33
67666c23-f401-423c-96a6-c3b2b35d5b4e;56506;3749f81d-6566-4543-9b4a-eb1b335a1d4e
a62e3b57-9b36-4a00-b1b3-5953e858184b;49157;adbfe2e7-64e2-49a9-88bf-7426e09c6139
5a143b28-7e10-4016-b27f-4965d0a41984;99123;23fa5cd1-0e95-4938-993c-82de4c221b2d
0b822334-7909-4b7d-84ce-05863d6710aa;86869;47c0b925-dd54-4ba2-b5ae-4b3ba00064c0
9cb8e718-d5c1-48eb-a061-707ff326cabd;49232;ca22c2c8-358f-4993-a455-e6b5c9715196
f71e55c7-1182-4ba1-8d26-0e4c3e5378eb;64847;185b0b10-b411-4c1e-9ef6-b077660dcb00
47471849-f3e8-4969-8270-b04eb1d098e3;34709;502a4d15-5771-41bb-8d6b-adc73a020c82
3b09312b-b0bb-4f7b-a7a6-4b0af8e4e811;16191;df77b83c-7f26-4907-b34e-a0adf53fe2cd
610121d0-e7f2-4bf8-8087-2d7a0d23d5d4;66880;dc5403ea-0131-4135-8e42-3758710b27a7
df7137bc-a922-461e-aa03-bc4bc5be5f6f;71252;776221d1-d1ec-42c2-8dbd-32879f3fb594
49006790-281a-4315-8ace-77a84d90cc13;97799;14878638-6cf4-4179-935b-de501d4b1141
0bf049d3-d610-406d-9576-9b4f0d127d94;16255;78f0ffc8-079b-4b0c-a95f-f73f728c2595
4d74febc-41a4-41be-8411-3ade27237736;98263;bc6d8c2d-8389-4922-91b4-c696212400cd
d9b52477-625c-41f7-884e-5791c5b8b3e1;64054;bb8a4490-9b07-496e-a339-b863118624eb
2cf064dd-4770-4f0f-90a0-c6814cffd1e1;40464;85ee2179-bd1a-4714-b77c-77b73dccbe89
cbdf8f56-057e-40b2-9d31-e65b8bec295b;32041;04f3ec47-ae73-4c7d-93dc-900c44abae77
e609264e-0c73-44de-ad2c-4509565e4cb3;79218;7961d7f1-e3fb-4057-9087-54395a5cd81e
1c6cf4a5-16ea-4d62-861b-eac330aa54ea;83309;a8934ce9-2354-4d0c-957a-f791e0ca358f
8ba552c1-7b7e-469a-9770-1567e380cee5;87025;51386e04-3008-4b33-94f6-f5731322fea7
f43bfa8c-ea62-41a9-a652-9d01286b3f81;69670;43853c74-5994-4512-a2fb-714258696c46
5c4a72ed-f790-4eea-92e3-85d4a1a86938;53347;da6bd9d3-0079-4500-91d7-5b231d033205
4a13fa93-4445-41dd-954a-7ca061cfb010;96626;2459e65a-2cb7-421f-9db1-f6e80a1989b5
6d20b466-550b-4288-97e1-5c7776ff3091;52423;27290572-5cda-411e-babc-80882fe71a7c
d83a22db-60ca-48d7-83f8-5b275236c48d;76748;e9156041-1806-49cb-95b5-97453dc7fbf1
28c69be1-f7d9-4411-8fc2-89b11e84f97b;69004;f3ae1467-cbb7-4d38-8983-f10172d8de0a
d1e0bdab-0127-4ede-a298-1e19f3c820f3;80090;250e0ac2-27f6-4c5c-97f6-9450487e4da4
9c73a3e1-0607-40e4-b36b-40e46f1799ff;50380;edfad563-2fc8-487d-93f7-3d7b1c5b198d
8b7c2239-ffad-4d4e-a699-60ce86a9d8ac;16251;1a3c60d1-5b1e-4c0c-8d06-e61013b20a4b
7609e271-42e0-423e-b147-f77d48f365f1;94903;45fe3056-3799-4484-b39e-e975ebf13e46
62508aa9-b467-494f-8ff6-1c2612e8f901;31765;b9a230e1-baf9-4199-9caa-b982ceaca7e2
6784c7bc-7932-4e84-b39c-0f700b17e281;48737;534d6781-28ba-4bbe-b6ed-7c349c5a865c
f1c76395-c352-416f-baf5-0f2ffba58a60;44732;9b4649a8-7737-47b1-ae28-83aa82a1e2a8
23c1ab67-a683-4e53-89d2-bc523d64119d;28805;d521b81d-11c7-4ab6-b974-9e107c6ff6cc
e1689ef3-0b5f-45b8-ac59-4af1012d304d;62504;edfad563-2fc8-487d-93f7-3d7b1c5b198d
2e4c02e2-b1f6-488b-9f9d-d255662a25a9;28995;cce9b13d-78ad-45ba-8d21-cf1913be0f68
d1a6d2b3-68ca-4a06-8a68-41d0feb0dabe;85986;8ea8c5ca-628d-4b59-841e-dd0bc936f3da
a7bf462f-30f6-4a58-938a-b093b6ace1e2;68774;f70347e5-3429-4645-bf0b-f2e5b3165f71
9302cb90-96f4-4eca-a98f-d9c93b9f1017;60576;df04d9dd-9508-4c58-b70a-39918b0051c1
43a37c0c-6f47-46d5-9c35-e7b8f49c355e;68820;2c6abc5f-48b5-4800-b9a6-d181d09798bb
faeca70c-0824-47df-9071-cac82408a211;17985;33bcb4f0-f078-4b71-8e8a-51da3ff73980
3103183c-e140-4262-9681-c81d3f55ec56;58866;557ed8ae-ef38-4726-9de0-b340e202cf34
df73a7b0-4a67-4dfc-a09a-f10197dcfeb6;19300;b5fa340d-ba99-48af-ad5c-9936b9eded0e
b9bb4195-ccab-4fcc-a3b4-fc555df89f2b;96416;eeb22f7a-56e5-45ae-9539-9ccaa95b3488
90e83065-1055-48e8-a5de-4007fb3f51d0;38773;dc7a76a9-c343-481e-aeb1-fc029156f652
654cfee9-b2c2-437d-a03a-246e2c9a964e;80680;32732c30-ffab-4c0e-8308-54a3415ce72f
a7592e9b-882d-4416-95c3-35ad5cd3c9fe;74992;ed164af8-addb-49f4-a0e8-6e0c70ee7dcd
684d6b5c-2628-42d0-9350-99282342e3a5;43408;25fbfdbf-cc83-4040-b433-67e38aa803d6
72800995-4d76-47e3-ae7a-88682b78b99f;87187;1baef424-4904-4283-8c84-3a6f0b7f5011
518e0c6f-140b-4073-bcca-018f0c1437ca;23703;8e9b2842-8ae0-49c5-ac8e-3d37b06a3207
856845f5-af5d-4a42-a24d-0d4c75ec8487;89104;682a93c6-3764-4fa8-810b-ae655693bf0d
8acf1c02-1280-43e3-8f6d-74f3467a8a4b;65216;d45b2f9b-199a-4265-ba0b-d5ea9cececaf
9db215af-7d99-4ea7-96f9-0ffac625bcad;70853;ba949277-a434-4f0f-9a99-4363eb002f26
5af52360-99ba-417d-ab12-56af624da924;51999;ebae9751-592d-4224-bed9-4a5a5269d674
7ec38855-b8d8-4e83-8121-2ff5e80c6b3f;30901;912ad249-330c-4db7-adf9-c7c274c2c16b
6c9c0479-e6b5-408d-ba89-829b52f05fbb;25974;658fe884-47b9-4021-bbf7-9e205701eb8a
23603fc4-9edd-4266-8706-abc4123a9834;36578;f9591d88-dc50-43f7-aab1-1fa9e6afc0c6
0926fed7-0f0b-4a0e-b926-cbee2c857542;42012;8ea8c5ca-628d-4b59-841e-dd0bc936f3da
229075c4-9ec0-4f8a-b725-204f1b4cbfaa;94221;71f415fd-06dd-466b-87b6-f2e59b0af4d3
1eb42b33-7632-4574-9dbc-06376cbda529;66717;19462ff5-916e-424f-bf72-1552d9b3ae4c
af1a5f9c-88d3-4fc0-8125-37f90e33518e;15842;64336cd2-7624-492e-b716-4fb8d23d14c7
53f16b1e-249c-4ccd-aad3-4769a348c33e;63402;b178eaac-2e6a-430b-810a-f4e032006e0c
10b1784f-4508-447e-b480-5cf262d37b8a;68286;eb05243b-68c6-402d-a5e7-feede6c0ba02
d5502820-1ab1-46ae-934c-7928016211da;70380;df04d9dd-9508-4c58-b70a-39918b0051c1
034ea9f1-e24a-4d2c-8f9e-e0a52d4282ee;31153;aba3c89d-fefd-44c3-ac93-1fd619e9350c
2fcb3eb7-fec8-4e16-9748-8f7e84bf4f3d;95588;6c371bef-4b65-423b-986f-aea4fc3bc16c
4a3084d0-b2c0-4024-9820-5540f4647052;75360;076d40d7-038a-4e33-aacb-381e1dd47a92
14d16112-58f5-47b3-aa6f-a002461af302;41319;a795c851-42ec-4530-93f0-52e0e11e6e0d
bd6c05e4-8574-49be-9c62-0e6d491d2cb3;96924;ccb93ac3-fb91-42ec-b6be-d405085e7987
4fa48649-ad1e-45fe-a131-44847ee2a8d9;58610;026a0c7e-8599-4eb0-9096-f4ddd26dadfa
3d95a89a-62bc-4e75-bde0-d6a893caf771;71464;d521b81d-11c7-4ab6-b974-9e107c6ff6cc
d28c889a-a738-46b1-82f2-a395117d7e75;93707;85ce78b7-2392-48e6-9913-f012631825e4
5ade8eb2-74e6-4f8a-b277-f2c14af4883f;19989;05d58102-ab36-4d59-9352-fe40fd1a0dc6
107109c8-89e0-4132-a5ed-f388908987e2;32274;884c115c-9a67-463b-ba94-a2c7009ae980
e5ae3e7f-b497-4f8f-93ce-9611149c587d;76843;7dfcf857-399b-4872-80f4-0b800f45c502
235e3ee3-3ccd-408d-9dd9-750a02933723;47759;c7265f03-a948-4b16-b0b2-7a0229ba5c23
0af34b6d-b2db-4760-8bc1-26bc980c0c93;71304;16a3b614-4aec-4632-bd80-72a026e07c4e
f9ed254e-b576-4039-9725-a87b19562516;91266;6fb5a21a-d358-4ec6-943f-ff84fd8b959a
44db04d2-b29c-4164-b38d-ea76773c2824;89908;bc627f08-82a3-4173-b5c8-443bdbf2fd7a
5e6d57a9-3622-4d31-bbc8-c82f9e9e269c;48118;48a7f5b9-ef87-4141-812d-51f42c763645
f7768351-cb5a-4cef-9bef-9947b02e9dc1;46471;10a0a0e1-9c0c-44a8-bdba-4d9fbd197d48
57690b51-b16c-4d82-bf4c-808a86541bd8;48685;7a707c84-5a4c-4fd2-96df-b4c4146bab71
071d428c-9859-4446-aee8-cddcb62cfb2a;73120;d4226471-1dc5-445e-b220-5908795e3533
faf46f85-30d5-41c5-831c-e55134890417;33496;c8078018-786c-4762-9098-32f0494daca8
664447b8-c499-4337-90d6-baa1446d66ab;64247;47e2edb3-2f0e-48f4-a04b-e86e1a4d5ae8
c09ef4ab-2259-4d8e-9186-eecc2f52e1b4;67582;dd9bfca3-9cf8-401c-8cc3-48186f986e0d
b82cb87a-93b0-48cb-adb4-47ce9dc71546;58422;23df6cb4-2767-4180-b03b-00b838b9b3e3
11ba8866-7b01-45a6-89aa-cc2906207909;45353;c2d0dda8-58a4-4338-88e5-ca828e540d2a
cb4e8506-aaeb-4014-b19a-0d55ab39e642;99464;04381a06-91b2-45c7-860f-5c489ec8d27a
f1be1db3-3e1c-46c4-89f0-58a8011a953b;53560;b8dcc8e1-6a55-4639-a4a0-12fd0d093218
4f5e1ba5-295e-4b6b-9427-bd840a0df12a;67995;2b7a8fe7-db78-48d8-8f34-6461d1aeb79b
e45a866c-574a-49b2-b874-123f3f219a60;40561;a3e2a010-e093-463f-be3a-7c0a677254f8
69bf26cc-94da-4a21-a36d-13dc9b332e9e;95294;52837ea4-fec1-493e-9248-624e176a62ce
18fde513-ef39-41db-9f2b-2f85c5064e55;31930;e9f25753-4c1d-4be6-8684-0e7deeb8b08a
71cc1330-33d0-4615-b61c-1ac1bc168d45;51445;1abfade4-dbed-4362-80df-36687e9b98cd
3c88d643-fc2c-48f0-b06f-5cbcf5d10327;48636;ed164af8-addb-49f4-a0e8-6e0c70ee7dcd
d4c4a0b8-9fe3-4f02-b06d-19a9815b7485;41661;f85815eb-fed1-4c8f-985d-0f021933e214
93744b21-249f-4699-8ceb-0bf1410db9f5;19041;682a93c6-3764-4fa8-810b-ae655693bf0d
7d117cb9-5e3a-4fb3-a7f4-036d33f4eb5b;37919;748c2590-f0fe-4f08-8f1c-5b49aa4b591f
ed6f23eb-d05a-4ad4-a26d-8e7bb2a17749;17682;41a0aead-2aec-495b-9d57-5f78e1be8386
e2ff8f98-8b33-45b3-81b9-845477e83563;66543;55cc7d78-82b2-4b9d-9c25-60bb288e6949
420581ef-55e8-489b-b730-016e749b96ca;98980;35ffb0e7-e605-456e-8d2d-2428c5c706a5
8e134545-0fbb-4449-9192-bd46d1ee3ae7;54000;70392ffc-6e10-49b5-92dc-ba59def5cb88
e0f1fd1a-88c9-4daa-9374-ceb5bfde8570;38973;d32d3531-5289-48c3-9d44-8b67fbadb2f5
7dfe4f0d-fa70-492f-b067-cb20cf76f0c5;31617;7407685b-160a-4601-8479-9c586c9e69a5
6b6bb8a5-b374-4035-af93-62d7b1bea4e7;84498;efdce403-315b-4d70-b2bf-835b319f07fa
2dc30022-05e5-4d14-b7cd-dab8182a6769;44831;0e074e3d-f120-4381-a4dd-77c48f184f0a
e059de88-ff55-471d-bfd0-5398dc432321;75989;ddea298c-b56c-4861-b155-438a95398399
dc1aa531-7dfb-481a-add8-8f7c15e37b8d;77785;5e9104a5-2d15-4c13-b504-bbea94c7b177
1fe102ee-4381-43c1-8222-f53ca7a205d5;51662;e3e140a1-7e65-4036-be6c-a1f45f43fd2f
ab3a45c2-33b7-4ab3-bd07-b1a0f0853ec6;95539;9621e61e-98ce-468d-9152-2a7719ff89b6
deed7ebf-0529-48ac-a73c-12469020f7f2;90778;42259697-9946-4016-9b36-a82409ba0e34
9e5d517f-2fea-40d2-b320-e437019d51f9;90574;658fe884-47b9-4021-bbf7-9e205701eb8a
1dc29eda-3eaf-40c4-bedd-a92f8e943a6d;49459;21ba08d5-b965-49bf-b1f7-da95ed60665b
7a6e8669-2a3a-41d0-8f39-ca8b5917c66b;73723;de370f8a-2ff4-4d58-8ea7-acef28bbd4c0
951458a9-5b62-432b-9c4d-648cfe256e23;63030;2579b629-51e2-4543-9bd7-c3955db3a972
40f5e634-2823-48a2-b639-15e31d0f5775;55769;c8f918a3-17c5-4a35-a02e-ad139efc68c9
4e1ae9a6-681f-431f-bdc9-862d0c100b40;89834;b8dcc8e1-6a55-4639-a4a0-12fd0d093218
b68dccdc-92f1-4cfe-9ab2-010b0b770070;18045;d9fdeb73-f928-47da-886a-d1a8251697ec
15b43dfc-3d05-4f19-b35d-9af698196ed8;61230;36c04a78-4ac9-46ec-a492-5a9b1b183fa7
be27c090-130b-4bce-88fb-584188653252;71735;fdecb2fc-51c8-454e-8d94-f9380fa4ce86
377d17b1-d476-47ab-a26e-6912ea9c9d00;87546;b2e3c1b8-6ed4-4abc-bcb1-1af8446cdc52
1667b662-3a32-4530-aa72-1306d20b15dd;15003;6c0fecb3-6a26-4235-ac39-d2eb7e9ba9e9
ea153096-f667-4f48-b0ad-3f2dfdcfb8a6;47176;3446d1ec-7cdf-4a50-9dc2-b8d1a57351bc
8a7e83fe-9e0e-47d9-9db7-3274b6d56efb;66950;53dfe18a-0550-4a52-bf23-6603cce72170
02a7670a-d98c-4daa-92ee-96e4fd8bee64;89898;8cc902d2-f422-40cb-943f-243e3d738a7a
1c7d241d-e46a-46ea-ae1d-050482a7bd67;69675;08316512-612d-4b51-ab05-f7b9bbda1cc1
f36af3e4-5f85-475a-a6da-5cb8b0af212b;59686;90e5dde0-027f-4402-8fa4-4476728c82b3
fa2568eb-8c06-4db9-b9db-d69572e94010;56112;2bacb4f2-1e7b-4ddd-877e-e769f0b34b0f
2ad480e2-81c7-4b52-b837-1ede66980c4a;70115;35227fe6-5bcf-4db5-a1a4-78e9e34f30c2
d5a9a661-d8ac-487f-9abf-21e3e61a4eb7;87619;4b643090-fe37-4119-b933-c2ffb3bab175
5ffa91ae-3b11-4413-a13a-815f8b519860;26786;c541d126-c5b0-4d3b-8528-a1f94522d4f7
7b233bb0-5060-490b-a0c2-a58ecdd5f82f;89596;c7265f03-a948-4b16-b0b2-7a0229ba5c23
675f9cc0-4e4c-4833-9fdb-d0a5ef5a207e;77536;3a38facf-76cf-4cf3-9228-782bd79f3771
017b78cb-4ced-4f90-b5a1-301ccade7252;37019;627b5214-4151-4559-8e7f-6d222baeaba1
19f5d609-f06a-46d9-97e1-083bd1c13ad8;54123;56af22a9-55fe-41e7-918e-b6f176132482
c86f445d-9834-44c0-a6c5-c555e7855b9e;36379;cef6efbf-0a23-4871-be76-978fa5b487ed
9d0cf031-488b-419b-a4fd-2c2c1fcb01e9;45745;0e905df6-b51e-4fbb-8913-04ecbbab4751
9a2640a2-c556-4101-a70d-cb07ad779f56;52137;8d284519-9d51-4a09-8bc4-a2077c31bbb2
4a4fed03-4f79-4c97-b661-1fed45c98d1a;91383;a4f61f29-3a07-4796-b66e-be861b37de63
ec0b5ad1-e130-42a9-a930-58a9ece679f8;48595;39e40063-406e-44ee-8311-02c251b9a0f3
a8391479-f4c4-4d41-9e5c-c1cec0c4380f;30279;49a844e6-2ccd-4e46-8c9c-f00f3f0fdf63
62e3b35f-2a6b-4c5c-997d-50000e3ab5ef;64040;f7636b26-b7f8-4d75-be91-238fd2969259
3e39610b-8922-4377-84f3-fc65097dc371;20655;091933d2-9e2b-4066-a212-05c273948fad
ed239a39-a8a6-4780-9868-5636ee4b9436;34040;ed164af8-addb-49f4-a0e8-6e0c70ee7dcd
ed476818-b440-4924-9cb8-e7e2dd22e7b7;65376;6d3efc77-067a-4ab6-aafa-1d7244ff7aea
c037d584-fc4a-442f-84ec-66b93ce8b9ea;34387;2e3799a7-9a34-4233-9107-5b228f5312e7
a2d7100c-45ee-4a6b-af55-e563c0ca7d45;70017;a45a911a-c6f4-4106-a655-f8dcccd8bb8f
d9ff44e3-6cdf-4505-8067-78134146d653;34631;f950ac2f-2ba5-4c25-a52d-956b257b89a1
3127ccc2-14e8-4a78-827d-8a61d25b27fd;17176;e8872d7f-08a2-465c-ab84-3a592bb6505e
862a1425-5a06-48c2-a573-2a9b87ef6c48;84791;5ae2cde6-3e43-4cfb-93a2-3b5d19e7b94d
b7e7ad21-5ee7-4227-b439-100b4ec304f6;15072;15dc6ee7-f0d6-4491-b0d6-5c6ff8d8aa4c
7532109e-18fb-41e5-aa40-15ad9460e0de;71672;2fb93f40-07ef-49d9-8429-de3869000da6
47cb1dc5-7d9e-4ef6-90eb-59cf1a6c6bce;26435;f40aff8d-a5bb-4f94-8522-f01d500af221
c65d60e8-dba2-477a-96a1-1d1fb8b1b043;79991;c9d6f50c-dea7-4389-b9c4-7c750539b54c
6021cd5c-1cd2-4f33-94ba-e4f17fd8323b;76876;fd675cfc-f435-47cd-9943-22dc664ca834
aee529e5-cbb0-467e-b6bc-8c56a3478dd0;24641;29f5ab6f-71f9-4cb6-8fda-46449a5407cf
d5a29aea-67a0-48b2-b1bb-fcc626990f18;72784;bc095beb-318a-41f3-a48a-56bf14312993
38008a43-3530-4505-a157-3fdb2eb31518;61830;de432716-d0f3-49d0-a5e7-eca31ca4dce2
8b835b5e-a2a5-44b7-81e5-0c97ba4949cd;62665;96ab198a-31c5-4886-bbe7-7613514d9a48
a1588d74-e91a-4fc3-bbb7-636368210a33;85283;a45a911a-c6f4-4106-a655-f8dcccd8bb8f
c95a7ca1-a1df-459e-bef6-2a03df838063;69321;6c371bef-4b65-423b-986f-aea4fc3bc16c
b618c627-f4e9-4e0c-bca0-51294d9b2d97;73936;1688f909-99df-41d2-b5e5-6bf3c1a9f501
de9e95cb-9749-4b05-b8fa-8913b2a1870a;50293;323704e2-2229-4ba5-80de-f16d2c64b35f
6c607eea-3560-493b-af1a-4aad2bfb7f23;67263;4a896031-4514-425f-8d82-4bc1b68ba0ec
6170d628-d1ac-4e94-b204-96ae464d77f4;52402;5d6609a6-a898-4d57-9529-cd807e7d4c76
a92a3ad6-14c6-4d5e-b658-9855e2e30ea9;59218;a4dc1312-9fce-43bc-bd06-32ae473b07f6
d707ed53-9101-40ed-886c-4c0c3cacc787;43752;c6295ac7-7109-4c55-b088-5c466b2347b2
14e3d659-43c1-40ea-8939-f11cfd614f58;60793;0e085755-b391-4e26-a149-d920044304c9
7b01478f-0af5-4ae5-ba7d-e89c095e13c5;44593;ec38e85f-1153-437a-878c-4c2101ce15f0
27ad0d2a-715c-4870-bda3-84b70f12ef1d;45916;da57553f-a596-479d-b1da-11c9f60ed87b
e176d16e-df24-408b-9adc-3e406a71b2cd;82393;73c855fd-4fa5-4230-9627-73e844179734
90b31188-1a79-4de2-9df3-3670b82f2596;37725;ef9a7a2a-18b0-4516-bbd3-c9fd899a9056
99ef325f-cfca-4b1d-96da-147daa6af81f;56970;d280b678-4aaf-4952-b966-44e031a26bee
5e099a24-b869-4065-976b-71e785673ce4;82374;ef9387b8-8281-4884-9d96-d4610a867cb4
5d5f54cd-2f47-4aba-876a-49b3c2f1decf;20189;275cafaa-f34c-4228-906f-1d2792716dd3
a0e54c5b-f7f6-4364-8335-2c04f066287b;99303;749b95e2-d6ad-4c5e-b70e-32da3dd4a7e1
f41ea318-d968-4335-8faa-14e1c4b417ad;53307;5384893a-4cf2-4f25-bf7f-ce8332719901
d4bfcb67-cd93-48c1-be45-fc4127bafd57;45118;452fe2bd-a807-4a1e-9433-fab1e946b627
8764ce0c-f403-45a5-9df8-7aee9ff1e361;61597;fbd0d644-5064-4e9d-b89b-bbee4ddb941c
f8d93695-58a5-4310-b03c-52a5616f6af1;23488;801e3b20-a746-4fe9-bb9c-0dae07449f68
6fe231f7-3381-4169-82a9-35c3d373a9ec;28086;a2697a75-164e-4813-93f2-9017b5da6383
f1c86c21-4519-46cc-bb4f-6ad8f4c7b1f1;53870;74bd1bd6-d736-48b4-a1d3-c1d53b95121e
301f694d-655e-4022-a67f-7ad4df7faac3;91344;77de029e-be9d-46fc-821c-ecd04e42d64c
1fb664a8-bba5-4824-af4a-3b7bdd1b73b5;61059;8bac3eae-9a57-4515-b2ac-1c61853451e3
53b2331d-5ae8-46a8-b337-bab6c8cb7e47;42651;dd9bfca3-9cf8-401c-8cc3-48186f986e0d
32289a99-0cc9-4d3b-aa9e-436612226f76;30786;c3581ea8-5b9b-4c58-822d-7d53120ba568
ac8b4b92-7b44-47b4-9322-7fb13a1c7dc0;24159;072f422f-becf-4555-8989-880a1e15945d
23cb2883-2125-4da2-9bd3-6d777d344a15;73228;1a7b0498-0ef9-41f7-83b8-37696213d650
228d8a88-fe19-4bbc-b9cd-e45953c8d7df;48358;275feead-45ae-4307-bb28-a741e596d359
36117bb0-6474-4257-bd3a-36992119fb6f;83665;6bc08787-7fff-45a4-b5f6-da982c966ef2
d0ed0c9a-56dc-4093-99c3-152087b45789;37349;8a3c6d7c-80a2-4ef3-962f-9b34ad48f5d9
e3f90ce5-cd7d-418f-aa35-701de512a8eb;62607;75f1fb52-f215-4b7a-82dd-c2f5ac2dc3ed
9aba93cd-791a-4fe0-91fe-e4c033237b1d;68081;21ba08d5-b965-49bf-b1f7-da95ed60665b
9c27ab7e-9dac-46f8-8719-c74de86d7b14;30719;ccc93b79-9727-4fbe-af0b-3edb689a8f4a
7abbb38f-fc5c-464e-8c56-5cc36c0204de;51905;a00c9bfe-a737-4b33-be9f-ff911c198847
f08b1aab-1776-4b56-94b1-b0475bc923a4;75227;e9156041-1806-49cb-95b5-97453dc7fbf1
9997e6f2-7f07-492c-80fe-43439ef8338c;89610;f3ae1467-cbb7-4d38-8983-f10172d8de0a
036e1299-a0be-4227-9bdb-a53df5f2ce76;93390;16c62f5e-ba46-4d6e-ba80-86fe021562ac
09251128-e25f-4d04-9fcd-f6c65e34eac7;43882;15749ad3-9e07-4ed5-be4e-66a9c926c19e
2c3b6757-2d18-4a2c-820f-2282168ab843;16799;10b5c63e-8c7c-47a7-845a-ec9d67e53fcc
5316ce96-61c9-465e-8d5c-d8585168a70f;79368;79dac7c4-dd92-4d0f-9419-a5a2bae526f5
327967fd-01f2-41d3-86dc-a6842d6b83f1;92182;d89bdd07-c63a-4cd9-be96-e48416174ed9
654e7dc4-5050-48fa-bf87-08b81dc49644;42641;5fc130a7-1b6d-4282-9c15-1417f9dbb07e
1525c8ec-8315-4aef-bfb8-db2152b5f660;31940;85ee2179-bd1a-4714-b77c-77b73dccbe89
ff25c815-0a24-485a-a6c9-8c31b6a557bd;50202;851072ea-1256-40fd-b577-9fa571c7a8ab
4f5546cc-d475-4b48-94dc-6ab667a98972;73673;58b83cdb-a9ae-4150-adc8-9f8bbf2938af
716d51c6-0beb-444d-87a1-c183b24a3988;47727;bca06ad9-6e02-432d-a587-340c61e0eb26
369c8833-2bd6-438c-8a3b-47b068469336;80185;e94bf393-6b43-4fb1-b3e8-71145005922f
9a7f2e54-46f2-4689-9875-bbc6630b210a;70242;ccb93ac3-fb91-42ec-b6be-d405085e7987
4e1d1ce2-eabc-4163-8178-699cd2c37692;78012;8d970f7d-3382-40d2-ac39-3eb030ac202e
e61b7696-25c3-4769-b445-455ac9dbe09d;29680;f75cb4d3-f629-41ef-9728-4744cb0f65d5
25472ba1-3203-4213-8e07-80671b8aa37f;67687;fae9760e-7de2-41e8-9abf-720e03d9d02c
2096fb2e-27b1-407f-ae9e-6ad3c5f69b97;79829;77c53a21-ee2c-4b39-b12f-63b80000754e
aa193ff8-4b6f-4ea0-bea6-9e6eb05223ff;53266;3e921aec-0092-425e-8777-0c6a8ba86e83
af80e53e-ec25-4c85-98b7-0e18878d72c1;76899;ab249219-9107-4f1c-ab15-58d557fa642c
f711f440-0bda-45e5-b7ec-e7560cdc2d48;60148;cfd15338-fd83-49d3-8d97-6b879766341a
b9a8b0bf-0755-46cf-bb93-bc5d5c619938;85858;ca5638fe-9483-4107-bb28-5ee43d2bbcda
abd27c44-1040-4c16-a276-02eafe45830f;96377;8813882f-0c52-4d29-9117-8fa2153e4cd8
3e405824-e3b7-40f6-a3c9-a34526703da0;97458;0f28e2d8-4088-4189-831b-ea16d41b64d7
8fed30e6-a7db-478b-8fb9-2a6680cda63f;46309;682a93c6-3764-4fa8-810b-ae655693bf0d
2fa2eea3-0b1c-4cd7-a235-953c9a32cef8;65699;d45cd24a-abfe-45bf-95ae-6cd0d3758138
b1f89f64-cd4d-4309-a55c-d5ab2b04e14a;78160;890ff9fe-a160-496b-a626-8022d443b0d6
4c1d79d1-138c-4aa5-82f5-e19566e15d77;91256;c06d7542-ec9b-4ca7-aba5-367f37c3d4bc
76a84e5a-46de-41ba-83e9-a0e6495dc0f3;19039;361783b0-890e-4f7b-8bb6-ca86d7b4305d
8af4cf67-fcbe-4bd7-ac4f-455c91835156;80508;2eec4a29-7f7f-4c90-bdfd-63b2a05b7ee9
4cfe4a73-558e-4213-9f68-d52627141267;79996;af4df23d-7697-4aad-b3e3-ab0f4a160cae
