4fe2e48c-fbc4-4738-9014-b027a04d4494;False;40045e4a-c360-42f2-b6b4-b79662f7e295;61944158358
1ab21e4f-0809-4fa4-9ceb-6e96309f1c9a;False;3510d7bc-1371-49bf-8694-30d9149024d2;35952812527
1ec9f84f-f291-4af1-921b-69bfec66f703;True;21bfe264-f255-4c8e-8201-cd5c11af28a6;44806687283
4d11305b-866f-4f56-8510-30954df61621;True;c24d2f01-cefa-45a1-9383-04794b0ac1d4;45160553291
8c1d725d-9d1b-45b1-b0a0-a4559dbd5db0;False;4491a014-edcb-452e-acd8-66376254dc1c;33137052785
03228ad5-ff90-4dd0-b883-0d7be502b590;False;b1412283-2a89-45d7-be66-2fa580bc630c;36622073790
12631f28-e37a-4317-abe8-a51fe7333186;False;2c16c261-fa3f-4fde-a1f2-23c24e736a62;95440460461
c8988d5e-7230-4141-bbd1-1c651414113f;False;18e65e65-a694-43d6-8130-24028d649991;33073720111
d7654486-8f16-4ac9-bea0-3e10709eb371;True;12e6bfef-25c3-4e6c-bdee-859ce017c19d;93895584196
259a1017-c12e-4c60-aa0b-0f3fe09ac643;False;b291d9c1-1ba9-4f67-af45-2d335bc87603;36537708641
42d8b9a9-4379-4a03-bce3-a4743a07664b;False;3281afb8-c210-4919-b651-536e7736c9ff;22915719831
f21c9e34-eef4-4d1a-8399-f8044d552e3e;True;3ff9a335-6e8a-4976-a5a2-fab920249f8f;62530262863
9e5ec7e7-39fe-45c3-8d8b-0d34737efd0e;True;5ac34438-039c-4b09-a0ff-37b5807fc1a3;23090269670
b16f23c0-5815-4259-9c94-574f0bc1c2aa;False;ae71beed-2e0a-4495-807c-cc857d2637d9;99926478695
5a143d7e-9917-4631-a30f-257354916e2c;True;07a1ac86-0648-4a32-9eb7-5f3a51099aa0;86452534691
d8af2164-e41e-4ff0-98ce-f5269afc4688;False;7ef78fc2-d178-47c1-939e-d0e7d5eda701;89733709921
58080141-7b44-4845-9db1-f0ff28978f55;True;58cb58c2-ec84-4cee-b9ea-72a58a0c2481;96792413698
056ff503-0f69-4311-89b4-abfb66d32b6b;False;147507aa-522a-42f3-905c-b0bf0a12107d;20372818520
177c2144-06ba-4a5d-b631-c1d46c3c0061;False;cb5fcbce-28d1-4278-9895-2bd2d6941f7f;32560348955
7b447c97-402a-40ed-b18d-9464fc56769e;True;9ac84d83-d4d4-42aa-b73e-8e04a1b9c09b;69725517213
49b4322d-e42e-42b7-8499-01e5720eca35;False;8d6c5a1b-c30c-459d-a536-0c59bf067388;96084052780
2bcdfd9c-f6ce-4216-ae9f-a04cc413c1e5;False;ab4f176d-d3e2-4c5a-a800-5113aba7626b;29467040336
9d1e2978-dd81-4501-8fce-6c7ea60363a5;False;dadb1253-9ba0-419e-ac5d-ed494950d1e9;63782620056
9d1a5f44-317a-4ac4-bd9f-3b72a4d6fd99;False;5b259aaf-4ab2-4445-9ee5-09a0a2ef3c61;50550177962
28a1b149-5df6-4a97-b4ba-b8b7cb16459e;False;628a23eb-43db-442c-ab49-d96fac84f147;44411992777
7a0efc87-f044-4158-9601-294aa92b7f59;False;fb2c41a3-b121-4b27-b8ac-78f66eaf79a3;51464373386
35c8d3ba-8da9-421c-a130-e93494dc2728;True;f6ce6c92-9c3a-49a6-9dee-13175fdca756;61376000992
e644d8bf-4508-4d5c-8075-e9f0da8a9e9c;True;7369a538-f36c-4dc6-b92b-1a63bc82cc51;89733709921
c8ad399b-b641-4919-adc6-d52fbb3294bc;False;05c0e182-baa9-40db-afd0-98fa3822bed5;74514893398
1d9847d3-3f1d-49e8-882a-a17c6bb1208c;True;9888347e-21b4-46b0-ac37-d1c78c0a36cf;64489443087
4fd141c9-f8e5-42e6-954a-6880aab4cfd6;False;d26ff0b6-9dc3-406f-96ab-7c46551ad7d7;22236245063
e22ee6e5-aea5-4be2-821a-b6a92893a091;False;9319f9e3-6381-4330-962d-7cfe868ae949;66447570726
e0cbf038-247f-41b5-88ff-5cf9275cefc5;False;6651c9da-d38c-4a05-8a66-acd4bf2f9509;10945001586
4aaa7827-3ac6-44cf-8fee-dd7042a41dbb;False;220a973e-04e7-4ed7-a442-916f31fe6d4a;19056230530
90f16582-d072-4e00-9fba-2d0bf2a4257f;True;fda0ff59-1a9d-42f7-8350-ef1e3e5bb683;39162016609
96ba4e46-8b88-4a4a-a05d-228368b724ac;True;de5c3422-929f-46b8-a141-5fb027c58022;98394691863
f50a6666-bb93-4cb8-8e18-07e41562ea75;True;1d66993a-f6eb-44b4-b1a1-91182c4e0aa5;55462388651
3151c166-a26f-497a-bfba-90b9c541080c;False;75f1da92-5baf-40b6-8751-610c870f2d5e;29090859673
1f7782ef-d178-40db-a6cc-834747f17a87;True;d06d8e23-519f-4254-8ffe-9e4009d1bb55;54700743492
8f01e188-a1f4-4fae-849c-f466eac28709;True;6c463fca-b4c2-442f-9292-b558f5c4a072;48824930233
ab62cb20-5443-4316-8533-42f24bc983fa;False;d891ffa8-5da3-4ed1-a74c-f44f27bc60cd;68718595726
d477ef90-25b7-400d-b462-c950348bbd09;False;d6e7e739-7538-4bcd-916f-bc19e964c42f;13168134232
d9a62f1d-d96e-47bc-a0d4-c2c93c9fa502;True;470d60b3-0bc3-4659-b8b4-5ab26277522e;50339478528
6cd1b550-13f5-4e06-9cf6-e35bc6a60c6c;True;d9341332-ad48-424b-88a6-fd97c6a2ffc8;88245975881
8fc45d01-02a6-4a4c-b709-82d19d81cc2c;True;582a1b19-3802-4561-bfae-f9b00cee4818;33145814544
fd2bb79c-7e8b-4a42-87bc-6829b499343c;False;3c48eaa3-11df-4fe6-931b-5941f2817b18;53048201346
27c9221c-9751-4013-acc2-5ee581dd2240;True;92c0c82c-8c89-455d-bf30-c319c0834db2;69693497687
72247143-7292-43d9-b720-6438d927ab4d;False;1165e002-a0df-4b14-908d-d6769bd5111c;62083879016
2261831d-a4c0-44cb-979d-054cffbf3cfa;True;7a42f711-7700-4690-acc7-4375c601b2e5;28001508837
fabf015f-91fb-4fd7-bf08-4f3436d31986;True;e3796c50-558e-4dc1-8648-09fa25cc081b;98541910393
7f76414f-eebc-4ed8-a4ef-7182f2149d9d;True;516debcb-e745-4c5c-936c-9c5aa04e7eba;55664968451
ffce5f8e-3f11-48c2-80c1-aab0790d3163;False;a80e1c4f-fda6-4cbe-94d8-7b1df268c4e0;45604379380
7bb988c9-1933-48ef-bd92-fc4b80b7162d;True;020cdf9f-c7bd-47c4-a922-780238ff07f6;16955847850
cb56d4fa-5a0e-4fd9-9852-b43addca8cbf;False;bc9d44ce-07fd-4322-ba81-4cb49bd05d59;18998989218
516cce3d-8589-4a9f-aab2-27a83e766835;False;67c541ea-fb47-4e1c-9c11-8d436524cbe5;81642851194
e4ca77fa-781e-4123-b2cb-cd7084870371;False;16d63a46-38fb-4e43-aa27-60abe7520c0c;34580298755
4d60b864-ad59-441b-9c88-c49ddd1e6ff6;True;12149eed-0463-499e-8816-bdab617b96ce;52412619962
edb88ff8-64fe-4810-ae03-5bfe7e07e4b4;True;6ed60504-8e17-4ca9-a4f4-d4eef5922932;72738102927
124084ff-b1d7-4d13-8e0d-1cd9bbaba7c2;False;b5243c6a-37ba-46a6-98ad-b8d393a9cd60;18142635247
24192359-b4da-4868-b4b1-48821840baec;False;3ed33d92-ba40-4927-ae65-1e45634f080b;91152626696
24037da6-6b37-416d-bc48-0ede26b6f395;False;e361a90d-dd7d-436c-a319-89a6f7dded74;72535017178
1169e60a-0564-4bfd-b3f0-f9edac5ca952;False;69af1bf6-456e-4990-814a-5d878bd8c19f;55948162187
a6c545e5-4618-44f7-aeac-18f983f26841;False;3f0e5175-5a95-4426-bb61-22359682546e;89160471438
2f24e37a-084c-4988-9b92-072bae3ebc43;False;3e33cedb-a442-416d-a8ed-31d06356ea56;55210211065
0a7e6643-65be-40f3-9895-32659ab298d2;True;62ea202f-a803-43af-94f8-6784082a585c;97986468585
18739c53-30f2-4dd3-a5d4-722ed5187c16;True;695fc25c-706a-4b71-97e6-1b6e174f60e4;94022909282
91a6ffbc-6880-47b5-a826-c0af37cce65a;True;00983313-982e-4d6a-ad39-09b6d0b6ea3c;66447570726
db76b4f0-7c71-4235-8298-d9f61f4679b0;False;4c1327ce-8626-4d21-b04e-b5c8259bd6b4;76070192833
3f4a2b48-90ad-43fc-8639-82249ee1a38e;True;e371a027-df9f-4e54-8e76-5e92634831bf;37521679627
d941e1de-0aea-4fc9-bcc4-86926c5ab792;True;0329902d-fd9e-4637-95fe-3f9b0137fcc7;74485232418
921f94af-1179-477a-bd81-7afe44754b74;True;b12ce953-a99f-492a-b498-54223e51db55;70839327422
af6fd199-a739-48b7-872b-3abb89c53f5e;False;35fc919a-1a35-4094-af82-8ae71b48aaa0;22915719831
fbb069c5-ed8d-4fbe-8301-b39c7a8f5ad6;True;506f5614-945b-4ff3-b37c-bd35ea66aab2;46825631076
9124d155-7f12-4e2d-9222-ad8066c98354;True;0f1aa5bd-1bea-4abf-aeef-f30402b164eb;80372138233
b2b32db9-e94f-4edb-a70c-a091e9761a6e;False;2ade7a11-7fa0-4d09-8f61-2d982c72e3cd;29300091402
be0e718e-a58e-4f81-be46-8b6d067ecd14;False;312a8fa5-c788-43e2-bc65-85ce2e5fd7ae;96549182172
ffae6413-3ca9-4fec-93f0-60aad077be7e;False;07ea49b9-83d9-4b19-8160-c68f133fe656;85044381221
c5f3901b-802b-4178-b83d-8700b1de3e75;True;77b29985-f05e-47ed-9f6b-b8d3017c37cf;30555180233
1994dd0e-0c80-4785-823d-5f71f87bd155;True;82308bde-6b6f-4bee-a218-42630e7de7c7;55807118683
6da4663c-3495-4ddf-b54b-b609f9b89822;True;82e7680e-cd21-4b83-9442-f0262aa5e0ea;97816457370
44e14606-5aac-484c-8b7a-702dabd85e74;False;db742766-49b8-4faf-b99a-ad584c181b9a;40363693054
2f0706d4-163c-4ae8-8fd6-374fa203bcff;False;db6915ad-32ab-41ef-8f62-d28649ca6fb2;87218062819
775fe4c8-1155-4f16-8fa8-83c1583ef7a5;False;c7c276e7-c632-4903-b85f-9ba33cca5197;87632149148
2c50f30e-befa-4c02-a945-92ad5f44cf2c;True;31b8b25c-95b3-4e65-8fb6-f6eb15c8bddd;36178044799
39ab55d7-688b-4a08-9d02-33a67b1fe9f6;True;eca3cbc2-e764-4328-81d6-abce59ad5eaf;44145765245
a9b4f2da-420c-4a12-8cb5-4425f3aee140;False;28dd073f-3eaf-415c-b2f8-3f061f05b7f6;51578103654
2e803b52-689f-4ddc-a38e-c018c79627de;True;80bf4cb5-b080-4092-bee1-8ea89dea6079;10516753405
b39886b3-0a98-430d-9c8f-68aa312096a5;False;fff878c0-ad84-401f-9a05-19ddc9fc289b;11922043793
69eb69ee-dabb-4399-8362-e51c35393db3;False;575e8561-0d2d-4ea1-842f-12d1576a121a;85044381221
f8d9c384-ad0c-4f9b-8726-4a4efada83ca;True;2822ba0a-eb0b-4266-a11d-06fb8669fb81;56320610142
b4134342-f6d4-4862-a376-40563433caea;False;1ca2f838-3e00-4586-8650-b349c3554ba3;22334512898
6aba55e2-ec4c-49e6-9dd0-42a7f32a514f;True;0fb4bd53-9e0d-46a4-a035-2120f399ab94;83220680042
9581cdef-453b-48c4-ad62-bf8cb1bc6c5b;True;1ab56c10-cfdc-4bc8-879b-c6a1981b64ae;44019244241
e65e010a-3846-4a9c-bf0b-8de3473823e0;True;fbcfc145-9623-487e-a07b-bc3f7251aa84;25136476015
c129cc90-df38-4a68-a370-9b18f931c5a9;False;e85226ad-99a2-4844-958a-6422bac596f2;71777161208
80481bfc-9e49-436f-9f20-d7adf723e474;True;1f498375-01a0-40fe-9ba9-c71e877caccb;58575990396
aceecaa5-0ebb-4e3b-9043-d23417baa6a6;False;b7c52014-7f86-4cff-8a31-ff8072b7b72e;64705093444
386e32ab-fc1f-4054-b9c7-e398a956c574;False;2b437abf-70a7-4d5c-af83-586ef87597f9;10945001586
919a1990-e89b-46d3-806a-e3ad7168b0f8;True;da9443c3-d62a-4313-a578-932f8fd902dc;91059072625
4f26710c-31bd-4dac-92c4-8f85e1159421;True;ae33eac4-e077-4b94-8ff3-9423fdec23ae;56617512651
69b07910-dc5b-4187-8ac1-245017bea809;False;9b99d0cf-6fd4-473c-b7ab-a8f632433aa5;14827283533
25514fb5-aa06-4299-8897-3d1ec14b7c1a;False;5db03433-3d6b-446e-9178-0788ef243d64;72590979924
3c8f6923-b69f-443f-901a-53f7e753530d;True;4379401c-49ef-4c0e-adef-dd230dd8a1f4;69013746256
402c6fce-0bc6-4eb8-afc7-30a7bb66723f;False;e3ec2a64-8656-4276-86d5-35dcd4710dbf;45486118954
fade5d98-0b93-4e58-920b-f144ecb48dba;False;c0bbb3c0-7104-4458-9aac-0d27e92ae0a9;49612076494
57a73bd9-5ed1-488b-b38b-00c9bb7b093d;False;400937a5-d64d-4991-b050-263bf61caac9;73445670495
baab5a5f-f73e-4a11-b8a7-2bff9d7c8ca0;True;0903d687-cbd0-4ec0-8ae0-a832860a9bd9;13419982538
df25dbc9-7a28-421b-965a-0b9784dbb222;True;78db39fb-dbc0-4415-9395-90550866b2b9;69693497687
afafb66c-150d-4dc0-abde-8f1f2dc8672c;True;80055a91-b85d-4c97-8355-ca925ddaefc9;63695216566
53e1f8e6-b4a6-4af3-8769-187331f7e591;True;35c5b8c5-cf2b-472c-b0d7-b0fc657e849b;24146328017
0dfe12a2-a2bb-4728-8132-bf2ba6b69c64;True;1092262a-643e-4709-b8fe-cc3117e329fe;78652995958
93b7b450-6c6d-4bfa-b562-ff1adef5f924;True;456631dd-6cbe-462e-8950-220276b2a06c;69870767286
1dbc89a7-bb9c-4fed-ac13-cf4742bafde0;True;bd11bd75-7acd-448f-b916-873ac6902b59;32796721773
2030b3c8-d0b3-415b-b768-b9669f362fef;True;a4b76def-be16-4f3a-ab94-74c2812c54cd;74576356399
506a3d63-5227-4e1d-82ff-840e4dd6cf38;True;09d49550-960b-49a5-880b-552d8280f881;72829061931
e4bb0a23-7494-4800-a4d5-a812224ed59b;True;56956734-4d40-449e-90df-24c959bea124;89575478365
4bcab337-2740-4bb8-a404-56a8f161d74d;True;b732f176-7f5b-4750-a73b-95043b2a52f5;77450375486
9f1d65eb-0735-45f9-bfef-6e07285f97d3;True;0469b26c-a4c6-481e-8fde-3e3685e60a40;44411992777
365d99f2-e0af-4e7f-9be9-681b58ddc6d9;False;1e7cd8b1-74e6-4407-8d03-17b6536d6eac;71277228326
46115daf-323a-4d4b-8c62-465471edb5d8;True;18872a76-2b99-4068-bfc9-1704db14a4f1;84272101411
7e90258b-51db-4a65-a8b8-df5a0489e3fe;False;28fd98b4-d1c6-4998-b237-2d7750c2ed24;39690714769
51bb0130-1f1d-4c9e-ac10-42a634bdf59b;True;f6ed67a6-f65d-48a3-b69c-011c45aed2db;84547544916
bf0927df-54ac-43bc-acdd-14d45df65ecd;False;e278cbcc-7370-4cc2-8385-555c0d91c263;64404587912
3705dc14-1606-4a52-a303-ee187d786b09;True;97b017dc-dcef-49d6-889e-c0f1e5a89359;84721068923
b4d783de-e8cc-48b8-93bb-0d4e002b5852;False;2b19446d-e488-4ee9-be68-356dbe65a655;29064843540
209991d1-3b94-4181-a5e9-d12850842881;True;0925075c-dc0a-4cb5-b7a9-f45195a06d58;40363693054
d572fb43-a6fa-4a21-a5e1-a864f8eecb69;False;f3fb8c38-24c3-48af-9507-bed9c9623e4d;46403161890
bfeac62b-2b1a-4523-8ca2-4a32f4bc334c;False;aa2d9305-268c-4c76-8ba9-6784eef50e7c;83928119538
b4720032-d60a-4e60-9a90-a5777699f812;False;6639073f-f19e-49b8-98b5-1683add72c02;47254875817
2b018853-453a-42fa-9a92-61e0c2278232;False;40623492-9579-4476-b1ce-cce92183f278;49943314636
f5136de0-b6e8-462f-bca7-0486138e094f;True;38f94213-d098-42ef-95d8-240dbc97e7b9;89733709921
1bb2cf0e-c367-4828-bd42-827fb0573ec3;True;bc191316-4a86-4e03-b8f0-e9b7d0037d36;16647261391
829098f1-009c-46b8-a7d5-005766301201;False;da78048e-da6d-4f9d-b6ac-ae35a71ef253;84618259699
b55b0ad3-7985-4da9-bde1-0894992220fb;True;76792120-98e7-46fc-aba0-55f4aaf12877;96549182172
5f602954-397f-4f49-84cd-7b235dd436ad;False;b440300a-03db-40b1-a11d-ab4c2d609a1a;68582659868
11cddd12-83d1-402d-80f9-db21658b7430;True;1026934b-ae18-49d4-b612-269f5455e8e3;55971977532
03caa33b-1c0f-41ea-8aca-4620273b5fc7;True;0efb26f6-2db9-47bf-88c4-4c4fc2a6aec4;97370239611
bcba2fbe-4bbf-40c3-9d18-00dd7751b525;False;aadc9ad6-f0a4-4b04-9583-860ef55fbde7;19230876430
c1bad50a-fc7b-4ee7-b7c7-09cfeb11d086;True;95bcf18f-65d1-48da-920a-b0b862eee2b2;90945194545
7f1a07e3-e41e-46a6-83c1-f7a04b365be0;False;fb97b078-ad90-4534-83a5-a0cbaff47f7f;34496335649
cef47119-7095-437a-9c06-c5f8dca0d200;True;96218280-cf7e-474f-942f-2d23a147c5a6;89160471438
76a5075b-0a36-49b8-9162-f13fc7bcdff5;False;64e3bae9-7485-4d4f-a98e-e7976c9eb26d;49886839046
ad36500c-a199-4687-ab91-50cdaa754367;False;5825863f-1a2c-4a30-adf6-36f562654410;67989312997
bf47ef2d-f5ad-46b2-acde-2a05d68d1ae1;False;e9352dc3-1947-4190-9ccd-4a0042a32c48;43707561285
2f8319c0-8c67-4b46-8ade-8a8249210b0b;True;f93987e5-f03d-41a3-b974-fe46da3df8b8;22236245063
3be7185a-0162-4092-9b54-4ca34a8fadbe;True;8c7a5105-340b-401a-80f5-781a9ba5631d;65046771832
d9ff99f0-cc03-45fd-833a-93926437fa19;True;a2719230-9fce-44a6-a353-a7f2674f1f64;70933819556
f18f4fae-c5e8-48b7-bf80-08c3c1bb8656;True;c6cc924f-8939-4486-a077-77417d170c82;87218062819
6ff525c6-6a0e-475e-9185-6b9e59b7b7f0;True;223e30bd-138c-4bbf-a76c-e4d071db568a;21036429552
6d8694c6-a164-48d8-ab92-d7d54f87b0fe;False;da717e0e-8840-4587-b2ea-00768429e06f;45604379380
04d42372-f8a2-412d-b607-230e5498ff89;False;c94d91cf-cee9-436d-99ea-e5dae000b1a0;81323404572
731fe9d4-ffbe-478e-9812-7ab56adae859;False;4573f65e-70ee-4cf4-a53d-643cf3bfb469;29064843540
49adfe7e-d7b8-44db-9bc6-9625ef02d3f0;True;e875e1dd-822e-4750-a7d5-e37473a1235d;36178044799
6159b597-0311-4595-9739-257119fc4941;False;144dc152-fdbc-4cb8-88e7-5b58ef779a53;28663482747
43ffb8c9-d796-4721-ae8d-832444817383;False;e85fc493-1dd8-4154-9abf-13ddee3b85e7;83350821052
af403037-aaa0-464d-8814-4c95d6502807;False;4c4ef99a-65a9-4ac8-aab0-7c7521be0489;55299214721
5f5c3f2f-b0fd-4d09-bb4d-43b4bdaefece;True;9fc0599e-7998-4cb9-b924-6ccc21f44769;69725517213
b08602e4-8394-4261-a704-a8030a880cdd;False;13ef18e4-36b6-44db-875f-bcd68b6f5cab;72535017178
c5bad950-da22-42d7-bbfc-85c49114c9a2;True;2f5faa0a-12a3-4a29-84a5-e655193aec12;13411016628
8c580216-4bc5-45f7-a01b-6fb86ebe10f6;True;73281925-6e18-4c44-bc59-9386ac1a091c;10374741168
c1abf495-3c76-4cf5-9fa6-b71b51a86e42;True;164cfaaf-5f58-4abc-b455-c0aba1128053;83946875690
3eb769a2-79f8-4d1f-a646-41379b09c320;False;78625032-2f09-487e-8b44-539881fc1458;87834739608
553ab82c-c3bf-4a4e-81c6-2aea257c23c6;False;6352592b-2315-4b6d-ad01-3ecb28145f7b;23209506353
e6e47dcf-8056-4215-80ba-c51fbdf47aea;False;f87201c8-18a9-4415-b1fb-badec5771628;66203805808
8a2e08a7-94da-4459-aabf-c6f18ca9acbe;False;fd5f8d56-050b-420b-9f0e-2477c4510645;44736634599
6d1e764e-54fc-4840-ba60-d0ce4d76592b;True;a90e7fb7-9307-4b6f-8f39-d13984ad1591;79261566937
cfd9b503-b06d-4403-913d-53bbe5b39463;False;09b2dae4-afa5-4527-a663-6f3e54df51c6;82884782832
28413568-efb4-47a9-b027-3c55c7b44a7b;False;e1cc3d84-3e9c-4d63-8df3-f8547264b371;72192136430
72b9d004-65b3-40a0-a792-3c92c0ffb59f;False;e0a87e06-c7fa-4737-a0f7-a15e03bd2633;76157955916
75fb3d91-60e5-45fc-9fb3-09c81c09fbf4;True;98853546-985e-4367-a0f0-e841b302046b;55852141954
0bedc36d-06c3-4600-9d9d-df2a90596a72;True;dd5b9665-3116-4956-9788-10a9bf1ef909;91341981097
1fa9445a-6e73-4dcb-bbe5-bad6613d9034;False;e512aa73-ed70-48ea-a3f8-6456a0a51cce;43327431808
b97a9cad-de78-4abb-822b-33e506592fb8;True;10241039-ee36-4bfa-b0c3-255488a86363;58707379410
0b9d1e5d-f15e-46f7-932b-3b4ef4815bc2;False;a9a7c97a-4412-432d-a598-3614452eabc2;91556769760
930c9028-6650-487c-8111-9800c45e678e;False;a9acbe2a-910a-4d10-a5a7-d8ef1641fc27;26259372854
f3b806df-f039-4d81-927b-53792554b277;False;585e0176-1cfd-4e89-a2b2-5e831db13a22;10869838456
a2182a6a-67cb-45f9-bb9a-27fd764ed07e;True;9a78f930-da72-4c74-a754-dc64eba39772;43547903394
f43749eb-8d1f-4b1f-803f-288e96aab0a2;True;ca389814-e1ce-42b3-94c0-8ef4ac147d6a;73720552627
9b1c2c21-dceb-48bb-8752-beb498443935;True;78e58c70-dbb2-45b4-b7f5-7d1f46e60e5d;46273636300
52a0fadb-96c9-4467-9bfd-afa5a11065a4;False;80938e97-540a-4850-87f6-8b12bdefcbea;69696262002
98ed6563-466f-45be-abb8-160168daea62;True;3b1eb876-0684-44f3-93ce-eb631006ad6a;89484620167
8abf3ac0-5269-4a73-9f63-56fe2ec9bcf7;False;9a9ae6b1-d709-4a08-9b0d-222c9a6eebf7;22743581394
a1db51f2-5ce8-44e0-851d-9b18a24de47d;True;8e102c38-4a02-4396-9fc6-6c2bed591458;22915719831
101c9e15-36be-4fee-a49e-547edac83a18;True;f83dc361-eab9-43b9-ab5e-37240bc0a5d5;58711198841
38dcbbfa-e982-4a69-8b85-aa495fb60458;True;f183b0fd-5374-4a2e-b655-0329a3d7862d;72372358242
198e6fec-3c8b-4f16-b362-38a43468a2f2;True;267617e1-5692-4d43-8f9b-248003189c46;81360357892
a4df29c8-0fe4-4534-aa17-3a9ef546c535;True;8196d233-6975-401b-9a61-254911d6f2e2;73794701062
5412a512-2560-4a02-856d-d762c4cc8d02;True;fea1116a-e6a5-4ae1-a258-861f20f65217;91438949920
dfbbab23-ed2d-462c-b80d-176e7d49c1d7;True;5bd89ba2-94cb-457f-b19f-449bb1301fde;84907716240
dc0f48db-93e9-4de0-8038-de2e35f84b59;True;9f831608-25d0-4600-a521-f32fb89cef44;51521342615
8db248fd-4c4e-49c9-8d1b-88809500dbd7;True;edf1fc8b-0b72-48c2-81e4-76f7ed162a26;84618259699
7b0eb80e-749f-4e5f-a2a1-3deaee4b1481;False;5e90888a-c52a-4523-be2f-285382e41a37;59544285311
b19cb3c0-e644-412b-9d95-33928bb5c343;True;e5719b06-f268-40f2-84e5-6ac70610c72e;30555180233
4a78a65b-ba1c-4757-9827-05193ee07141;False;f138c8d6-9f49-4d0a-b44e-dca798a0783e;22407735918
34f6f5e3-f872-45dc-9d95-1b02b6f69715;False;01aaa011-903e-459d-831e-42fd22784016;53491923905
61650cb9-5b02-4280-a762-e2417a36c51a;True;fbe5bab8-6f65-4387-8f8f-217af7c0b440;36178044799
b382ec54-5b2f-4212-a069-9071b022da4e;True;3a57ee08-2eaf-41b7-9e84-3943f600500b;97465065181
d1402618-f75c-4375-aa63-3c3eb51858d2;False;60d0116b-4fa7-48e8-9bf4-63aeac7fdeaf;25678849280
4112e355-8a66-4c98-bbf7-01b20c987376;True;a442d1b0-9606-4119-89ea-7f17b93f6907;18788329513
96e17b15-8c75-466e-a705-869dd48cf1f0;True;e3b52b41-1805-40c5-b112-b53909a707c7;48824930233
8bb426ea-101c-42ca-9ec2-4d12562c87f0;True;c55bf671-def6-44aa-bd68-cfe9b28d19d9;43830384289
dd34248b-4cc9-40f9-bf05-f027a76bd48c;True;8e34578c-b34c-4515-8d7c-4219dd4e9c31;17674716242
5098adf9-b2ef-4326-9a14-4825431ff052;False;ade12dfa-d4c2-4e7b-bde4-500a640ccbcd;46625234629
e166bfe2-858f-4889-81c5-1c72df84e445;False;90269425-4937-4aa7-9e66-aba693660f19;17752323383
2e85f9ec-c1bc-4720-a9fe-418f6c2ea4bd;False;d496daaf-4761-4254-a80c-6c685dba8765;23049219614
d8a981b9-e21c-4544-9461-5d5110f38b71;False;58a692d0-a2c6-4a07-8c7c-f1991b186ea7;33571487654
3a83eed6-3844-4f36-85d8-d3c520534539;True;d0e7fb5d-98fe-42a9-bc47-548028b240b0;35932908833
210961ad-bdbe-4056-856b-845c45e23ffe;False;f7360f5e-9e34-4e64-828b-3af697bc95c7;25709893517
e564ddcf-7625-4f00-9852-1cade7a58846;False;e27a6a82-d229-4643-a48c-a26358913dd5;29300091402
fc672bf3-22ef-4e79-b5d6-f924169138ae;True;d043084f-782c-43d8-b814-f2fbcddbdb8c;33361835841
c146d7da-879c-4895-9355-a473997c842b;False;0c56415a-8386-4c6a-a71a-86539670bee3;62212004020
c2fed87d-d5af-4f70-bba5-8ff6c12818ac;True;c709f7b6-6b1c-4a2a-92af-6f825e6779a9;56641963902
380a4f7d-75df-4e0e-b888-e168290d48cc;True;5d9ddb8d-225d-49ec-92df-ed5e66f2022d;91944276946
c96065fa-8942-402a-ae4b-e3f31991d6bc;True;698d74d3-c5ac-4ae7-ac5b-ad1796398694;11522976964
25bc52bf-e6d7-4e87-9c21-a1f635d382d2;True;ac8a2736-101f-4d6b-81cd-638024a381bb;30306036624
d8c4993d-57e9-4d2b-871d-57fe125ab9b3;False;0ef43858-aa18-489d-b6cc-de3a0f0672e3;12864158298
9cb72d67-a82f-4d91-9cf4-9deb51063219;True;73c2f26b-bde5-420e-b899-1abe4ac96280;78652995958
4a4fde6f-37b4-4973-8a60-786b6272a6a6;True;457786a2-0c74-4cee-94a7-4cc3eeb77cf8;70832983418
b06de92d-ebc2-4fd5-8a77-8a4dd25c2118;True;9e84101d-dd6e-4b40-a0fb-3966a865cee8;92992969340
0cddc156-7061-4caa-b4ef-5e97b1e657c5;False;ab9016c0-0336-4fd1-b4b1-0649f66bd5d7;43243527349
61a4321c-b77e-4ec7-8736-e20325f06e6d;False;3f5e8c04-191a-4d37-ae80-e5160ba90c06;70699105128
eb8a4d00-2273-4b1e-97dd-a0e6e78c6999;True;498713ab-b146-4143-a85b-7c5e8e735480;37745623755
d00d4b35-f3cd-4c19-a10c-43ff42b88a2b;False;032e267e-bbc9-490a-986f-bcaa1d4c28ad;55807118683
a23649c9-34d3-4397-84f0-4ab9bfd8ade3;True;a75f8b20-863c-477b-8b0c-3a952c905154;48067043970
83de075c-be18-4633-9e87-bdce9ef453fd;False;ae45cced-cdc2-49c4-a542-16fd38b7edfa;87083952224
c9ae8ea0-6d58-4dbb-b59f-ab9bdfb23e8b;True;fe961ff9-0538-4605-9813-aab7bb1d72c7;71849221420
5b776aa7-3654-4d6e-a2ef-08a55e813382;True;086bd00b-cd5f-482f-9b4f-f690e146d20c;96367708395
bd68ed12-1ca0-4b1f-82f4-46b8fb962750;True;a901d71b-f769-488b-a8e7-91b00e179de7;53491923905
c4f93eaa-edee-4e56-9aa8-efd3bd403fd1;False;b09c325d-0bb9-4703-952e-eb1d1c60d0d1;47558292823
1de65d42-8ddd-4e0a-8e61-96091107c6e3;True;4788dc5c-6336-48eb-8b72-3eccee7bef05;88245975881
50bb2432-0ec6-4f88-8749-19365254fe71;False;c06e3c99-f1ce-4ecf-ace5-f7e8fda60f35;56811567954
2d0a98d8-9d88-4dcf-8de8-742af4aff211;False;6aa10286-acec-46cd-953c-726e06d47280;76578474835
01f61158-e1c9-43bf-989b-1b03e749bcd7;True;f6cc50d9-118a-4b5e-9064-31dfa53fbfca;83453944938
72e2db9c-b618-4619-851a-a174a6f7bde1;False;ae1c899f-067e-4cbf-b7f9-bf7ef6dd848e;84400439031
a7b174ee-8197-41f6-8766-ba93e84ec0ed;False;9cfa8aa7-0e32-4968-b37d-c0dd38fc21bc;30995597728
ac947c04-d9c9-477e-ac6a-0d2fff9ed4a3;False;7e11de93-ac41-493c-8039-13e2f590e55a;63777244096
8cb1f1ce-ed1a-4663-897b-38719e237622;False;4d775539-453f-41cb-9ac8-94e3fc796634;13067502193
54816f79-edf9-4bec-a52a-231c4caf1119;True;bf87c98e-9744-4ee6-97ca-6848ad8bbe3b;43057988539
92f8996e-e060-4c71-9c26-99c8e350e46e;True;a1128e14-47fd-48bb-bcf1-c070f353da56;88615783424
e47c7724-bf8d-4eea-b038-730aa437b765;True;ab28c396-5ffd-4ade-986f-9c311e2047c3;86105691635
7f24ff20-92e1-4b7d-871b-db124879a9fd;False;09097ab5-0f23-41b4-9f22-1075d7b96838;41945804897
2be85786-14c6-442e-a615-adcd57c776dd;False;da443297-c92c-4f28-96f0-e342111817d6;92249987249
8b4a5bc9-222d-40b4-bc08-880b3de4bef1;True;428109ea-646a-4b9b-a559-46d63a46607a;51464373386
0f753ad2-bc2c-4f9e-add8-4dae9f7d3d09;False;884602cc-4841-4d99-a005-913f7ab1819a;30783283820
348bd019-1e42-4b4c-8c6f-ca53f455c8ce;False;bd4488e8-0bcb-4f63-a87a-620a8b5d50cb;79891688380
3fb706f0-e00e-43de-9900-f802cff2b3db;True;ca33ded5-3473-4fd2-a4c4-10133a05f260;20372818520
3db15330-ed42-4762-a161-c320cc71e9b9;True;a06fddc0-5624-4173-9a43-4128ed2eb8bc;43057988539
21800a69-3ceb-4744-91c2-0fd943183860;True;40b902ca-699e-4bf3-b73b-c6764347c4b6;34580298755
a368d9e3-030a-46c1-bae0-8185788d740b;False;372d8aac-b268-4712-a387-272c31e89faa;83874826358
59f4197f-0d14-45ec-8079-ceebb03f24e1;False;48a8a641-2179-47a5-aed7-4d3e4b5f5e15;20306380485
2be0318e-e8a2-4400-a8db-2cb5e38e2311;True;dbe7e126-50b3-417f-8acc-f83e0480050e;75533483723
1243dea3-2c3e-42ef-9edc-460078bba672;False;437ed2a7-7ebd-4f7c-97fa-c5db9c12ab96;33011279714
30bc30f0-0fdf-4258-8f7f-015cd16dc899;True;47e88113-ad56-43b5-a3f9-ed969c31294c;48317198278
be61f194-5994-41c0-9fc6-8841a1183699;False;b1273032-62cf-4309-ab66-15eb59b38ac4;23406056905
84ae4b00-6c72-4a2f-be11-bf55881cf5f3;False;148f22ce-25d8-49c1-b787-f12242eaa4e7;96427011106
ef80d040-e738-4afd-bbc8-58d2a4b206f9;False;c3b0ed94-9a83-4d18-9ddd-a097069b1ab1;42781521817
78133a5b-132c-46d8-926b-eba80e553fb9;True;eecfeac2-0352-4d20-a928-bf184b88df14;36704294719
867c7de5-bdb3-4512-b42e-be83935fa528;False;73e66083-fa1f-4312-8c48-9b135dbb217c;15192206845
f8d01c1b-d8eb-46fc-b800-75079fb49fb3;False;9b3fb13f-88bb-466e-bbff-751304ed0aad;81452960554
f49bb009-ae22-49bc-9801-eab0b530abc7;False;fd05f559-1f1f-4a8b-8695-5be128e6328f;82790082862
6fe4ba37-70c0-43dc-8ee9-490e789e640e;False;b0c6859e-17bb-4227-bd7e-a7c0219cf15b;97986468585
b902a932-7347-40cd-ba04-ced8b8e9db1f;True;b6e900d9-b76d-452b-a6f5-7d2211d7cd27;52412619962
aa043e6f-c549-41fb-93e1-6a1dcd50793f;True;18694195-019b-40fd-9005-d843da9c11f3;70957288157
175108fd-b7b4-4ed2-bef9-89d8ebf83a44;True;2d35b981-0ba3-4589-9267-c052002b399d;49358734856
324ae582-bc82-4c85-91e5-2288bc1490f7;True;9da6ebd5-b294-43b6-8925-4f3866131588;30942043177
f34a0b7c-46eb-46a3-b22d-2426b1c4f25c;True;ed2641db-091e-4d06-8034-0a68fb7a1b19;18998989218
a510683c-6eaa-47a7-9c71-379dd0b4f60f;True;f4b61a14-cbab-451d-885b-5522c164d544;95440460461
6811c08c-5e18-4513-9e2d-e3805b8b02ac;True;9a5ae09a-712f-41f3-8bb2-0645a34eb3ef;58520108212
dacbade5-5732-4a6a-b219-46984bdba441;True;3cf80332-b8a6-40f7-a448-312fbebded95;69402069059
4e464966-9b09-4b5f-85cc-20388829a21e;True;df65edae-7f4d-4571-ba13-cb3b182c9362;32268938362
c5469073-ad54-4142-a2d6-5a85f02fe73b;False;4b3724b5-7954-4932-b884-dc50e5d59bb8;23909135940
7f52e772-c0ef-4664-9d03-cee99b3a2163;False;0e0ab5b5-a617-4a9b-817b-b5e021c8fa5e;48067043970
132d4838-a537-42aa-a9de-8edbecbae7ca;True;57736207-af53-4606-9b97-a85c219d4ccb;98624811178
d4555ad8-8728-4396-a0b0-e8acd3a67bc1;False;732db4b0-4034-49b6-8b69-3108415d5de0;65284068953
86e0a826-ca58-4d18-8066-4aad38a6d3ea;True;2f6ffe0d-8760-4fbe-a5c2-d4c2cc1b6667;47080186098
cc385995-c12f-4ba8-986e-a29cf940386f;False;b5b3bca7-95c3-4b50-95e8-b564f30bb3ce;94846184924
f3a18aa3-3fce-4945-b9cd-4041fe8673b7;True;b2adf60d-59b1-4ae3-899e-e1f0b6ca1ba6;98541910393
8346ed3a-e6b4-4cf7-89de-c083985cb188;True;3f6f330d-04ce-43bc-875b-419e729630fa;28663482747
7e498afc-b419-4baa-9760-48d181d15a54;True;8cf44e84-9481-44d1-8463-6673f26fadc9;50083201215
dfc4d881-a692-4b38-ac8f-4da9af965a7c;True;a7b9308f-48db-4001-9424-fc031cdd2dfe;91556769760
2a8c48b3-ff97-4114-aa7a-78f19e97b8f0;True;129115bf-9a9a-4c9f-9ee7-b960891d20b8;81324290706
3eaefdac-d44a-46cb-a356-8a9be9054087;False;cef67f70-5ff8-4d66-9cff-17c81bf18f79;41945804897
ac8530f2-9b6f-4d96-bf67-b07204ddef0c;False;93698ef3-330e-4ba8-8598-47551569f069;85993574693
94487634-7114-4097-b0dd-273702f7bde7;True;e861dd6d-1622-4d1b-a70e-7b6b3f3708c6;25211372328
8697e4b9-599a-4b39-805f-59519bf86dd2;True;badd640d-b352-49ce-a012-686e1dadec16;42429085018
6d73b628-0735-4bd0-9369-186401708387;True;30541972-e349-44e4-a382-a9e3af50bd30;46403161890
438a46ed-dd59-4976-b9ae-bb9c1d4ebb9c;False;0924f6ce-4699-48a0-9f98-01a1eab55c80;33011279714
09035cb5-72a0-40c5-add3-a775b38ce619;False;70074b9d-6fda-44cc-b05c-1044183d0f12;34496335649
ff3cb553-2d7d-41af-9393-f0c68ae75cf1;True;8542eb63-0fe3-4440-b400-1aea53b8305c;59237907304
ae29db3a-4b6d-4435-899c-2507875aee05;True;e69245a0-643e-4241-9007-a5ab51d4144c;33137052785
15c2c8ee-2df6-4756-b9e5-95a4856a0860;True;f149a56a-b40d-4edd-85f7-7bd5364899fd;70448328630
c314858c-7bea-4241-b9ec-5e8d97eae3b6;False;585ac211-644a-4905-ba36-387ecb691a6c;93895584196
248d90b1-306e-4fd7-9376-dee5bde32f84;True;aee6143c-4dd3-4d8a-aeb8-7fcab5980578;58899102840
56ca2768-b8c7-4dd2-8264-0daa76935086;False;2df958c4-a466-45b1-9ff9-004d1bc2ba62;84862921040
75408c3c-84ed-40d0-9ce7-a65e149b55a6;False;fdd7ddc3-c3e3-4709-8d58-fd9f20073be8;72192136430
755fb9ab-6ae6-423b-8262-a628436dd4fb;False;f5621601-d610-497d-b139-18919c89aba7;34166478953
cc4e2e34-9427-4360-b888-ed4454a73f11;True;a9d6c67b-a3b8-45dd-aa34-7f319b1d5620;30382826081
49046c59-de08-4692-b945-814e0943e3f7;True;46cbc925-72e1-48e2-b642-a296d298ae55;99747605695
8e77807d-8ff9-4362-a5bf-4a090dd70a69;True;cd43aab1-9959-4e84-9d3e-f86d902dba9a;12991119625
94b7c39a-4c64-477c-936a-f800093c0416;False;8a41ae78-2378-4ae4-a31d-2592dc918962;43104354202
baad61be-5c34-4f12-816f-6c68cc97f9ee;False;8c01a362-b096-4017-b058-fcd3f34b6500;63150713727
86541538-120f-4f60-910b-607beb9af315;False;32135cdd-bbf1-4975-b1c1-a04353ab3205;14804017688
a50824fb-bc8b-4038-85ba-7c8d7338ce22;False;0aeb3556-99a7-474c-b991-0e4cbc346e36;48423772560
154eb87b-21c7-4c8b-af9d-4a732e6e4efb;True;c17dae58-d48c-40d2-a3a6-53b33901d3b9;22743581394
0b2409e7-b3bb-4873-9ae4-0820ece807e5;False;03f9df04-1ae4-4550-817d-c579b3ea9a02;38485980969
e8bf9b1f-ddff-4d1c-a807-794b5087a9c4;True;f2359e57-3b93-4578-bb91-02f7df219b8c;71777161208
bba580e5-cac7-4d50-84ce-f1587006b13a;True;5ea47085-bb60-42fd-8320-bc85d6b78fe1;69402069059
ec132e09-5714-45b3-89ff-4827d5fbe4ac;False;9b919ce1-366d-47ed-ac08-0a776bbe05bc;56408973977
bac4b86c-2eba-42d7-9968-cf2956aa1977;True;e6913c64-b11c-46a4-a83b-623ba1513c92;96367708395
cd209406-e31a-42b9-8cec-7935f98e997f;True;0891b628-42ce-4d1a-b01d-9aa62bee11a4;48225748769
865abc6b-0579-46c9-8f61-e956a854a56f;True;934d8748-9c64-4ba7-9c85-deb3c3d66fc3;59850805405
9df4293a-be6d-4183-8aa6-d1e1563d9e16;False;42647a7c-4044-48e9-8f14-b15dd600398c;30942043177
c14e3680-f987-48f4-b0bc-bf4edeb243b6;False;09f4313c-afd5-4c44-a563-d5fc4f440584;45684950352
47116a41-0e6c-44af-b568-aa42062e1b91;False;d72b27cd-f64b-4b29-b121-7cdbc4a54fb5;45289310759
817de9ed-00c1-409c-bdd8-f7ae8a395512;False;8b0b46c3-9963-4673-942f-bd462e23da1a;75621817851
3961688e-3e6b-487c-a6c7-be3d17776dcc;True;8937256d-4977-470d-ad62-aa57984064c5;33697309017
afc50ee0-1f93-4574-9e89-3c623e9962a6;False;179bf707-7e93-4eef-a625-28eba7b3f891;14124634861
a379ccf7-d6e1-43f8-b02c-ba17d3b69ec3;False;c0d25739-6e07-4f18-87f1-594ae3175fef;63695216566
1840f639-0cea-4f30-baad-c2ee7501fc94;True;df1c086f-2ae9-4798-9d53-bc4843026224;86712114521
9cbb855e-aebc-45b3-a655-bd75b58f8017;True;5d153f6a-7ed1-44a3-8aa9-2ef3b82b1d8f;97370239611
9678a2d7-2552-4d22-8800-984808ce82b3;True;d6e12b31-0fdd-4fba-a23b-a12c092cf2a2;14835952309
6fee7291-7b47-4105-8b0c-ff50a7a27db2;False;50f2f538-7d8e-4b6f-8aef-80b10ccc474b;90405673427
9f09bdab-e03c-44d2-8bd3-85e12109035c;True;a387eb32-1d5e-4b23-bdaa-472b26059da5;25969869847
1a6cb805-0336-4209-bbfc-70992ee7be16;True;aca4f4a4-ea7c-46bc-9734-f5faa224d95f;40363693054
4498646a-1107-401c-9c7a-c06d4529aa7a;True;38e4a4d5-dccf-4b8a-82b7-effdacd6bcab;79861616854
cd160d63-5b48-417b-9f73-6fd8eedc22f2;True;b4a29679-d57a-4ed2-878f-592d87b7ea9f;97465065181
cbcf113e-7af5-4101-b0dc-8e729a29daa7;True;57738bbb-c31e-49dd-bdbc-d7edf15de4dc;22372374949
045d982d-d629-4c39-80b8-6cd2ab558b32;False;21822f40-f7c4-422e-8f44-9e115f0de2c4;57021359126
ea0db8df-19b4-4e3b-a27f-bc5b0d50ffc3;False;56662346-5952-478b-b6c1-1275df590bf5;33458623327
19a2b305-4395-4ecb-a195-e39b7bf07c92;False;21d917c2-f93d-43cf-9061-86b5dbeef241;29994722988
1666cd4b-cb9b-4f9e-9b10-9c6c198cee88;True;50f9f3b8-c5c3-49c6-86f9-9a744dee5e1c;13343304695
bbfc1776-7222-444e-993d-d8c6453d5c81;True;b2b19155-55ab-4989-a849-7d4d03009a5b;30995597728
107b428c-7e92-4800-8a97-2aca4f7ddf15;True;e5f0800b-d60f-44d0-b6f1-51b87799b62d;57359673540
a475f810-f2c4-4c40-8478-eacd9def0800;True;bc1394a7-44db-45da-b48f-a64ce845235c;17197210014
3e7b2b4e-92bb-45b6-a16b-0280d1dde933;False;d9e9cb72-295d-447a-ac7c-cfc58bf590bb;84891440489
23d9c10c-0277-4e0a-b5ff-ab3089f0f758;False;f0342423-ac7b-48e8-ba86-0738d1bdea97;22727803956
39ca3bc5-0531-4ed9-8a2c-7345f7a7819d;True;0bc73142-8ffe-437f-9f73-e046fd9e9a9f;46273636300
dfff4787-e000-4fe7-8cb9-6aebd5854b54;True;468f2268-c72b-4436-872c-dfcb17628c86;86452534691
935c3170-e97f-40d3-914a-3ae622a74208;True;56e6e6c5-f251-4a63-bb61-7175ff9b4df3;34403193117
de81ce60-5c72-400f-b937-d12916aef0ec;True;d14e52b0-748d-41ec-9012-92fa1866deeb;70699105128
9b419741-16b8-4867-bad2-b76b0405fe55;False;5d0679a8-0cd0-4294-a269-931cef52ee60;69402069059
7b60f831-1f3c-429d-8552-1111def4b48c;False;1c14cf07-fadf-40e1-a8ef-0034ed26c993;30995597728
59890dbc-8b66-475b-b279-11ecd22959b0;False;a242526f-66fe-428c-9d84-91cc5d3c7370;69696262002
dc3b13f6-616e-43df-9002-f244333c4e64;False;1df8510a-0fc1-4ed5-9cce-3817cb600e6b;55664968451
d45a418d-84c2-45aa-a465-da07f0c67dc6;True;ed1a9aba-3690-406a-a335-20e2af1ff99e;45187144573
7a127e95-f69d-4cd7-82d7-2248d42a5b71;False;788ff832-57f5-485d-bb34-5543cf471a19;35397667120
b506227b-fdd9-4b07-861b-93cc70ca8f31;True;ffefc623-4db0-4752-831b-485abaf823b3;68582659868
02ee8ae9-7ec4-4009-a72d-f05c02f55141;True;9a1c60f3-002a-41cc-9a8f-c8f4b92967f6;79891688380
b0a50fe9-5706-43d2-ab31-cbe3c643cedd;False;a11cfc93-73e5-4ab1-a094-73ca5b23a0bf;87541975644
dee5da86-3f2f-4832-915e-d77370e12388;False;b9c9ef16-1aa0-4f14-87b5-2e61b58a1616;53313447128
73c8b130-e7e1-4784-85c3-9a3a2efda97f;False;d7f80654-9b6b-44ed-9983-e1f3972486c6;22236245063
c9859ce2-88c2-412c-a3ec-4330b9c89e99;True;540f035d-aa7d-4bc6-9d1d-c9e4cdceb914;87083952224
9e99871d-5284-484e-99dd-20d9d8bbb922;True;5208fea6-89ac-4b63-8372-facacd249c26;97858361440
591bdbc9-4179-4114-994c-faa2e54858e7;False;ae044292-2a80-41ad-be06-1beda46804bc;81596609562
eec54404-6fb6-4d74-b316-c7dcebf296cd;True;48a97e77-0b4e-4f89-9bb9-a6d0c9ff80b4;73794701062
54c1b3dd-5134-41bb-bebf-a94a67851d60;True;0545576c-398e-4465-a2fe-c0d8895bfc01;29326666920
fcdd5ed7-eaa3-4a95-9843-b8535f761b9f;True;f219ccf1-b644-4709-b776-c12cb566286e;68278290820
03883c1b-d1d1-464b-b397-e096d0aed66b;False;4d1cb92f-6ea3-4a50-a43e-fd3072aa8734;59576815043
c36437ae-a2c0-407b-a2d7-51d8fc2b6c63;False;d4c3d460-e0ee-476f-8d88-48542892c215;27338620993
a0ae5f10-4fe8-4417-9f8e-148c259d1f0c;False;c5308b15-2a7d-4c46-b905-8b0c968d3e58;67359577793
a6bd76df-aaba-4aa9-8bef-492f3b53c3f1;False;7fc4d2f0-0c9c-4218-a19f-e86e3e2b11a6;71236406988
18baa154-9d3c-4368-9078-9beb0e497c26;True;4d161495-bd78-4792-9e91-46174a6c5e5b;12434335636
619356d5-6103-44cb-a49c-62172a20f112;True;a4d5b4f7-a526-4be0-8941-44e8d96c016a;48164299711
de68775f-b5c5-4b03-bb86-6adcca0da4a2;False;099598d5-8b88-431d-bbf2-8129585f11f4;49571400173
893f25de-c1e4-42bf-ac16-ba7721706b18;False;b109d915-941c-40b5-8e7f-105446a710de;86712114521
d882084f-8807-4629-ba1d-dc1fa4279612;True;fe3ab695-7e11-4fbf-a978-28c73cdddf27;25333722300
19b3a4e5-2bcc-4bf1-a63d-6680ac1790d8;False;8d1e1d98-54f3-42b3-a6c1-179cb5dcd7c2;85418368007
80ca0b2c-0f70-4f89-b268-aac0a051ba9c;True;7a0d82cd-f4fd-4521-843e-3d953320d9c6;47264140915
65e96445-40a3-4659-be1e-cc637c073625;False;c7a7c57f-869f-49de-892a-a723f1426942;71204358070
45837060-5596-40e7-9a5d-a8f650a49e71;False;be788e37-c8e9-4b53-b82b-48209b2ed0d2;47254875817
42388589-7fe9-4d97-a04c-dd7710b2a882;False;6b26a41a-7c7c-4759-a3fe-7187ccc8472c;74514893398
7d787063-903c-4b3b-b203-7c04becd9d7e;False;fbcd31f4-eed4-4e8e-b0d4-6a40c1780a9d;82699882334
914e1ace-006f-4621-bc07-8ae3b8751c33;False;b3902fb7-21d1-4c8c-a01d-b302d2b98f4c;24499388572
e0660c79-2ffa-40d8-b69b-f5b0aacf38ca;True;bb7a1bba-3343-4147-ae02-ec96d46db893;53268268333
ecca5f71-26a5-47d2-81a9-cdf8cd16a078;True;9c1a08bd-5802-4897-99ad-2cb8c5775181;73011548867
0d7bf9e2-1706-4c98-b0ae-fcf89e731b0f;False;a2d6deac-fb3e-4952-831c-d6553543b37a;54813432218
e3548ce8-2c7e-4115-af08-451bf7906c2a;False;50d8c68c-827d-4aad-a51b-db621cf81ebb;75621817851
696ad74b-bfca-4e83-9093-311398d232b4;True;748bea95-4e2f-46cc-8a20-1789a9bdc720;25211372328
2ed064e0-8128-4e72-8af9-659ff4a58864;False;133b89a1-a179-4641-8093-58c9a4f25af5;58944253200
9c126dc2-7f8b-4429-a58f-fa2fd698de31;True;c9bbcba0-c72f-4ad9-96a1-b8f78c07bdb3;74341354568
c523f70b-49fc-42bd-9182-3a77b94ca4c2;True;1c2a8130-4e89-479a-b6fc-71213b4af5b5;66242843292
cfd4b021-cf12-4d64-840d-da212ab7f6e9;True;1c6c8c65-3c4f-4727-a411-08b5534f26fd;94392160293
abda4208-237b-4445-aca1-6d7542562057;False;72def5fe-153f-43b2-aa1e-96073ceec860;93682943987
0d4a7ffc-60dc-4f97-bdf2-fb1bf0a7ac2e;True;5060c975-36b2-47b5-b7ad-3256b875845f;35034527846
3c84ef2e-b981-40d9-867f-abfa7bc24af0;True;c700ee60-2f9e-4f01-ba9b-3f3758ef4077;99262047150
fe4ec4c6-99a7-40a1-9efa-215f51d4d370;False;a1b16b56-97d6-4360-be0f-80a2d61bc93f;90405673427
eeb2ad13-3a72-46ff-a3f7-09c61b9dbd22;False;64414fc5-b51c-4976-8bcd-cace700864fb;44486673645
c0a0de24-49a8-42bc-a1cb-94554d6f2312;False;b1efa662-2974-4ecd-b1af-cd5eee3673a9;42429085018
be3ce922-ce96-4bfe-b4f5-715d98eb1761;False;3f9e7995-a46a-4fb6-ad82-9ec35a5ebc80;74571025448
0698bb6b-b12c-4502-a346-7a334af6464b;True;a2807c24-7b89-41de-992f-82f204bbb9d2;79849188739
e23e1420-3e60-45dd-99f3-12841e29f97c;False;bc2d5821-5b44-40e1-8f02-8e713f96fcbd;32796721773
199ec65f-63a6-4aa0-a7d1-fc2361cb1cf2;True;e1391648-0685-4a59-aaec-c7bf624cec6a;49358734856
56342460-935e-4995-8359-f993ff0ee012;True;7dd1ce89-2f3e-4c95-b7e3-5b14387c28c0;73932098366
0cfcea9e-078c-4d38-bb91-35b82fe99fd6;False;b0f28b40-0284-4ffb-a3a6-68ecb1e021f7;92337733559
c781793c-4b0a-4d1b-9d30-e2df2abfc903;False;614e9c30-68c8-4730-88c1-9f3d727f967b;76788960294
55d86500-9cbb-4c1d-aa3e-e58e42dab5c9;False;b9aeff70-a16e-4063-b272-6958881f5438;33458623327
7fe8cd71-6303-4934-b409-2cb3db3529c3;False;6c7a286c-49b4-4f63-af54-36d4af7ae051;53394194807
ee168070-22a2-4a87-ae0e-e30547f06207;True;547bba07-aa97-474a-a240-1050fb02f1ce;78006217168
29770ac5-ae94-4048-8f55-875806f1e774;False;dac94b42-b5be-48c9-9020-d3067d4f8546;37257041695
43d5293a-dff7-442d-9845-c699b5b92770;False;02a1b895-eb46-4fe3-a6ba-9a40f9266600;97561272326
41ce3857-b298-4a03-867f-ec3cd3876e01;False;c237c9f8-304c-4a4b-8937-27bc07600e4c;21866784173
270183a9-2816-4f50-a5cd-b00e2b086b34;False;02ab8022-d86f-4b11-a5ad-1aca2b8b2732;83874826358
0835acdd-824a-4ee4-91f2-7f95b65996d7;False;d326ab7e-7541-4501-aa73-0d3bdd903035;82832256897
9d3e1eee-1e49-4ca5-ad5b-9698ce50f44a;False;8cc1c1f8-6607-466e-bb84-06f0307bc1b9;34580298755
83af6251-fa7e-4011-8326-29f9bcfd093f;True;025f1736-ce96-464a-82e6-cce53a18cded;12595634316
7dd051bd-2c1d-4fc6-878c-1ce41e123491;True;7572a367-4fe4-4bbb-a6ba-1db585eb16d8;43185968283
ee988501-bc5a-4212-a973-cff81744b83d;True;e3943ddc-3400-423c-b493-7104b39389f9;18526986499
ffa394ab-8398-49b4-9954-e4d94f4f10cb;False;a736addb-3a3e-44b0-bf77-5028ccf5b732;45228328619
68cf5ad9-382b-4e6f-9153-0b16f32c3bc8;True;1981f306-525e-4d13-a3da-f2b63b433752;75600309968
36dcafb1-0792-4f59-8167-6624c837ca32;True;73ddc7a3-c533-4591-ab62-9f49ed7ffdd8;19163328009
f09b07f4-8686-41fb-9d84-b272da48064b;True;367c62c3-8d57-4ab6-864d-fd28cda79086;97080683771
f9acadfc-360f-4fe6-96d9-733f78751b5d;True;a2f999c1-2738-49b3-9b8f-291d2fb0e4dc;40626543321
068b4596-518a-4029-a961-f72ebe7c2a63;False;9f54b0dc-0eca-4b90-944a-5f9f9ee95793;74485232418
608c6685-f6bd-4ef2-9a3a-6b450c5341da;True;52cc359a-1e2a-4b71-a40d-1360cb311f2a;56543357113
37f31d10-a4b1-4d02-bf7d-2c0350d48405;False;deb700c3-6e6d-4d59-abbf-fe814e6837a0;77798810565
865822a9-1dda-4f56-b154-e8848dd9b843;True;3303dc46-ac59-4c29-8c7f-82d1fbf0e51e;41273116372
4d064db6-b705-4b9d-b51c-39159b4270ac;True;466da35c-15b6-4ca5-a266-f75605607d19;41955616579
dc3c8007-96d8-45ff-8ebe-58a69856d4e4;False;51864e97-7d4a-468d-adc5-6868badee3fa;31430072409
98a8f16d-2b56-4b11-8227-c1f3cabb1369;False;ada854b5-91db-46cf-a55b-37356c8cd6b0;17752323383
6259adce-e2be-4d83-b02b-b997111e708d;False;fb23614e-27de-4de9-b519-731d41503c52;28663482747
862ed1d0-eafb-4af3-9325-f229ccc73d7d;True;6f51177b-3180-486d-a0bc-748c1bfea31c;14827283533
df05e14b-df63-421e-9105-b94b38bccf02;True;cbc81716-a881-4421-ba58-5cce569f31a5;96950493619
c813127e-f71e-4f14-bbe9-75946692be75;False;871b6af1-8b39-4951-b005-20abe5d54cb9;10869838456
33ee9da1-6fb9-4423-98e5-433149dc4af4;True;5826ff21-59ba-4736-b1e8-3c88a327b2b1;81324290706
f836d223-acc7-4d0d-9532-3f4a27a4e275;False;871c400a-6da2-4457-9b50-ffb1dda7112e;87083952224
269af72f-d835-4b89-9f87-a7576ca0b0a9;True;8ed674de-9985-4af3-a74a-32d43f15d2dd;22944773009
688efc1b-2257-44cd-b7c4-cdf11035623d;False;209e9916-21cd-4705-8c0d-7770a942e00e;46625234629
4713f47b-5ecd-422e-9d53-9bd614c8b18b;True;7880c18b-97ec-46d2-80eb-7e92ba803eca;93402753610
d8a3bedb-c40f-41ce-9cc3-f97e007d23cd;True;b6683cbb-7429-4150-a944-5ab391051783;28783053078
66d1e0a5-ca5f-4aac-82d6-62a178c036db;False;5b1a5096-fd3b-4668-9486-a6190ebc7b47;64696155056
e4e384da-7bde-4e91-9832-9624b29811a3;False;5b557518-95be-4f33-9a9f-52b80205a45c;69419970562
4978d80f-7837-4e8a-905f-b214dac055e8;True;79457fd6-8090-4a4b-99b3-94eef6005e85;57359673540
23648251-8944-4641-952c-7ac9a61e62cd;True;6c3e7708-454f-4f17-8bc4-9cb2f681fbbb;76633940853
912885da-1d25-4d41-ab50-aef3706a0eb9;True;201f0130-4888-4234-b0d2-781ddb93d121;35367665205
cfdafa37-57b8-4e81-9858-1078a3be9655;True;93075bd0-32f8-4f93-afd0-fff1ce23dc2c;24499388572
f1646d24-2104-4cad-af73-e4e36cc91a9f;True;f4465bc8-99ad-4d63-b2d0-279de873a676;91528315357
0fa5059b-5840-49de-ae51-fe2e3b7bdd65;True;778094fa-98b2-44a7-bf67-232e591e6beb;61944158358
5d28e59a-fd0a-448b-acf2-9b1bae57a06c;False;f17e976f-c820-4c27-9bb1-77073ffab44e;74059522829
f6cb875d-5b6f-496f-8fa9-ece55474712a;True;5fce567a-6fa6-4bf3-84ff-d91db208ef94;10516753405
9d40dbc1-b938-43ea-9397-b29720c5b3ec;False;784b74ae-6900-4fd3-bf0a-bc836cf4f239;80752740939
aea9bfce-38bc-450f-a6e6-957633061d85;True;976edd58-4a7b-465d-9657-176b6b2d7b54;46304166621
dab0be0e-ff92-4451-ad34-45ba5323d03b;True;1632c474-223f-483b-a722-90aff9dc35fc;63150713727
8915c07d-30dd-48ec-a209-c15a7be00f22;True;1f28c58c-bf86-4475-8736-daf5d177d36a;10869838456
cf8eac8e-9b13-4708-8539-365bd23316be;True;633544e1-7e74-484a-be2d-1a4b7f197450;89160471438
22900ad6-aa21-44ca-b187-18861ef2410a;False;a520aefb-12d4-4477-b18f-ff63730d8114;76157955916
f285304a-9bb3-4150-a551-e3f81533129c;True;cac73d3c-224e-4777-84f4-05bd8297d73e;47254875817
a0fa71a7-4421-4dc3-869a-437370bbce62;False;29bf5af7-5386-44ee-82ee-053ccf49bd74;59237907304
3687b45f-1f1b-44c4-837b-d806d0682519;True;15326b05-c736-46d6-9387-83a191ab501d;75600309968
890ac6cb-398e-4612-9508-97ed87dc9d3c;True;918cddb9-5e78-41d1-a1b4-c326853545c2;57578638951
1b93cfc1-7ead-43ab-9642-f4aa48aa747f;False;67fa5104-0a0c-458a-924c-9041937b66c1;16647261391
b0aed0de-75ea-4024-851d-b8e06813902b;False;99371f77-cdfb-43dd-b38e-761bcf0c4eaa;54950278078
5f98fecc-7fbb-484c-8634-17dcb29dbe6c;True;04407892-6d89-42e2-b127-bed9cfa06ff1;88712298438
1bd275a0-3fb3-4d80-b2b7-99a3680be530;False;4dbcc5c5-254b-49c5-9337-c84e87b18736;79261566937
329cbed2-78eb-42f4-ba1b-c3fa074b7f65;False;7c5d3a8c-1903-460f-b497-a47de3004589;79879594060
74ec19d6-8eb5-41a8-a263-67f9450801f7;True;81cf9989-e805-4cff-9520-6698f5c1916b;97080683771
e0bf12dd-aef1-45bf-9f9f-377844b91207;True;dbdb7a2f-dde2-457b-b99f-3eeaee7aa5ce;60256518761
3303bb50-ea8c-41a6-b892-443bcea3a4b0;False;e469d894-06b6-4733-b819-30157e207362;10771989348
e70add0b-7452-436f-bdc2-e1ad01e18ece;False;35348863-08be-44d8-b7c7-369442c3badc;25136476015
f6612920-7d34-4af1-aa22-e199ba752498;False;643aa2d9-9268-4ded-9758-7e091bab38bd;64278230698
fa4bf2e3-7930-4608-9475-cd96198e5d09;True;edf882fb-7526-460d-9521-00c3d408ead6;13081596181
dea24353-0178-40a1-8a21-5eb1eb078403;False;162782e1-3cc0-42ee-959a-9ed29f30e27a;93296181939
4bef1bb3-185c-4835-bac4-d887e9fdfa6a;True;64574492-94a1-4aaf-a1e8-2266f9de23dc;54813432218
83750158-53b6-496b-afd4-90842d037eb2;True;ddbf6665-1815-4597-a196-c5880e0e14ef;13797641677
822ae5f5-c597-414d-8485-b99e681a5e8e;True;3e920f9f-201b-4674-8f3f-e526ca815ff7;74341354568
2746185c-d453-4530-be5b-ee38ae190c3a;True;d51983cf-6e88-4803-b977-5fd51427a1eb;86452534691
617bfb5c-2b3e-4802-8d59-23cc347616d8;True;22fa0735-bb90-4516-a604-479fa9cc19f2;17583330039
bacf4aaf-1d7e-46e7-9bdc-7b08820b4f71;False;00dbc37f-ce8b-4cd6-926c-814876c5ad37;86347555388
cef00871-5cad-4f53-86b6-7afbe267842e;True;bb965a47-89d0-4db4-8790-117cfae28d5c;34403193117
403ac936-2e78-4ae9-9b69-dab5bd20a578;False;a8abce03-2d5e-420d-ae14-d2412abfdad1;49805959292
1cf54e74-b0af-41d4-811e-27df1a6e3128;True;50586634-ee61-4d11-aa36-02e7b68e7b18;75740143643
af76feec-eceb-488c-afdc-99fcec47cbff;False;50dd8def-9ae5-4cd6-8a2e-547219bf4cba;81171250832
1310bc38-792e-484c-9b55-88888e8f8ab9;False;e73637c1-08fa-4531-9f2c-46a3437a0042;62379393134
83e5ff5b-eeae-4e5c-a428-c92b8b222bf9;False;ef0f7bf2-6079-4aa0-ab7b-2ea3ff8afb5b;48225748769
fe4c9dc1-5192-40c7-a6d2-6981c12f7217;True;a6a89867-5e17-4ee0-bdce-8574fab5bc4b;58520108212
cc4c4c27-993c-4113-907f-5ad301c3bc1b;False;86ae5fd4-617f-4ef6-a55b-e996fe682425;16647261391
92e13032-1451-4f6b-9da8-f9e91815350f;False;9eb3346a-06a0-4e10-8d73-bb157653eb05;32650949560
42ca2053-165d-432b-867d-fe412e9e0e57;True;32b98e44-3847-414e-9772-2110e1f07913;63321034524
36e8d9d1-d00b-486c-8950-0dba606a39ba;True;409f1a31-7c8a-4256-b8dc-dbb5236ff8aa;41945804897
e7b7d862-1eb3-4452-86cd-ba12005103d4;True;62d4c436-88ef-46dc-a8ea-acf58b55b4d0;60603604167
fcf9236c-b0ed-43c7-958b-d29a204c65ce;True;ce1325b7-32ca-44e1-93c1-427e13b835db;79628749329
924667a6-24b3-43d0-9138-11a43c34457c;True;702c1380-b275-4975-bc4c-4a2b2375c2f9;93445789256
ff9f4330-a8e9-45ce-8ae4-aa589310bbc0;True;d7e401d5-f2b9-4aa0-bce2-4f2d7d7a0e1c;48824930233
9c411d5a-5b4b-4db4-a8d7-2026fad0e660;True;71fbba0a-df8e-441e-8786-7aba2f7cd2bc;66606557406
4f37dcff-1bce-40d6-8a9a-ebae1bbfd591;False;58057894-cc8a-47fb-87e9-5c5d30ce4de1;86000005518
c043ee3c-3a30-4f1d-bedf-eec8a7fd761f;True;9f8dca3a-b431-4e6a-a9db-f94388dea984;84272101411
cfcba2e5-8b54-4c99-8021-0b1be14e4e62;True;ab904bf0-67e0-4d80-849a-1cdd5d6ce78f;73117743928
bb65c4bb-8dbb-4fdf-b78b-fa2cdf443091;False;ea36e851-1a33-4107-a2f8-ef0753d0a926;79849188739
58ab76de-5037-456b-951c-88c20929b02f;True;beea36e9-e4b9-444f-abee-8147e4ab4e3b;51521342615
61a06d16-51a1-49f0-8b70-5dc0f8c73dc5;False;bbe5127e-3548-4ceb-9d9b-1d9ce341c2ea;23209506353
74bfb02e-937f-4791-9bad-5b8a664e4738;True;60bce897-9662-4beb-b6db-84f315472e86;97370485909
79e8561b-0aa1-4550-afc4-3d750184d0e2;True;4408f38e-7074-4594-ab5c-2a7ee47466c9;74341354568
eb2a2d14-dee7-434c-825c-7173d05ed09e;True;61d16b2e-5c3b-46d4-95a1-5f490b41e80b;60603604167
0fb6420c-bbf3-4dd3-be1c-1ca8789b4d37;False;88a52751-8860-46b3-abfb-6b144abc0ffc;51521342615
0329f36a-de59-4091-8c19-4efb1fa9cabb;False;fe8281fd-a693-477d-8ea6-2c8c406cd4eb;84547544916
d4558f08-0978-46d4-aaa1-486e5f7760e9;True;ae7105e1-249d-430f-a56f-302820b792c4;54267620937
a867ee27-3a81-48af-83aa-a817d51e89b3;True;03e23fa2-3e98-44ed-9a39-b39dac044d05;96752586786
ed4007cc-8273-45cc-b6f1-03f508398553;True;48ce1193-2ded-48e5-ac9d-eb39a862d8f2;34156958983
fafed518-3e9e-45be-867e-ac96bad6ab18;False;8da50e96-b838-4d88-bd46-e86724d3ea29;73972599557
e60e01cc-480b-42cf-83e9-790eef468f1f;False;a96889f1-28bb-4012-b13f-b5d8c85660dd;12881726557
6932900c-0a2b-4b87-9846-b341fcb98cd4;False;30a5b992-c953-4c79-8fa8-02cb09240a15;98102742633
262144c3-00c8-449b-8c9e-cc26abe95ca9;False;704aeecd-3101-42e3-935a-f141f63249c4;40712352809
d9ae08fa-ff8a-4c91-aa73-7866a0de4da7;True;4dbd6b6b-2554-49d7-a1ac-9cc3d4eaeb9d;48824930233
0fe4044b-775f-4f68-a95b-5b9249b42964;False;26a7190c-2b6e-437a-b90e-70f6c7eb842f;84386713317
6b7d5073-fd63-4768-a4ca-bb6cebcc1c64;False;625e44c3-2c33-4e34-8c80-ee530a6477b2;96688432082
ea0da0d9-e17a-4509-91c3-15f23d15b383;False;92f0d034-986b-4186-a060-4957eba67536;16847346577
d8c4b104-b188-46fd-9cb5-90e088814554;False;274777f8-6818-4089-8124-e1195d251048;55295404300
c9202d9b-bfba-45e3-9972-e0624041440f;False;1f2e7356-037e-4d75-940b-1b5d02347a73;78652995958
86fce0bb-b2b1-4291-b491-81bd2f99e764;True;971bc30e-5fd6-4f12-a83d-be408354c485;43391003774
1e0d5062-cb90-4753-bd05-6a1d8eabbf2c;True;56bfed33-4fc3-4f4e-a238-0ca1c588a666;85556295617
5593c4c2-2b1b-4bdc-8ce0-9c38880fcd35;True;2b924c3d-76a7-432e-b6ba-3299acf30c89;69419970562
27ea9b4f-bfc9-4f1d-93b4-572f9c36cbbd;False;0370151f-fdeb-4765-ba15-0c28b6877201;30908584294
b7c8387a-e31a-4354-a5cd-a1444ab5bffe;False;19ff68d6-d6d0-4ab2-8336-2cb53b2818a1;24499388572
7144ea69-abf9-48fc-a6aa-b7be7adb2481;False;b9a041bb-cee9-49b0-8a41-b1fb45177fa0;85556295617
7aeb94b1-987e-46fa-8b01-251ab9b7be8b;True;f10709d1-7dc3-43ea-9de8-a46f749c9a58;42429085018
9c744ba4-3fe5-454b-b568-a7843bb5e08f;True;2832b5e9-def5-493c-baed-012cc865c622;74571025448
d91b37b7-646d-4fb7-9f4e-f590b1ab4245;True;8cef7a6b-56fc-4519-8075-a661519ebb18;93289227242
af9b92b7-2b94-4065-9c0b-1bcc9fbadac6;False;e3d652d9-4764-49f0-90dd-65bfb1d36f36;90397219825
50abcd72-b11b-4780-b208-2ae7091254c7;False;dcbf95e6-ea06-427e-a79d-67bd0a324fef;30222729386
b5aa6e81-840f-461a-96b8-9840680350e7;True;9941dc76-3bcd-4e50-8428-c6212a4fbbaa;16647261391
2224f9ea-48e7-47d7-a8a7-555f7e0d66e5;False;bb8a7949-231a-4dbd-820d-48bd16fab963;56143158504
91fcb88e-f319-4e31-bc04-8fca396292de;True;4ba03504-4e0c-4626-b028-b0fa38271eb6;96950493619
a96d6c79-cbd4-458f-9ed8-8d86b1c6edda;True;a1a32cad-b9a5-42d9-821c-c555ce0dc634;91956452733
d53bb3f9-f022-4e0e-a717-ee404b0ccc1e;False;88d7da7f-c527-4fc1-b0fe-7254a3605c0a;64842053516
4870a670-8265-448a-bf46-484a0313d7df;False;a89f95fb-396f-43c4-9714-6136d3b58059;98865018430
20c30665-2edc-466c-8edf-d1fecaafb446;True;1b9dedd5-33ed-4d51-86d0-5f4b83d90e2b;32560348955
c8e47a5d-9e6b-4e22-9fcc-e18c16e2cbee;True;d0125448-a24a-4b66-b721-fc73a5286e52;54267620937
09b7efec-6707-4e82-9e4a-e21ba696f0c6;True;7dcc369b-c041-49eb-b9c1-6572818806c1;59156403123
f463d1dc-0152-4af2-aa5d-def268ebcc3a;False;159ebc44-19d0-4873-90eb-c7100f1f04d8;11522976964
86d99dfb-d018-46f4-9942-fa830811d361;True;0fd42142-3e9d-4a3d-a881-d46d04adfaa6;25136476015
3b8ebd28-58c9-4ee9-8090-a9c09e05eb62;True;4b7aa32b-3237-4e63-86bc-64c7ccbe878d;35397667120
c31c1625-cae1-420b-89be-65318f48d1ae;False;f39cce49-3941-4522-a329-d8fc04ae4772;29055334860
b62b92ae-6ce1-411b-b529-bafa0bf40098;True;a1038dad-ce8b-4f81-8105-81ca062a0682;76788886096
644f36a3-397e-4d8b-918c-7b99f88536c7;False;d3f197e5-4dfd-4c3c-9a79-080f8bf5ae7a;53313447128
c29e6fa8-ed46-4c31-b52c-ef0fb876dbd1;True;6633f39f-9517-444d-83fd-635e5c412fe5;68227664022
f8ddd8b5-c697-4764-b81e-5c3c282cce35;False;552e9154-6c6c-47d3-b98f-cd102db047e5;46639099017
38e422ec-e05d-4d7b-bf3b-745c4ab309ab;False;5bb2b706-c3db-4cd1-a7dc-cb5c321f4916;36704294719
c543414a-381f-44fd-956b-92471c9dca14;True;d8b0b636-5e3f-44a1-beb6-083fcd910764;14679225521
b5cb9a97-9eb9-4073-88b8-978293d34146;False;a9be9f1a-6d2e-4333-8b21-ee648d3f1b44;73720552627
7fe5fba7-c602-41e1-bb92-eb9d932ec70d;False;658c0ed3-be3e-44f9-ad07-32cb58b76200;59601290039
1e512ba3-ba98-4672-8e35-e33b54cf44d3;True;2b7ee32b-dcaf-45ac-a0a2-c6156626a5d7;62863886812
ee3666af-3383-475c-a597-61150189d851;True;d19896f3-f625-4e34-b811-db15e87b2290;64489443087
621c375d-e754-4a5a-82d4-4f0903952fe3;True;1c3e1309-8aa3-44db-93c5-6d686ef3dea8;59237907304
2d63a47c-ab5f-4d5f-bf20-883ce106ff0f;True;0729673e-3314-4bb6-9b81-b198e442db7a;33661688135
b68073a8-7991-4749-818d-a470a402c454;False;7e008f73-2acf-4fb6-827f-7922e41ab73f;82832256897
8651359b-c7ac-4b09-aeba-e225077c1a6a;False;bb34acdb-40b2-44fe-bf7d-7ddc4b834407;90324431060
a81db657-8c70-4f0d-a80d-7b7fa5334fa1;False;88f67ffa-5638-4fda-8ff7-76f60f52977c;21707375517
33d17e37-a2d4-4f6a-b7fb-9f9b98e0ed25;False;282b71f2-8b96-4760-940c-9534e9bceaad;13915555476
bbd8249e-a79b-4d9b-8355-8b005ce643df;False;09e21e73-0b6c-4a87-af04-891ecf9b5a0c;25969869847
06d944f8-b419-4b6e-b9b2-acb8d4441c5e;True;574c03e6-45a0-4c62-8b23-e86bc40d6825;24898074180
10e094f6-71da-4107-91e4-58b279443099;False;231032cf-2074-410f-b08d-40ef1ae1432f;75903289972
49e74a32-2ec6-497f-bdcd-8e91acd550c1;False;359e5586-dd46-4ad3-a6ba-da5926e2c4ff;25678849280
e1589fec-8473-4bf3-b4cb-c0e189146743;False;f2e9da86-afda-4f81-9543-dc61b2032bdc;49717729172
622a2fa3-f854-46e7-8b02-547c2b826e85;False;4fdd3207-d7df-4894-9253-19383d23045c;96997872871
e8a67ce0-d65b-4cf9-be5c-1759eb3d7145;False;69813cc6-6a38-48e6-b8a2-c38e34864783;88549181632
8b4ac3da-6cf1-44d7-b078-bff87b4ab594;False;e460d06e-07a8-4665-a814-9c92eef65c4e;87262412676
d9d810fc-e48f-4c4b-864c-8cb63dcbbec2;True;67b34128-66a7-42a5-b3fe-64e05fb56c2f;64705093444
229fe6c6-155e-4205-8f6e-f0c40dab302b;False;81fca273-f32b-41cf-8ed1-1310c9905064;84862921040
f45f202e-ff9b-4fd9-87e9-9ff0d1d8bfc0;True;3331fb89-0b25-4a13-b8ca-b71fcef69aae;49847126151
d1d11912-0faa-4e13-a168-e192f8303142;False;14243a35-f5dc-4857-916f-49de558ffd01;28663482747
902d44d5-0146-463a-ab83-fd4d43ba3304;True;e2edcd31-ad4b-4f62-9ac3-751b9f5250eb;12240625355
24161c40-d6d1-478c-bf18-bc78114813dd;False;bfa4667f-34de-481c-9cf4-ce6b66f4e18f;60406115262
d8afa3e0-08df-4f49-b44c-3264d85e50d6;True;c74eccf0-a3e2-44c9-99e0-cb4206cd8f0b;90324431060
adfd6fa5-ce54-477a-940e-a81e728d30bc;True;7b875b9c-0b42-4219-94ca-781ed8c4f3c4;30893138953
8bc87878-9303-4e72-a787-ce8c6bd9948e;True;bfb82c4f-8255-4e21-8877-6c6fe88a9d27;91152626696
f55f700e-2a73-436d-86ba-bba8aff24844;False;a35fd8f0-637a-4cb1-9946-6d5fe983fd35;47080186098
dc980175-e09d-4a0c-b671-d77cbd33d46e;True;3f1b7dae-b2de-4fa5-bb66-0cc31bcd3688;22236245063
a393c3bd-9e20-4f47-b0ac-719cfbc962f2;True;065feff1-377f-41ad-b0b1-4baf93554cfc;52927692786
fbbeec42-a879-44a0-8fd0-3e20197f03d0;False;40443453-e38a-40af-959c-7cdf59744852;75393752301
611bb296-e610-4316-a8a0-8e16300a1f0e;True;99c9d4d8-6c1a-4926-aa5a-31c99ee5c889;68278290820
786e1fac-4f69-4331-903d-ffaab3d2118c;True;60e9aa4b-12ec-487d-9e52-77773e20065e;13419982538
32f1974d-e8ab-4157-8d67-c82b7882cd14;False;794fbb37-147a-429d-b065-b2353aa26044;86213809582
0d088e1a-ac05-4be7-a8aa-fc88804919ad;False;cf8a7d8a-b03c-463a-8c30-40bcfdfcdaef;76213642045
fe9272fd-cbf0-44ff-a3f2-007eca8cde49;False;31279f07-9f8a-4be9-b678-2aaa1097f315;46825631076
dea6a009-6da5-49bc-abf8-c01a62de59bd;True;c2190218-451f-413c-b6b0-df8dc0bdfa8c;99744329254
dafba3f5-da09-40f0-9919-2c628fef89a3;True;80fba623-a322-4962-bb36-4415ab49095a;30249871604
c1eddf3b-493d-4a41-8fc1-277f3d282d2a;True;fed58233-2028-4717-809a-87738a97b663;38464691602
6b825af9-cd48-4b95-bc13-638cb4aa6c65;True;6d4e9931-85bd-4880-8032-542bea1332d0;83080344766
3003ca03-46a1-43d5-aa49-e3060773d25b;False;bf0d768b-7cba-46a0-b343-410e79b9c2c8;86712114521
3f90fdb8-4ca0-49b7-bda7-2dba8b7764da;False;d8c1a3a1-1e32-49fd-bc5a-b6fe21321c24;74269547222
3fc6c824-08bf-4dfc-9f5a-263f17e2cdb0;True;25167560-9a90-482b-a619-0cd2538cd2b8;49943314636
7b6258fc-5507-4bf3-aa0c-65c7e68baff3;True;a3876519-cb6f-4d02-9c53-d4b991447da2;54813432218
c3e441b7-018b-447a-a6ed-e3a2e65ee34c;True;960fe9f2-bb0a-4974-9832-41261a47a50a;77845482726
df696dec-e21f-4fff-98e6-edadff814cd6;False;2923e470-9670-4066-9118-e5a8a9c124dc;49909341620
09a93103-47e3-4366-94d3-b8b007aee7ea;False;0e62a6fd-c682-4068-89eb-d06aea8fd684;17197210014
7613c054-ff6b-4eee-b9f4-d5fdc4c703f3;False;8bacd85f-d949-4be3-a077-6cee6c491088;57578638951
6a5aa9b7-e208-494e-8e46-b4f7e92b07da;False;f5db8d7b-f555-4028-b7da-050df7c01a23;17068754137
bbab6c73-d2b2-445f-9640-b1b1af21ca38;False;d6779d64-d3d1-49d6-8024-ab56645d7f5b;23994438257
d9b69464-5419-47c5-a73b-58fe1c618b87;False;ba2966dd-b2ef-4c66-9689-341a5e42a4b9;89972284649
b8c7f20f-d81c-492e-95e0-cc1a13dddc06;False;2b90b916-92b9-4705-890a-cd2a3eb376ab;59558706672
34778b0c-ee58-45a7-8c51-508d1a5d22be;True;820d4ac3-b247-4820-b4c1-0a8142dd2196;66203805808
41f6c89c-9ee1-4c17-aee1-e0afbad6130f;False;13d8d6c9-ddc7-40a7-9ac9-6f40b5e183c8;64617885707
98454d42-6a62-49e4-a6a3-715657d720d8;False;6191547d-f471-4a19-a2e9-d900da78a1bb;98541910393
22385c01-767a-4ef2-8689-77e0f157f99a;True;7b5b1866-8a1d-4b25-a9bb-c7b21f5145ce;54543969415
b0ac5642-174c-4de8-92bf-aeb8f5e3f3b6;True;bf7a1168-c1d2-41ca-b097-2f482801f8ba;67989312997
224363f8-0865-414b-ab0e-128d5f0f3c28;True;12d29bb4-8130-4224-8aa9-949ff37248e6;14969254014
e2c530f3-ac53-4542-bd9d-88d49fbd1d2f;True;44ebb78d-3710-4610-a392-894861344f97;40288465466
a4cc0fb9-8724-4ecc-ae63-0395de8db8b2;False;8e5e65c4-f134-4b9a-832c-9fae6ccbfb68;56320610142
d71166af-143c-44fc-9b6a-f0b58dedb4f9;True;92c9a3c4-37b4-4f54-9b0c-ddf9de7c525d;81323404572
84d37be3-7ea2-4d6e-81c1-701b59d6f125;False;2c02af95-2ac7-40e6-a1fc-eb909f6238e7;68718595726
ff9edc68-6517-4097-bbc8-b5d5873695ba;True;84d3f4dd-43fd-4aff-a552-b9013a5a937e;81452960554
cfce02e7-6b8c-4952-9b74-6d182ea70409;True;e60dbc9b-bcc0-4a22-bf13-78ecae1a239b;37039601335
c4dfaffc-1ee6-484a-9167-452c5c8ee7b7;False;b1ea2f7e-955c-446c-96ee-8b08619ff00c;93895584196
848c827f-4ede-476b-908d-abdec5fd6c29;False;fbc0e19a-95d1-4aaf-9e09-536217e26f79;15192206845
1a4a1cd1-db45-456d-9da9-f9b4fc57b855;False;4b476556-b1e3-4f5a-bf10-0dce3704af86;69301590183
de0bcdee-b0cd-445f-a9da-36737898ed64;False;6b9fbff2-0874-4a5e-8e0c-36c84694effb;55295404300
0bbec0f0-b8bb-46b2-b1d2-0155eff8787e;False;3eb5c83e-9345-4805-8531-65827d7bdd31;33571487654
2ddba927-32bf-4a12-bfe8-01a45bbe0a7e;True;9b5bcf3f-39a1-4a60-9017-3e1211712d0d;22372374949
7e783cc8-20ce-4924-9354-080345545a96;False;72e909c7-de3a-40f4-bc67-4efc0d8a785d;18788329513
71d0ca8a-f6b3-43f5-841b-b3dfad714588;False;cbefe5ad-9d25-4e44-9d64-316365129574;75393752301
5d9c59f7-c4c6-472b-be45-3dcdf82f1e40;True;cfa4b885-4ca5-4ca2-933b-a1d8e6d1a518;18788329513
8699b67d-246e-41ad-a88f-9e47f2780ee9;False;98dd6b74-7207-438c-b8c7-e21af3804c7a;58368831664
fb3e00f3-29e3-4289-8e74-66fe4b5a04bf;False;873db785-040f-4d9d-96d0-144a141f64e1;73271215611
b69b2175-825a-4c9d-a9e2-c3d24cca8ed8;False;9d372a3a-e967-4df5-bd32-989bd98984e4;72738102927
266ef326-968a-49e7-950e-3ca54310b1f5;True;f4e783ea-5d97-4213-bc1e-e213e6db3251;64404587912
b1ba835c-885b-4973-8dab-11c225569697;False;824b7a47-06f5-4107-8ae9-77863913a274;57480451030
e4e3f533-d9cd-4424-8e8e-5631f60010cd;False;525c0806-bbf3-4d47-a3e5-2c3933a427d2;87834739608
e493ebe1-3880-4843-bc28-11979a957b54;False;410f6bb9-11d5-4011-8a58-51694039b181;70839327422
16a47058-3a63-4f79-9c8d-728a7598050a;False;fb2a8e8b-40ee-4716-a7fe-a7817154a308;91528315357
bfbfd4fd-0aa3-43a8-81e7-fa44490fc185;True;2a8bcb40-49eb-4b7f-97cd-2658a99ac88f;10868503276
3977abb2-6992-4488-ae37-d7761d9ca6ac;True;28160d49-15be-4513-9c04-2c92bb8be2f2;14111432947
df6a08c0-c055-4650-9934-f0a44d6b7d60;False;0731692b-f57c-45aa-afc1-3f1e3829c0a6;12856512475
a55fec05-d18d-4d72-b155-558263621e13;True;2fb79d7a-59ea-4b41-b396-8b88535af027;66345426582
8435ae96-77f5-49e9-86b6-e75ac2e08967;True;153c8bc0-d92c-422c-84eb-915ce6038099;49847126151
bc5eb6c9-e6c0-4e4f-97df-184d57b7cd38;False;be925f15-7da1-4625-ba23-3dce3f2f2c76;74571025448
2a4e9bcf-d182-4318-9708-ee07dc90304e;True;e66cd1a2-6d70-46a6-8601-958cb632399c;18788329513
9530d9c3-fcfc-4442-a327-ac2d880c1cb8;False;0c7a1064-6950-4a03-9954-1c05610009c2;52412619962
a8bcbc5f-8871-4573-93e9-184af5a3b708;False;df217f6c-0d0d-4a0f-94b1-2c201f856131;53659393120
a4467876-2d66-41d6-af52-bf23ed65e70c;False;f5d183e0-3a68-478a-a855-a0ef9ee5ff3c;90397219825
b28e7467-c227-4fc9-be8f-187e58015dbb;True;067930f6-d5e0-4a9c-968e-9715b74c027f;83703994008
cc5a41a0-ae4f-462a-b5f9-91ec3c163add;False;74bbcf54-429f-41c2-bad2-a5d0e21c78c0;67989312997
ada55834-d097-411f-950e-8138aefb8275;False;9782f9eb-44f1-4187-960b-132ee1ee4a75;92376615791
6f4c9202-d4f3-4ab2-b4e9-4efe4200986c;True;5858a5e9-2c74-4191-9ba4-19e5ac87d710;79891688380
68272396-58b7-4c14-800e-d653cd2778e0;False;2d5cb5ca-5a2c-446d-a663-ef85e184862f;21419279019
6f6b39bd-7f96-4d09-9131-4e75285feda1;True;b6a6577a-ebce-4ec9-b70a-a056512e4fad;82790082862
ea6e1f32-ef09-4cc6-8292-abef65254d4d;True;69646f90-d455-4390-9543-56f5e6095cae;12267015934
11f6d54d-daaa-4e5f-815e-857f4e794bf8;False;0f3fb06e-ca03-41b5-9b45-36ded6656797;34082008428
b2b76137-9320-4f46-9861-89b5b42183dd;False;3b3231fd-6694-43b9-b7f4-3cc5e9f69b23;99744329254
78ae48d3-fccd-47f5-98db-17370b7409a9;True;9fdf9d2c-7e21-490a-98ed-ef18e10cf88b;17360483423
4eabd4a3-df8e-4b08-8ddd-3b5c7cc799a8;False;f0d411c6-bc89-4891-9a67-9f20f3239ebd;70787068843
94e5c181-f293-48c2-a679-04b499862c38;True;eb1d8da4-57b5-42a4-9a30-16f2f78d12a1;94713624770
bde40ae3-e933-4f33-a6df-27a1a9590aad;True;b655b49d-f34b-4b7e-bbd0-ec7e9255e37d;74664118434
411eab3e-a70b-4959-bdd2-c06616b23f65;True;ac4f6a92-11a6-4548-a7a2-c2f3f6c5d3c5;17031102327
931bf00d-b192-42f4-97fc-8362e4ddc97f;False;a5026e2f-714c-400c-91e6-3d909afac9a1;43327431808
0db77308-6fc4-415b-8d50-5a949c5a41fc;False;e52599d4-075d-4558-b052-48b5403e32de;66053936496
b708d2a6-de3b-42b8-9eef-47b40e94181b;True;0e2de711-a30b-4cb3-912d-8dea26ecf330;61120480264
1dc74bd9-e822-40f6-91fd-2e386a34151f;True;16c8316c-22fd-49ad-9e25-08b8972fe3c4;61376000992
32fe9648-ff1e-40ef-aca3-efac508a5df9;True;e3a45af2-3a1f-4249-80ea-98ab50c2964c;42361913671
2789244e-b509-4e85-8688-707efeeead5e;True;a58e2eca-c4d0-49cb-bea4-c5efecd6384a;66606557406
87a576ce-b02e-4fe8-9672-06b7a963f7b8;False;1ba26a5b-31de-42ed-b611-30044aaaec87;56617512651
0b52efc9-373b-4dd8-b11f-4568d0257cbc;True;da30ac8a-0285-44ba-9cce-4096bb6f0702;57866922780
e11f70d6-f926-4927-8898-c8d8b119d3fb;False;0b623f44-2390-49bd-bcf9-9be11c235814;89043248993
080b5b65-481a-43b8-a0eb-04e606cb958b;True;19a82647-636e-49a6-b6e1-0e00e82104b0;22334512898
5bf04732-62cd-4ef6-a759-ec616668d404;True;0df3e0a1-d296-4abd-b745-df9c60ea9853;41273116372
b897d240-2568-43c3-95fd-fb360a71e11c;True;db3ce16b-720f-4fe8-a016-306d16b2b2bc;43115969630
ac41bc74-25cd-47ff-b180-94b5d52ec797;True;f37a7ade-690f-42a5-af06-bd956202df29;10397408915
94861ebf-877f-4b61-9f0c-58c30ed9983c;False;1723aaca-8f24-496c-aa69-b6031bada261;51578103654
436c49b3-90c4-41db-80d4-6ebae125acae;False;32aefe95-6909-497e-a11e-1d4890d1de46;97266839141
534e9983-0720-4e9d-9032-bf8ddda9f952;False;8bd5e79d-e5c7-455b-8d09-fe2d5e760f98;19163328009
87e1bf6c-a251-4906-9b13-48e13d6b87cd;True;3c07d696-50cc-4a30-8c4b-39c787e21fe8;91552095789
b48e4580-1a86-4ce2-a5e9-55be279a1ffd;False;3e71734f-1f23-402e-80ac-cf2df2a4155b;40616390997
4ccd0ecb-1eb5-410a-a890-0fba77b83b71;False;52ebea4c-5ba7-4dbc-9f3e-4c220954575e;76633940853
ca95feea-c354-4463-8ed1-ce1e1589a3c1;True;0dd80bf1-df26-4467-b982-70ddc97949e7;24898074180
4330da9c-28df-4648-affd-ef256001a6f7;True;1081f4fe-089a-4cf1-8238-e070c1daa712;34580298755
13d2a0f4-f303-4a5a-b5c8-c991c1390955;False;f6be7fb6-fc49-4486-954e-24566da3a638;55664968451
ad162ac3-5a46-4677-bb6b-d8d659c3f508;False;c22239aa-ff0f-4bc4-81e2-b32bd1f25b4c;91528315357
faba44bd-8547-43b5-86f2-fbe8df49928b;True;6c20de59-6363-463a-a9a3-8462bd73eae9;63321034524
b154bc4b-347b-42dd-bccc-e5d78c68b56e;True;852b8ff8-1568-42d0-8e27-cd226614620f;96084052780
557f66a4-bc4d-420c-a21d-f9787881aed6;False;00dddfcb-e4e0-440e-bdd0-c2a5b2471428;67137394834
f75f8487-b337-40a4-88f0-6e054211c2a4;True;d870dfea-71dd-443b-a4a5-a1dae7ffc24d;63777244096
b627b640-678b-45bd-a54b-b9226189c3ec;True;332d32b2-e621-4007-8b47-7d2b66356ab6;74576356399
a5402845-f56a-4dfb-b5b1-95b9fd72931c;False;49ec721d-d22c-4fc5-98b7-a90db7ae3134;30995597728
bdf8e1ee-279b-4a6c-bc7c-762c47ec5ab2;True;d6dcb28f-8278-4686-ad0b-4cd3638cf064;57359673540
98e45049-9090-40c7-8005-7716d878cc6b;False;6feb40df-8426-4e7e-99d5-61bc3d85475e;95440460461
f0fd4da9-c8e7-4d19-85ee-8b7b35aaf4cc;True;bd44cf4c-2e09-45ae-b4c0-8e49233d12f7;83848184028
fec5dc0d-a181-44a4-bc7f-e47b838a7a3c;False;46e53ac9-457a-4886-b5b3-d7fd132be56d;44362524049
78610559-a15a-467c-9419-3f7177f4d8b2;False;98fec23b-2c8c-47d6-aaaf-615f863983a4;13710375577
19c79517-f987-49b6-8a73-10cb0e7d97c1;True;0b05a0b7-cc6d-45c0-8ef3-0332c25d09e7;76633940853
376ca477-b413-4cc6-a96c-5e6aef7e9c2e;False;ab2e87a6-0a44-420a-9c84-48f0f4d6ec01;14397662481
cc1ad0dd-5907-4d88-a75d-1845e947e904;False;0343fe1c-c9df-4ff1-8824-b0bf6a45ab9e;45486118954
6e61197b-4fbb-4a0a-ab93-f039737e406c;True;74cff5ea-cfd2-448e-9c14-66e13c9075f4;25606882151
d81e43c6-893f-4cb2-92c0-d9621410d1da;False;cc735812-8aa4-453b-8188-546786485ac2;11522976964
a7a50323-c427-4d67-8a96-18485283819a;True;9cc9e5f9-ffcd-44e0-b465-42947d7fbefd;91993853247
3ff1bbd5-03ee-4fbd-9210-e1d1e1054b68;True;5eacd6f4-85c2-4f78-89fd-53798800370e;46011167217
ebdba218-bd91-4b3f-a3ac-ce1e8deeecb9;False;1d317af4-e281-41f8-815b-47a37b0c0c33;89043248993
a3ce48b0-8d8e-482b-a9a9-6855fe2dc1d5;False;d25ce37e-2642-4291-9243-853a538580df;26259372854
8410a5ab-df81-4601-a625-76644dd4195a;False;e5c4f6b7-621b-47fd-9b32-23ae02c02c5b;65298138300
f410acbd-0233-4c82-b9e4-fa1063fbda43;False;d8ca12b6-99ce-4a24-97c3-0705724ca665;22915719831
e0310d13-2384-4867-953a-b0ec6311e62e;False;5fe6e4b2-d683-40de-b5dc-6222e602aa8d;34830865151
239548aa-c94a-4512-bde9-541e114924eb;True;b203208e-2e10-4dd9-a9b3-2da7b99a0dfd;37846007160
2e3483a4-78ab-49f2-b333-f80c6ba1849a;True;083c440f-3c8d-4c11-b0cf-90e52e736ece;56641963902
e7a781ae-8c45-42b7-8b5d-eb1b8d6581f4;False;6f9ee9df-a499-44c3-9aba-8d2e9af30fa3;71849221420
f651efab-b433-4b8f-8789-00193ae17cba;False;56e0635b-2dd5-4c02-a4af-79ecbd73cf57;85131903110
412460c5-4014-48f1-9f5b-dede165e1671;False;80027d48-3076-43c7-8659-6d4bf547f535;88523097471
5bb5c8b3-b04c-4672-bf41-7af0ffb35ede;True;a200093a-315b-4a33-ad90-6d6f475d76c6;14969254014
ed086d2b-7fbe-4bf1-a7e3-8c07ca21c83c;True;2238d64f-4a8f-42c4-9b03-7d412ae0daac;32511407071
cc24f989-624b-4109-85c5-94f0751d0dfe;False;46044115-5032-44c4-8fe6-6da5c83f7146;92994711205
be4f0c22-adb3-4c8c-8ff5-ff459ab376f7;True;e03dc887-cc66-4883-9a43-bee49af4fb91;46087973394
dec03f5e-b99c-4890-8067-5028c205b900;False;41b98bcc-e5ac-4f2a-80a3-271dbbb5c229;49358734856
fbf43856-e804-4fea-8224-fbd620c02c91;False;948910b8-1a74-4fc8-86a4-b9342003ad47;73972599557
bfcb0982-20d6-46b3-bb59-9d9028d9af2b;True;d5b491e4-160a-4603-8605-a6eed6656426;93069635812
9fbc9667-9dce-4cd1-9060-03436c409b9c;True;f1653662-c46c-441b-90d6-4b5fda4f05a1;43547903394
3efcd5aa-d3bf-44ea-a9b2-685b5cf49a8c;True;7da9890e-8cac-486b-957b-2a9a50e49c62;10262879551
a71073ec-68c0-4a70-b5a2-e4f014b1ff19;False;f7072332-ca0c-4778-9636-e13cdf550d10;47837814284
df081509-f310-4b07-95d9-3069690e766d;True;29878a65-17e5-44c5-932a-911140004ba2;99780458646
ea6c1556-752b-4688-b41d-ddf4945bfde9;True;fdb3b9f2-d0fb-4492-b68e-6e08a726327d;30995597728
8aff7fb9-008c-4ee3-97d2-81a663fa1d70;True;a0aa22a0-1935-4461-abee-92be08be3567;75621817851
c4c2ad8e-5af4-420c-b0b1-2cddeca9f274;True;ca2a49da-1b95-44d0-b81a-62ead3e6ea88;20372818520
bb1464c7-3eef-4877-a5ec-d2a2e323601f;True;60318bcb-6938-48f9-b0e2-64fd5ef72f64;86468971548
b09424fe-2c19-44fc-98c1-a23ed850f9df;True;25597488-d932-4e32-b974-89b1930620bc;33458623327
c037d7ae-631b-4a2c-939c-aa9c659b2c7f;True;a84e5e9c-ba97-4dd9-98fa-02393b80a285;71573269271
67575fd1-6c15-42ad-a96a-cff66798e7dc;True;87040c4e-0b98-47db-912b-d83dbba488b1;87218062819
520bb3a1-4bd5-4654-a132-d4741a026cce;False;ee46948b-ee28-4e13-93ec-7c3309d3ec6c;84323130633
d4015cf5-1163-40b6-88a3-12f61c567c5a;False;6fa323a1-bad1-4461-95e6-6284c02e9b9c;13797641677
7765508f-b242-426d-9c63-2264174ab4d8;True;3b22451d-2cd3-4dab-8b40-399af0d4b55a;83453944938
d3d1005f-0ced-4158-92f4-0c1d621b5aaa;True;a2e2a7c2-9acc-4502-a5f8-1c72df044f32;91059072625
b0c8a567-f10d-4271-b80a-a4652f4be761;True;ea1f53f6-3b1e-4aa2-9a5a-6f8182e7cdad;85993574693
b2b0fc5a-b78b-4bea-987d-bc0939af93b9;False;ea846b00-9c61-4a1d-8dea-ed1178c1c399;52326358113
a1983d0a-585a-41cb-a93d-a7d75e769d31;True;0568d5fd-4a22-4491-afee-4c22fee2645f;37846007160
4bcb7739-0007-4aa3-9488-3f6a4f69d5be;False;3a292926-50f9-4791-996e-5ecd9916fe04;70279349906
af644f1e-6821-48d4-ba88-a304b0088767;True;15a4ec9e-8251-4ffc-bb5f-b8dbfbaf51a0;99521117637
403f932f-be6c-4c3e-9d84-9143a7e15cd1;False;3cdcd1d0-8d6c-4612-9e04-bccffb22b8fd;43707561285
a7b722b4-bb99-45c0-86f7-f5c7a5cec746;False;42923a2b-eee0-4719-ba74-4ce5142fea89;47556672829
d8a9b610-9dd5-4c8a-a2a3-52a20c4c7f15;True;c1e19ea9-4ff0-47fd-a528-1c2cf4a6220e;87262412676
0105f831-0e12-438c-9e8f-dff6688c5e64;True;3d8962f0-35d4-4ebb-b350-0d767ce61f55;13385518580
e97eaac3-b46c-4f88-9213-90521128a22a;True;77f7b210-f3b2-462f-8ff1-d4706c8bc32c;81452960554
6f75e4c9-121a-4584-bb44-9f447262197a;False;9d534d72-5b2c-460c-b7f8-889c9c00e013;29507117062
15317813-0451-4b65-b741-c17187063888;True;b4b8e215-9856-4c76-a920-18af5c56b645;99316053212
27e00c44-b575-4bad-828e-8cb83bb328a1;False;a0da2602-7b4a-4d27-9ac7-a45f7d76e144;75393752301
3158436f-7c3f-4373-8a0b-32c91ae8be01;True;3276cf9b-92ec-4563-92c5-765a3596a1f8;57359673540
23f33076-f8b8-4ec7-b54f-bd9a986dc037;False;ed19adbe-0f2c-42e0-a20f-f4a0b2b7bc13;96688432082
dd1e64a9-6470-42ef-adaf-03f27ef6dce6;True;af128feb-6e5c-477c-b8cd-a34bf545ba0b;27404658003
acff6a5e-7801-4a1c-bec3-7bba8469bcb0;False;19499264-5ee4-4d7e-aa24-1e36cf87bf74;16536694310
058ae876-e4bb-436a-9485-1ea8cab2be9f;False;27289567-24e1-4db4-9c8f-f14735ccb9a2;58592175393
ef0c1ef1-efb1-4e02-a975-d4bdd0c772e5;True;aa6a0edf-6187-4228-885c-ce90cb9fe5ad;80702942134
ae0c8cf2-3d91-4ae6-aa8b-dea6e853fb8c;True;1e9be919-6c69-4a96-8c0b-cfe938a51f7e;35440857481
74186b94-52f3-4484-8b39-0f677fcfa39c;False;34f54029-ce12-49ad-b8be-5def335ee49b;74571025448
38e1a34b-abd6-474d-b7c6-a7cc3e1946b0;False;808ac1c6-d8eb-4c88-a8f6-04a2fb8aa291;39917986029
531e75e6-6522-40e7-845e-19e69007c5d6;False;86077def-4b8d-4ae7-993a-1f89133c1be7;58944253200
c7edc4db-c94e-4802-95ac-7eb9c2fdffd1;True;79ed2ed0-2954-4d51-850a-7d9d3dbe418d;74916723640
287d6c3c-e2aa-483e-b1fa-3ff7af759c03;False;eb5ae5a4-4b85-4d21-9986-640dee48e34e;49943314636
b10628d7-7d5c-4d51-9606-c90991c3220c;False;8ac17a27-af09-4192-a392-426618fb327e;38177379846
44d742ab-a85b-4b85-a71c-be2061fc8d3a;False;8e83005d-56d2-4117-8197-0b1f5364872c;87834739608
6b841bd3-dc79-46bd-ba0c-13db97351070;True;38a615e1-7e90-4cd4-8d85-7638ec1ed690;25136476015
b6e92368-aee4-4e0d-ba77-5332f4e515c8;False;bd0a9823-8206-4ee5-b577-3e9bc38ce417;98538893185
44778bf0-3ba5-4869-ae90-64f674b084bf;True;fd5f7bf9-5a0b-4254-8320-03f24eab5df5;51521342615
63ab218c-6e12-4c83-83df-29a67c6a4cbb;False;c0956872-5c67-4c3b-95f9-b597a44d5d89;43914670816
da1767fe-925d-488e-89a0-89a75bb38f2e;True;eda066d6-5a4d-46d7-b689-5dd7c0168cec;41945804897
440c056f-375c-41b0-b04e-0c421aeb5e89;True;783ae371-0a6b-4c0d-87da-7bef49543cfd;89132689477
4ef303f4-263c-4037-8238-c3f2329daefd;False;9f66b3ff-9572-4552-815f-11c07f3333d2;91985576986
5b496f9c-0a70-4764-be43-3af0fcfb1efd;True;547d14c3-f195-4b96-807d-2ea38063a126;81324290706
51cd43a7-2806-49eb-afbd-39ee3b9aab28;True;8c2c4d10-4473-4ea0-9bb1-2a7ad45bfe74;49358734856
3e65bce8-4020-42c0-b478-93abc6612b7e;True;f8d72f6e-5620-4257-9686-1c08d447f51e;46625234629
7d15e45f-543a-4c4b-9ffa-90a7fcf0fab2;False;470ce379-9f47-4d93-b582-b26222df37cb;94976541222
37cd7693-9610-4209-92c1-376967a9bfa5;False;690bb5a5-1936-4bd5-b930-4f76e0ded7cd;73326720484
9e39b19d-c55e-4112-b29b-e7fb4dc7c3b5;False;9bb1c683-1bfa-4dd2-9eba-245f7ec021c7;95502891414
89386883-2ee2-4d14-a651-9416f4243f4c;False;88b2ca87-7115-4ef3-86de-75eb46c8083a;64696155056
b71d2548-dd36-49fe-b224-6f974ad8f552;False;2225257b-eae6-4d10-991f-e9f3d377e680;90727386496
145d738d-f411-4329-ac4b-a389d756c774;True;ef05eda8-15d9-4eed-8947-671865e25b97;12741240369
e9a586b5-989f-489c-a65d-86fc02640559;False;2e8ad7f1-6759-40ca-9e6d-243a28f94776;55299214721
61325d43-0978-40de-b367-a84797392eb9;True;ce2feb7e-a542-4fd7-99d1-e313d8afb81b;52326358113
51878d5e-9821-45bc-ac6d-39ee0438d61a;False;4c0f3359-7a02-4446-aa5a-d427357be6d7;59736997309
2214d24a-81c1-4e3b-a9f1-c0f0e1f94314;True;8c89f92c-9026-49e4-8c31-b3a4c4ae8df2;88523097471
f67181e3-4cae-4b45-877e-a101ba69a067;True;0acb6ad7-e903-4035-a427-14d095b178fb;86000005518
5c2b18fe-3524-4095-b16e-85a18dfbd52d;False;dcb52680-89bf-430f-bc86-47d6b69c4a0d;75533483723
98089c65-98b1-4ad1-8928-eeea746d3bee;False;1f0f8357-ba1f-4600-a9e5-e160434f5e21;45275896159
4cf202de-5a74-4d0e-a601-54be4779d4b7;False;b9fc35bc-0598-4c58-b743-3a59c9e0ec0a;87728478256
9da5ea27-bc37-4783-8d64-ed21c87a5f57;True;065ff4fd-2892-4ded-ab69-4293768fd27d;46403161890
ac22a27a-e9d0-4b27-a552-98c4c1108f99;False;2dcfbf8a-a601-4fb9-962e-10b2c1b458d3;94139419803
2f759903-6a3f-4a4c-b2a5-6b84359e1843;False;c4739e2b-7f4b-410e-820c-04a59eabc52b;74705145339
91a47f4b-1aa9-4f41-959d-86eb5adf7b1a;True;a307afc8-a2aa-4889-90da-fd99ce3a7447;61759735865
f9001b8a-fac9-4db4-bb4b-119495994c07;False;34c6a418-b19b-49bb-b7cc-28bca4a81d01;94139419803
f6a8f6e8-1fd5-40d2-b156-cadd2ec88012;False;3fb62214-13c0-4793-9f19-7abee58563d3;89160471438
37ff5052-8810-4373-8992-22ee4aae478b;False;696708c7-8d9b-4c26-b96f-f7bc60cc5bf7;13797641677
e9affded-9ede-41f9-aeb5-b05cbc0b7780;False;c34ee6f4-cfa1-46d2-993d-f465bb60253a;81171250832
33efcaba-3e26-46a5-bba3-11b53af69e32;False;12764500-e4a2-41e6-9a0c-4a6f7c4633ea;82639793790
d86326e0-4f2e-487e-aa5d-0e43d4da008a;True;f3686a67-6fc1-4b10-999b-bddb61253449;91327492603
e52f8a8e-3a1f-414d-812a-c0f4f20ae210;True;6f546af1-aa4c-4cad-856f-555a0216b02d;91163854021
a4f1ce26-81fb-403e-babc-6dc2535953df;False;5f17a6da-0f95-4c4f-9d6b-a18471b70b76;89212656928
559f4502-e87c-4702-bfe1-be9dc4799bdf;True;8c19c1bc-ab79-48ca-8de3-92056d4c0796;76788886096
ad8c3411-53c6-48ed-b56f-0dd236256097;True;5dc6f931-487e-4bdd-b2b8-2605e753d992;43327777344
76d77d01-5010-4493-835f-bf63008f099d;False;95186b1a-c1e3-422d-85bb-52e54d3ccb05;88615783424
398603fa-572a-4f98-83ba-4fcae68e934e;True;3926c228-0b42-4204-a2e4-caa91eca717b;74665078778
070416ab-f60f-45af-a973-c1290d19d5c2;True;41b8dff7-c111-4ca8-9e74-73001eb80d06;74413367384
c95a284f-2edb-479a-8939-74b8b2ba7afd;True;d492e166-3fff-4660-8d3f-7170b984a42d;98435636278
8ac821ac-b20c-445d-944b-990bc96c58ee;True;cb3fa6af-6a21-482b-9408-230fe37c986c;45187144573
e9d2587d-4f90-4806-9e8e-0943073e0604;True;c5423ad6-5c4a-4a56-be44-7adc8e3915bd;17752323383
01e5be54-7bbb-4fc3-a807-14f5cba33995;True;03e87ef5-1a68-4227-8fd8-ded65061b432;78006217168
fbdf9b80-02be-43e9-9e6d-f76623fae885;False;11f09a97-0e3a-48d0-862a-927a92b6fca3;59657370888
65580b3e-5f94-4ac2-9bc4-c3b1ed78007c;False;af059153-c408-4b75-9eaa-08639a6ead8e;49560113433
f144d187-e2ee-495c-b956-012e001392d1;False;3fdd6a7e-aa19-423a-93e3-b991cf6a94f8;87159456904
803c5424-cc0c-49ec-a424-76656ecee836;False;6c8c09ca-cd27-4919-bed4-b39c392f06bb;76625105297
c847991d-bbdc-4857-a9ec-338a6c1320dd;False;f147c9da-6430-4f62-aa6d-eac5dd17006a;80185868691
47a40065-8aad-4674-af38-2fb1e5029a7f;True;114b45d4-14a1-4ddf-a637-1be07f94b198;33571487654
167ff60d-b28d-43e5-ab5c-bfc5e13372b1;True;77122675-8e33-4918-909a-d941f74800c5;29300091402
01a0fe6a-397c-49f3-b3a8-66b909755330;False;ec94d764-47c8-4adf-bc00-6eed699ad41e;36537708641
062aefa0-1193-4f18-b6ce-2c513adabb71;True;2ae4acd3-1e5a-44b0-bf8a-70c4cc5c0046;43327777344
76a7c3b8-d8fb-4650-9741-e772b252bd96;False;d90a0ed0-c23b-4744-a727-f0e87d861faf;63695216566
a9358265-303f-4965-a12d-a6c0af11e445;True;219f373c-0917-49b1-aa7b-e467e496f54a;18534400173
88f81c76-848a-4819-b53c-6794747831be;False;03320f49-0d91-4825-8ea3-9c3490d9d399;38850546287
c4d87998-c641-4499-907e-f5205711a935;True;1d201c86-e2e8-4a6c-9827-e452dc5ba2b5;63273902398
77d4e72f-e4c1-4419-b70c-a76cbfc9f39a;True;793c57df-2ff3-4801-8233-935d12a7642a;96752586786
424ee656-e7a9-481a-8f53-cdab82aa1e52;False;22a40b9c-44d1-4ac9-9098-0007a0188b8f;12434335636
51da08cf-f21b-455b-9e90-0a7e239037be;False;aa24739b-1f54-41d3-8ce0-21a966b75fff;67989312997
c94729db-75e8-43d7-a8a0-1e12f156273d;True;cb00694d-2587-40b5-b595-7ba5451c3878;24178233517
602fc602-0c08-4074-90ab-c97ca2a779ad;False;8a198dea-6208-43f9-9acb-58453c6eadbc;40043320291
36ff4bab-9b6a-4015-bb6c-5ae8e77c17f4;True;0e7f4004-2049-4d25-bfad-6c478ce6918d;74705145339
ed4b78c0-11ef-4874-8a32-3543de40420f;True;fcd727a6-66a9-4c9d-a946-2213ffe36cd0;69725517213
fb85f201-2e03-4927-9371-87206fe057de;True;9d8d5244-0ce7-43d4-b188-5c6e9b51c100;14111432947
01c0543e-6cf4-412b-b667-2d33eb1efe20;True;b8febbd5-48f5-409f-a645-6ecad8261564;13343304695
b52c1223-b5f5-4115-84a8-e16380b19558;True;648a1cd2-2e6e-4b66-92f7-f5c8f6d13830;53048201346
546ebdd3-a35b-444d-a34a-6450a999b5dc;False;345d16e6-e460-4710-baab-d886f49abedf;45228328619
99f7f78b-ad85-453d-a9b9-8fbd7f987e72;True;ef80564b-3ebc-415c-9190-7061930ffeaf;81324290706
08a5db98-479c-4f9e-86f0-75651d40a455;True;2c8de845-b6f3-4204-9132-cfef8bd9ac01;35449030343
88241123-6214-42a2-af89-afbbd120a79f;False;58672e7e-1c8b-46f9-a34f-c626dfee4d7a;31000518384
2ceaf47e-2c25-4290-997d-e43b72493a5b;False;4bbd890c-5b69-4c9e-a104-ce3e3a5cf6eb;90945194545
31801198-818f-4567-8736-b2971f1de287;True;8e46bd2f-84f1-4d17-b545-884fc71b2308;46625234629
92b42828-14f5-4787-974b-05c1c4cd2fab;False;51938594-2af9-4460-a68d-95b12121e732;59850805405
38216290-edae-45b3-aac6-5ede8dd0429d;False;b5b6133c-c269-4dd7-b24f-6eae2b71d590;24898074180
f4a34b98-2225-4627-a0f6-d8c0084b0673;True;8a703362-33b3-485d-9405-9002d166b426;62379393134
ba31a02a-ddaf-4c5d-8e54-f17f515d1371;True;7bc0e44b-1c7f-4ac3-8ef0-96e4406b9e57;89237566783
2efd8ba6-85c6-4a8f-85c6-7d5ef9f580c8;False;d5db51fd-c524-4753-8b4c-966bbdefc3a8;70279349906
e3ff7ee5-ba93-4d0a-9583-d1ef47eea571;False;253203c7-771b-4baa-acca-3282deaca1e1;90376999090
98f87bc5-7aaa-478e-bd93-bbd6d6f3c1b9;False;b0c78bd3-6e99-4fcd-ae47-ac510fe2e850;20882006009
342853c7-f979-4364-b3e1-3a709a3755ca;True;ac3d915c-ad56-4543-8b1e-df3ce7d59ae6;93069635812
e519a025-e523-4892-bdf9-785993b34a69;True;d183b60c-0d49-4323-a7ca-0129367fa674;44322858420
71c437fc-b173-466f-9f2d-5ce74e3375d0;False;2d705a7e-03a0-41b0-98c5-0331fb7ca0e0;89967969506
a7f2c030-7111-42ac-8e13-b73664d586da;True;d5cfc756-7907-42ce-a820-0dce0f07cae8;17939205174
394c10c0-8c65-40d2-ba73-8196fbacb4bd;True;108b8fdd-f301-44b2-8769-69192f62d834;30663015295
7bb85e9d-c759-48e5-91e5-39ef768ef029;True;3e3422ec-2b53-412c-afb5-a320d4735dc3;72829061931
77295da7-f0e4-4cdf-94c1-c3d759c753fb;True;6c99e326-4d4e-4f03-9d2b-c07b3ccf3a1d;47711040692
a96da9b3-aac0-41e8-9325-25e55c39004d;False;e167a771-6879-4d05-ba6b-96b6844f86f1;17031102327
f716029f-8a5a-4c7e-b241-6a299ef89018;True;25324783-1703-40b4-a755-d55f6ece459f;75600309968
d8a6324a-53fe-417d-9230-b11277b185d3;True;4a15cc77-cced-43ee-88f7-18d1784c922d;16705763497
0e5fd874-691d-411d-b661-277a9490e3c2;True;57ff2d30-e6da-477f-9abc-b93df2bf8e04;69356672944
2d388316-2728-4bfd-ae45-db3c0666aebd;False;ee294ee1-fe4c-42be-8c41-f8f659b6f692;72535017178
cff7d445-5258-480b-b41a-b5e9f2288888;False;31080738-4c3a-4837-aca9-a1d8bd66fe90;76475776589
ce2abc29-a03b-4ddc-a859-517d11d6f3dc;False;3f387a78-2dd1-4cd0-ac08-8e34323393df;58520108212
5493bb54-b47f-484e-8f77-29b443286601;True;5a8c2e27-5c92-479f-b2d2-5666dceeabc2;49909341620
cfbb2742-7b46-411e-ae3e-3ffeec009e87;True;7875dd37-a159-4fb5-a356-d31219a341af;45275896159
e44c50a6-42ad-477f-9d24-acc1d1b89921;True;2c286663-9804-4833-88d0-da9d802c00bc;91163854021
c642a2bb-df7d-4d27-a119-94873037236d;True;bcdf8058-ca9a-44fc-b4ca-1b1255e9708d;85217193777
1bc9386e-db89-4e6b-b5f4-f513b2f5ab5b;True;d8a2f2c2-2a01-420c-a0f9-e805f7d05ba7;91528315357
fe61f310-a4de-4fa2-b4f5-74110a546e01;True;3f0a9278-3cc6-4a5c-a7f2-a06fb52bb3c0;85449674106
deed9e95-a23f-4ca4-8f97-ee4204ddd0db;True;da60f678-baf7-4306-91e3-3ae12a8e9fc9;83946875690
29593784-48cb-43eb-ae2c-be24a38a2cad;True;8af5e613-66de-4d14-89b3-5ef824924dd1;55328886419
32379307-b178-4262-baf2-693e9042d679;False;78ba5ad4-05c2-485f-84fe-761d3c2ccf62;11922043793
03799f93-406c-402e-9d8d-d7d75f64700d;True;adba503a-0830-4c8f-ad0a-c3b8f02133da;20031984456
ccc5789b-fc71-4fe8-8efd-1ad1d8849570;True;51bed998-30d4-4e81-b071-af7b7b2b4434;48515402957
a60776a7-d863-411b-8dc9-24a806f394c9;True;04a8c5cb-96a7-46b8-be10-67aacb6a8ed2;89047608871
8b2cb86c-4d9e-4d0d-b20e-486580172ba3;False;cb75a263-4b95-4cee-b859-2c6bfff44ae0;78721049778
23d7dd84-016c-45f4-9187-7ca86bffd59b;True;3fbe2e8f-dbf2-4c8e-a6cc-aa3f9506ea87;57147693498
94d8d955-27b0-42ae-a49f-ae8660dd2dad;False;27818f82-6ea8-4f5b-9abd-14944fa376ce;43231863307
9dc5e7ba-cc3e-45f4-9175-099876a5135e;True;a82282fa-668c-4bc3-a251-608143ad7b1f;20345452897
cfce332b-a923-4ce7-8b40-1c0572f65247;False;e091c340-7a46-4d24-b575-09dbaca91ca4;30733289673
5d218c26-2c38-4dfa-b65d-42c85150a2b0;True;a741e267-dd69-4167-aa43-4b671a2fb5f6;81620336512
a020f5bf-ff06-4bf8-a685-73106e660c28;False;7e445313-bc90-44b8-b5f7-c30d32a752b9;29326666920
35b5db9d-8d89-4641-80f3-a52d6f1aad94;True;4564d0af-bc6d-45d9-a484-690786519146;76157955916
53d5fa57-d012-43dd-aa20-dbaa0d8f405e;True;8770c89a-3033-4323-a9ab-55e601fc8c5b;82574271353
345bd892-3f4b-494a-bb5e-024e9504f3f2;False;5e09f55f-c54d-479e-8998-b365af257234;98435636278
e3a4d23e-ad36-4651-b3d3-56086f21f95d;True;1f93afc1-cc29-438a-b95c-c7a60812c1bd;47411416059
f0ab0e69-5b52-4bf8-b087-67ed59f2feff;True;c164178d-5fa4-4d98-909a-f8ad32f17312;48669767862
d3c07ebd-418b-4168-9a7c-0289fb394078;True;29f1969b-3136-41f8-8fa3-4fbfcdca3346;97080683771
98b13f51-68d6-4ab7-858b-4cfc9918c64d;True;54022438-dd6e-4ffe-bf9a-8064c02b9d64;39293700568
bf9254e7-9a0c-45d9-ba39-c86789da0415;False;09151a50-306b-4830-843f-593d77f3999c;73445670495
0cd8ec54-0236-4989-9849-27c834efb809;True;a927926f-3c47-4033-a7c6-0e1c6be21d9a;84272101411
519407c5-4e03-4cdf-a606-8f2bdedf54e0;False;d180488e-5ea8-46cb-99fd-05ce678b3854;94846184924
8ad44ce1-7981-4643-b2c5-e40ded94d0fa;True;e3ec7b20-f239-4b93-8d0d-3dd5e8b1f55c;61759735865
ecefc381-6b0c-4c13-b72e-3e099ffafc29;True;9c982a5d-3dc2-4b2e-933a-b631ee1e92d8;74269547222
95924b2d-ac57-4610-b4f5-20964a8adfd7;True;d0d0669e-a9b2-4b3e-a50c-892db4adba6a;70839327422
71b427ac-dd48-4dc8-8a02-06c7a9d37c5a;False;7b236323-ddd1-4e34-9a6b-213d4a209635;53093025191
fa32e2dc-163b-4178-a922-899e7c564a55;True;e46c5c1d-e87d-4a7f-8ecf-61e149f50004;61376000992
7d14406c-732e-472c-bc42-78590c838db7;False;d0a09ca0-4783-43b4-960d-f414b9446f77;48515402957
96fa8239-9c02-4a4a-89fa-b47e33674f08;True;a822b867-c11f-4d77-a991-2e4206984d5c;73972599557
dcca79a0-ed79-446d-afca-aaaf50c38eef;False;068598cb-f3c8-4121-9b0a-fc43ea12059b;35932908833
f57415ce-50ab-4fde-ad47-c058d617a987;False;eb491777-5190-49e2-b544-6e8642f5fbf0;53540723639
6fa5ce1b-ccff-4365-b197-0bec62e9df14;True;4a5ea3da-bb1e-4153-93d3-4cc407074542;43327431808
db2a076c-3f8e-48d5-9107-e2acaffe9284;True;92f8d895-5a0e-4d83-bb18-d21a7991bad4;70699105128
0993896d-16b0-4459-99e6-ccddd4de42ec;False;638f3458-de6f-4a9d-81f2-bb2aa5b93244;90376999090
036b3275-ccc7-49b6-8326-035828979666;False;f22508f7-1d52-46bf-ba09-340533d9b487;62083879016
168b3dd5-74db-45bc-a213-e9a486735444;False;96a49771-1a90-4c9f-88e1-8c333765946c;10397408915
007a14ea-0202-4303-9a94-735fbaa23a82;True;6181f0eb-3e9c-4ce0-b768-17cfadd526e3;61944158358
622a0232-7e94-4c4c-86e6-706295c19294;False;56d3471a-75fe-49a2-b3b0-0b791562b3e8;90945194545
8602c940-0f1b-4324-90da-b2347597b059;False;46f6e054-34a6-461e-8be4-1a0c594c9ad7;98986060459
7a96c46e-1137-425f-b6af-cc3b82a2f6d7;False;aa7a1b17-c12e-4936-878f-8bf65e54626b;58168749853
c816f0d0-3d79-4f58-8542-94eca239d228;False;0e90d6ec-7070-471c-bfed-f2a91e46b34c;86000005518
085052f3-9e2c-4e74-a605-4886d3552c2e;True;086a6ebc-91f2-4a87-a2f0-9ff301b29420;48317198278
02c064ef-c9d0-4727-bb82-873fa52f8ae9;False;7bb50d40-f573-4556-885c-af7809971372;91341981097
7a5fc3e8-569a-4ebe-81dd-dc21b50b53a2;True;4bd65315-cf30-4d7f-aa15-a37052cfc6f4;29261861965
c4773f48-72fb-4727-992b-c9c997b65399;False;33744bea-9590-4c35-9d14-ea76993800b1;32650949560
573557e7-c06c-4a61-a1e8-33c6e41faea0;True;add57c9e-8cf5-4bd9-9ec1-3fc90379eb34;10291051962
90edb9a1-c0f2-416e-a902-16127f95de05;True;88b0020f-a2b6-4721-9c41-abbe43f37f0c;21439590388
20ec806b-67c7-4b29-a14a-a3306d6cf02b;False;cd5607cf-0fe3-44b2-9509-a96fd372220d;37745623755
3e005d02-986e-4e93-82a2-dba02ed1064c;True;8a8057a7-0e2d-47f4-a888-a8d3f289ea4b;75393752301
8f25eb35-60b2-4a16-8ee6-9e358cd87065;True;334c4625-6bb5-4809-ae57-cc5098e5d42e;30249871604
5be71d11-e2c2-4119-b6f9-5cce05cf6a73;False;5f474f36-c0b4-485a-92ac-babcf17062b3;14410625833
fa4bd8aa-52c5-4bcc-a019-47ca6dfca3c3;True;88f4ecfd-97f8-44e8-a559-3664e88e2242;74664118434
39f81afc-d5a5-4e5e-95dd-e7691fadda27;False;0a5d2d07-947b-4bac-87d8-33fba87d1b60;55462388651
474241a8-d0c4-4b55-8733-027481d6be87;False;c798b386-bca9-4fd6-a7cb-fc92fbaf1d2b;45684950352
3000e8ac-8f47-4154-a342-4d0193635b53;True;33ebec80-e7ce-4ae2-beed-1e04e46c7b4b;89575478365
b55c21fb-56fc-4f97-9899-0769ba3588b6;False;184a0a89-7ef9-46df-977c-02644c538568;88948706256
d59885f0-f55d-404f-8672-8bbe7f1e7c00;False;10f010a4-9447-44fd-b16a-0421be3c4493;22407735918
c2417e98-45d8-4cde-a9ac-3cb807c2a9fe;True;7fa7d19c-cfd3-48b2-a9f2-ac8c4f1d4927;63900510410
ad481916-9b67-4867-89e7-6340f8f6a8d1;False;bb8d0cc1-a7c5-4492-8358-44831a8382f6;97462908898
45ae7797-2b76-46a6-b12e-b6c49436d1d1;False;79fbf543-7cc7-4d13-8a4d-d9a0281c2b15;37521679627
20f98823-4eab-456d-8669-a1b29ed43a65;False;243dce40-0db7-464e-83a7-2a383d174b42;26590152787
1094f9ad-eff0-49fd-aa77-1b621cff271c;True;c0925332-d152-47e7-9227-7047d8b3314a;69571456438
fb2b9014-d8ef-4276-97fa-9fa8305f3cf8;False;aee0e9f6-bd4a-4514-81eb-47acc6377f22;46625234629
6fe42d24-8fd1-437d-96eb-943882bc2a7c;True;a5e63ec6-5799-480a-bb7e-0c3b6af160d4;44019244241
3c97367c-29b3-4a4b-bc06-b9a198deae7a;False;32538297-509f-4f35-8673-60ad4c34b14b;45160553291
4b9c857f-2039-4d75-be1f-bbfa8bae07cb;False;1d0dcff5-beca-4103-a4fb-6cdc9306fed4;24690036971
5cc444fe-7839-4456-9e3d-68422ea2b593;False;878ac201-b68b-44ff-a7c9-8035839e214f;29067392857
ff032283-6911-4045-b6f0-591e78b00a7b;True;9ec3f14b-6be1-4b91-b186-d241ea33562c;69356672944
a7be3be4-165a-48ef-b7cc-f71ac9ca1ccc;True;586b0905-ae2a-46cc-914d-35be8415e1c1;84386713317
258d38be-e5f7-4040-a98a-01175e18421a;True;8dd544af-06d2-4977-8d6c-8bc0c073b163;65779992843
f5c713b9-3618-484a-a314-59c814eb8624;True;ea021443-6256-4126-ab3c-184464ca9fbe;81324290706
1b00cadf-4f9c-406d-b3ef-73234e38f0d8;True;22905c5e-7de6-4d0a-ae97-d53260892ca5;12624838735
0f540e63-ac90-40ac-ad8c-17ecb8570d9a;True;00593d9f-2f3d-4bab-a78f-50dbaaf7cb42;80672597201
280aae8a-1465-4eb4-b75f-7a57caeb7879;True;40760f6a-8882-47b0-81b6-c0922e428631;57021359126
9d0908a0-c418-4dfd-9aa8-975e3f16463c;False;93d3310a-5b47-413b-933b-998cfb936ae9;79098822198
0e5e7e87-4913-41c3-8973-91306a75a237;True;e7d73097-db97-4e70-b3b8-803ef56f2fd1;29326666920
3e7b2058-74ed-42cb-b2ec-f996ffa7b750;True;d1800841-f084-4655-bab8-8e1dde6d647b;82699882334
62f7e847-c651-4e87-8d6a-7b57ad8904ee;False;839738ab-0c33-423e-9862-a5dcf2bbee55;77450375486
03843499-d8a2-47e6-9ffb-65664b8ad774;False;90ae2177-45de-4d53-a45f-1fd09105994f;92019544930
26bc91ea-cfb4-40c9-b315-708f6ef8f7ca;False;dbac70f8-2a8c-460f-96f9-58fb6c1cbc4f;47184873801
1e563576-b300-4895-99c3-30014ce22765;True;fa691942-c409-4adc-a969-2e8799c87410;37844449713
9615bf5b-1785-4bf0-a5fe-c50676b54589;True;b963f395-4e45-47f2-972a-1c7bbe0d1e0f;57480451030
34bfa0f6-02db-4c5b-a8d2-75e46e64d1fd;False;a5c71981-c2a9-4acd-993f-3ac652f1974c;50440757262
9a4cca94-8483-4d18-a688-b7076d09cbd0;True;330d0cad-a277-4621-9681-a1d6484126d7;29507117062
e888f532-1158-4ce9-bbf4-952817ec873e;True;7d1a0dcd-ea25-4771-8c81-022854a5f67f;33458623327
31ee0a6a-bf7b-4f53-bd13-1de07031f6fd;False;b178f1d9-4285-4666-9f38-382bbd47ad5a;21707375517
55cffeaf-0e9d-4e55-b56e-c2b77c844c92;True;ee3b5561-8581-4cac-a1d4-440511f4e18f;91528315357
982aaa6d-12f9-4851-b10c-c264b9544236;False;a4319823-867d-47c6-ad5a-8b9ab2573acb;84272101411
e15a42e9-68b3-477c-a00a-773dc850bd0b;True;dc500e1d-f4ca-4c7e-803e-830edad01de2;58520108212
f5e88f81-d8b1-45ce-8754-238aeccf4861;False;003e316f-2446-4ebf-ab0c-331392685a9d;61669829138
364db796-824a-4fa0-bf1e-d0b55c2f745d;False;a74ab77e-60a7-42f2-b23f-fb07b04c8328;43830384289
b1c3b0f7-077c-4500-aab3-83252dae4db7;False;46235b33-9a96-493a-af64-41b502e8ed32;89972284649
a6f1a4e9-b04d-493e-84be-542eb1b4bade;False;fbdac149-a176-4c6b-9de3-566fe617134d;33137052785
2ddba399-95c0-46c0-94ce-ca509c4de932;True;4b1053a9-267b-481a-a510-8e42fdb3a3d7;17068754137
0c9164b8-4de8-4af7-b2a7-271f27671db1;False;b4408b68-0239-478a-ac0e-ef1a445a2ba9;85476305022
382be06f-8aa6-466c-80f5-6fc9eab4df1d;False;18042deb-fb34-406c-a380-1e5660947873;14111432947
5b46bf52-b428-4687-974e-aa2e3eabc93f;True;a2d67a87-e956-4067-bd35-6d07cb8e9df7;61310158215
1a13e681-7577-4ecc-b3db-e9817cbf8de3;True;4953150e-fff6-42f1-bd8f-1182a2239d96;42668437391
b33ec390-ab0e-493b-b4f7-385d60b1db51;False;028556c7-47f9-466f-96fc-16b1f01dba14;25606882151
fcfd14ce-08d2-4910-b756-a8a57c3e9ea7;False;0022ae8f-01ae-48ce-937b-7e8d70923da9;38850546287
cf3a9990-a964-435b-8f13-278f35980ed9;True;3ebe464e-5ea3-4ba3-846c-5afd6ceaeaab;73445670495
d4764f71-700d-4474-84e2-76dbcec94205;False;df70f610-d8f9-44e7-b92f-61922e7fa9df;42242167801
07a5dcec-77f4-484b-89be-e1ebbc7ea75c;True;56bf2d6b-272b-438b-971a-97ca435d7a5a;89581373362
cc873147-8d65-4a45-8a3c-008d19da4a9c;False;8a216860-a260-429f-bcaf-0eb35a808332;55917213241
ac684b95-8b90-463b-b4d4-a042cb145311;False;166033f3-ac28-4283-90ae-e6a2fe2916fb;23090269670
24638bbd-4afb-4d75-8de4-889bf8ff3677;True;66b55797-61f1-4be6-aae9-bc95dc839462;22944773009
c6fc84d5-ae10-49b0-963d-6563a074ac78;True;e880af8d-7b50-49ea-a91f-1fb89e16e684;71573269271
b8a24bdc-7e97-4e91-b41b-c958c06e291a;True;bac210d7-cbde-4869-8087-8f93e5823a6d;40712352809
d3a89bef-15b6-481d-9fee-fc78fdf9b963;True;b9d09a9e-ae81-4369-a98b-6ba3732e34fd;13385518580
8c4f56f8-98d7-4bea-ad7a-6a5c069ee975;True;b3a68673-2594-4472-8c58-f49bfbb3f33f;15192206845
11726ca6-d334-4b91-b877-69244c44dc4d;False;2acf4db9-cbc0-4f35-9f50-611069fc3a06;10771989348
efeb6bf5-7898-4214-8b6f-9a9a0b90426a;False;efbe9e24-65c7-4187-a359-1947a0a6dde9;14089141829
eefd7b04-e16f-4853-b621-f43dcec3b321;True;8792a9fb-5494-4c64-b4a2-83391d75099e;84907716240
8cdb155c-5bb1-4911-961a-112fd1abb9fe;False;6a01383f-909b-4498-a56a-4c72c56a6226;13067502193
7ddfdc2f-ee0a-4796-a2fd-01f0fe92431a;False;f97858f0-cd2a-481f-bbb6-6f4934a738ed;72615752360
32fc11e1-d48e-4f6b-a990-eaccdaf34118;True;ade3f66b-74b4-4fc2-b8f7-281ad83d602c;97370239611
0ea7f4e5-2013-41bc-8337-f08d1413c1e9;True;05ac3f4f-c533-41ad-9f72-1425fba2bdde;18109522217
74359768-c08c-437d-a050-813d529ba257;True;34825802-ad70-46e3-bcfd-a85bbb6a0819;58168749853
c4f42e41-d2dd-4c76-8a43-f21ff68f4e7b;False;54d839f9-73f9-405d-841d-937213527f3b;87932536047
feea4eda-8ce3-4396-9d27-9b973f57297d;True;22fcf24a-677c-49b2-a77a-143a54bf6860;14679225521
faa3315f-9ac2-4e83-b7dc-1df5cf202a9f;True;36d251b5-5b8a-4067-a81b-79f37f514f67;49908717457
2f3c8db2-3f9c-4443-a24b-2e81b5e506f4;False;425877e8-e072-45d4-a650-885d07fb7830;67989312997
83dc1e4f-18ae-409e-bb7a-81284ac76544;False;a199631b-7581-42bc-b059-5baacc019540;96543982224
8e29071f-6ffa-4d4a-8353-2deb3ea5d64d;False;2e90f783-3125-45a0-9d39-004910585211;23406056905
1d1735d0-67d8-4164-8bc9-5b8fd22b9b4d;False;cd53ad6e-3703-43b8-ba56-24c742076669;17031102327
da833551-8fe4-40e7-a303-a16adfa3ee24;False;596a203a-d73c-4b58-b85f-68ca2d1df94c;40043320291
2c552aab-d243-4bef-aa4c-666bfc9a3128;False;3e297eb6-15fa-4d0b-93fe-d41d67ca8df6;79628749329
11ff992c-1331-48f8-8346-de9f086b4e3a;False;e8c3ba25-e8c5-4b32-9062-a12e3cc4fd01;97982310717
771083b6-7cee-416f-998a-d835069ec2b6;False;ea8397c8-6a87-4a5d-a07e-ce70962b23fc;55852141954
d656c526-dd62-48a2-93e1-7c1cf42e0273;False;58c0664f-071f-4894-a13e-3beab78c01da;91438949920
9c6e71b8-e668-4f03-881c-2f7d8b26f53e;False;6c780264-8343-4432-b857-6f24dfc99ffa;39049803780
1c886d92-5742-44e1-bc9f-768e6fc2f3f1;False;804c4e40-5263-42c7-9c85-4207627aaf43;72886469416
1080f65c-8914-4b19-96b0-331d74cc4cc1;True;150cb75f-8de4-4e60-a662-d365a6352065;88615783424
8851d6da-71c7-4173-a8ea-78d4d5fc33d5;False;00296c69-7ebb-48c6-b2d6-9d8403b15766;42489473377
0bcfda4f-d6f5-477a-a438-7ec677e07665;False;550d1551-94fc-4c3c-95e3-ea10bef166a3;58793687932
d00dbb3c-ab3c-45d8-8860-d1cb4d33da90;False;42255ee7-e2da-45af-a501-7dd57e277020;73726573555
7c6e8d68-7f4a-43e6-b846-bc1143a0bef1;True;a1a6e612-94be-4c51-9e65-9d2902ed1365;84400439031
699cd474-cf9f-4582-96c0-3575fdd120da;True;937ccb0a-dfa1-4be3-92d2-74dac355e5dd;28673721732
a54266d6-8ff8-498f-bf3f-46aae4b4fec4;True;4550d03f-6f3a-48e7-ab44-67711fde47b8;79231962211
f98cf8b4-ee77-4dcd-9836-e68cc101c895;True;302e7f56-5110-40de-8e28-d1a4ef10af57;74571025448
0bef427b-8743-4467-a0ee-31131692bd03;False;b207ef24-9105-49d2-8239-dfed7de79f39;54700743492
0ce2c7e1-7482-4e0f-a67b-e8d29d52937b;True;b7ec4574-21a0-4b9a-891d-a5813d44ab1a;45187144573
d9a9578a-4948-4db7-820d-89a21280cf92;False;d60ef3e4-3b40-4309-9452-9608176e172a;26041282411
c0f3bd80-7515-48fd-a5a5-1ea60bed9742;True;5e35c189-2948-4cd7-b4ed-e1d15bc7b6a0;68065557030
36c60d14-453e-4290-8ae6-f41773de38d6;False;d67747d7-a42a-4639-8050-66f7aff969a1;79921104333
91574995-d8a7-49a7-9df4-464924df16b0;True;a4061323-4e3f-4761-9cde-5c90a83fba82;54813432218
2d533283-55c5-42ef-a3d7-d28590f83a3e;False;c7a65f02-70c4-4508-8c98-ffbfb369cf50;13797641677
a74a89d3-ad3a-4e97-ad49-cf6e6b476d5d;False;34f017de-9a31-4a7b-ab68-2e7b82576904;59601290039
d5508842-9d83-41bf-8f12-8c3b2a42b325;False;e9e094ed-fb54-447b-a446-5e04671e3c64;16955847850
d60ce8a1-7781-4ec4-87de-02322a0807be;True;2a326521-f99b-41c9-928d-c8b328a18508;57480451030
6dc0287f-a728-473a-9fb0-9a7bded223e6;False;764f0b68-f54d-4335-9334-1d9ea68c972e;76633940853
6ebae4e7-c480-4f26-a114-7a6b4d271d3b;True;271e7e77-d7a8-45fe-8652-e01b94525105;35932908833
8c885fc4-2af2-458c-96b9-555e33e47864;False;ff970e4a-58fa-4f68-892e-509deb372e6f;17197210014
19255286-2602-4f04-a141-1290eacfe8f9;True;020e0e35-de31-45cd-94c4-e49b8392523b;35911252417
9cde75bc-8bb6-41e5-843a-21dc6eb2234d;True;f74e5813-e9e3-4b74-8c1e-93d2a3d663d2;80202786382
dcb5502b-a123-4a00-8276-74f96f7064e6;False;94dfe07c-0841-4ed9-8acd-d888f9b4d204;78721049778
